{"type":"FeatureCollection","_note":"시도 경계(화면용) — sgg_precise.geojson 시도별 union · 단순화 0.0010° · 섬 2.0km² 미만 제외 · build_sido_geo.py","features":[{"type":"Feature","properties":{"sido":"강원","name":"강원특별자치도","rings":4,"vertices":1837,"dropped_islands":124},"geometry":{"type":"MultiPolygon","coordinates":[[[[127.09659,38.28577],[127.10044,38.2843],[127.10371,38.289],[127.10761,38.29005],[127.107,38.28778],[127.10278,38.28646],[127.10191,38.28471],[127.10797,38.28504],[127.11374,38.27975],[127.11537,38.27993],[127.11438,38.28215],[127.11696,38.28297],[127.11752,38.28765],[127.11277,38.29085],[127.11082,38.29536],[127.11987,38.29889],[127.12748,38.29906],[127.13201,38.31422],[127.13667,38.31506],[127.13877,38.31345],[127.13242,38.3118],[127.1318,38.30829],[127.13907,38.30408],[127.13475,38.30402],[127.13543,38.30139],[127.12971,38.29945],[127.13382,38.29823],[127.13671,38.2942],[127.14058,38.3022],[127.14142,38.29866],[127.13983,38.29582],[127.14396,38.29463],[127.14298,38.29297],[127.13933,38.29356],[127.13805,38.29006],[127.13928,38.2882],[127.14176,38.28892],[127.14137,38.29064],[127.14321,38.28924],[127.14954,38.29335],[127.14499,38.28726],[127.15073,38.28734],[127.15317,38.28967],[127.15635,38.28682],[127.1523,38.28225],[127.15178,38.2847],[127.1503,38.28372],[127.1443,38.28552],[127.14379,38.28693],[127.14107,38.28665],[127.14107,38.28424],[127.14397,38.2833],[127.14078,38.28228],[127.14205,38.27876],[127.14422,38.2816],[127.1461,38.27891],[127.149,38.28133],[127.15064,38.27967],[127.15483,38.2809],[127.16361,38.28448],[127.16179,38.28565],[127.16362,38.28675],[127.16568,38.28588],[127.16717,38.29207],[127.16314,38.29728],[127.16021,38.29849],[127.16155,38.29978],[127.16339,38.29899],[127.1638,38.3015],[127.16016,38.30252],[127.15755,38.29884],[127.1554,38.30008],[127.15254,38.29771],[127.15102,38.29968],[127.15247,38.3013],[127.15003,38.30125],[127.14671,38.30569],[127.14634,38.30841],[127.14803,38.30813],[127.14811,38.3094],[127.145,38.31116],[127.14201,38.31064],[127.14195,38.31266],[127.13828,38.31652],[127.14749,38.31062],[127.15221,38.30457],[127.15437,38.30388],[127.16135,38.30577],[127.16172,38.30846],[127.16305,38.30659],[127.16694,38.30882],[127.16838,38.30749],[127.16575,38.30535],[127.167,38.30393],[127.16999,38.30705],[127.16832,38.30991],[127.17198,38.30954],[127.17357,38.30703],[127.17681,38.30818],[127.1751,38.31127],[127.18091,38.31222],[127.18313,38.31195],[127.17922,38.30935],[127.18061,38.30743],[127.17885,38.30613],[127.18203,38.30555],[127.18347,38.30792],[127.18706,38.30778],[127.18512,38.3126],[127.18863,38.31449],[127.19324,38.31425],[127.19778,38.31638],[127.19746,38.31779],[127.19944,38.31646],[127.20675,38.31999],[127.21301,38.32008],[127.21333,38.32169],[127.21463,38.32038],[127.21572,38.32306],[127.21771,38.32245],[127.2189,38.32625],[127.22222,38.32604],[127.22853,38.33026],[127.23687,38.33109],[127.23894,38.33403],[127.2395,38.33233],[127.24265,38.33403],[127.24897,38.32822],[127.25277,38.33003],[127.25423,38.32743],[127.25798,38.32792],[127.25906,38.32653],[127.25688,38.32705],[127.2558,38.32508],[127.25887,38.32476],[127.26075,38.32793],[127.26382,38.32915],[127.2665,38.32249],[127.26753,38.32468],[127.26632,38.32599],[127.27187,38.32802],[127.27403,38.32577],[127.27866,38.32725],[127.27905,38.32412],[127.28402,38.32692],[127.28765,38.32564],[127.28806,38.32122],[127.28656,38.32132],[127.28555,38.31901],[127.28608,38.31438],[127.28853,38.31397],[127.28644,38.31279],[127.2887,38.3122],[127.29029,38.30935],[127.29415,38.31189],[127.28887,38.314],[127.29146,38.3143],[127.29218,38.31622],[127.29298,38.31445],[127.29476,38.31509],[127.29643,38.31365],[127.29756,38.31671],[127.29727,38.31957],[127.29782,38.32029],[127.29772,38.32185],[127.29821,38.32312],[127.29834,38.31448],[127.30056,38.31313],[127.30439,38.31511],[127.30113,38.30994],[127.30306,38.30787],[127.29938,38.30679],[127.30001,38.30113],[127.31037,38.30194],[127.31431,38.30685],[127.32499,38.30857],[127.35193,38.30156],[127.35349,38.30281],[127.35215,38.30546],[127.34942,38.30642],[127.34894,38.3098],[127.34665,38.30918],[127.34717,38.31074],[127.34477,38.31253],[127.34062,38.31462],[127.33685,38.31314],[127.33246,38.31429],[127.33116,38.31663],[127.32231,38.3159],[127.32128,38.31702],[127.32355,38.31738],[127.32438,38.3193],[127.32069,38.31974],[127.32393,38.32046],[127.32326,38.32277],[127.32719,38.31834],[127.33087,38.31975],[127.33084,38.32112],[127.33278,38.31744],[127.33654,38.3154],[127.33825,38.31924],[127.35197,38.31075],[127.35419,38.31354],[127.35504,38.31147],[127.35869,38.30967],[127.3582,38.31388],[127.36535,38.31604],[127.36657,38.3195],[127.36515,38.32118],[127.36499,38.3193],[127.36159,38.31851],[127.35716,38.3265],[127.35138,38.32786],[127.3553,38.32758],[127.36182,38.3242],[127.36356,38.32673],[127.36948,38.32903],[127.37026,38.33183],[127.37436,38.33166],[127.38076,38.33714],[127.38459,38.33458],[127.38851,38.33516],[127.39004,38.33301],[127.39646,38.33199],[127.40141,38.33408],[127.40338,38.33171],[127.40606,38.33384],[127.40746,38.33246],[127.40776,38.3338],[127.41108,38.32988],[127.41217,38.32458],[127.41631,38.32569],[127.41588,38.32746],[127.41345,38.32834],[127.41712,38.3293],[127.42293,38.32811],[127.42755,38.3268],[127.43219,38.32156],[127.43784,38.32101],[127.43823,38.31946],[127.43997,38.32094],[127.44041,38.31842],[127.44531,38.31894],[127.44597,38.3168],[127.45383,38.31832],[127.45111,38.32218],[127.45156,38.32654],[127.45874,38.32634],[127.46617,38.31741],[127.46821,38.31831],[127.47544,38.31639],[127.47587,38.31842],[127.47756,38.3189],[127.47603,38.31801],[127.47671,38.31379],[127.48174,38.30677],[127.4924,38.30727],[127.48989,38.30519],[127.49588,38.30079],[127.49808,38.30314],[127.49694,38.30128],[127.49841,38.30004],[127.51462,38.3039],[127.5184,38.3086],[127.52552,38.30994],[127.53439,38.31766],[127.53778,38.31761],[127.54345,38.32073],[127.54539,38.32408],[127.5507,38.32751],[127.57099,38.33154],[127.57201,38.33289],[127.57089,38.33371],[127.57343,38.33415],[127.57121,38.33555],[127.57468,38.33473],[127.57784,38.33666],[127.58269,38.33525],[127.588,38.33712],[127.59912,38.334],[127.6,38.33619],[127.60914,38.33677],[127.61544,38.33407],[127.61733,38.32855],[127.61628,38.3267],[127.61932,38.32493],[127.62976,38.32551],[127.63318,38.32311],[127.63422,38.32536],[127.65293,38.32546],[127.65821,38.32358],[127.66407,38.32503],[127.66405,38.32747],[127.66691,38.32698],[127.66647,38.32549],[127.66924,38.32272],[127.68247,38.32575],[127.68407,38.32408],[127.69144,38.32547],[127.69681,38.33416],[127.70212,38.33622],[127.71372,38.334],[127.71408,38.32859],[127.71606,38.32738],[127.71669,38.3232],[127.72504,38.3231],[127.72443,38.31998],[127.72665,38.31927],[127.72604,38.3158],[127.72831,38.31363],[127.74313,38.3134],[127.75615,38.31684],[127.75631,38.31895],[127.75975,38.32044],[127.75953,38.32321],[127.76064,38.32383],[127.7611,38.31796],[127.78179,38.31079],[127.78517,38.30794],[127.78659,38.30863],[127.78604,38.30716],[127.78895,38.30461],[127.79645,38.30015],[127.79898,38.30046],[127.79824,38.29911],[127.81117,38.28803],[127.82293,38.28707],[127.82586,38.28933],[127.8256,38.28655],[127.83758,38.28729],[127.84564,38.28361],[127.85228,38.28465],[127.86218,38.28291],[127.86571,38.28721],[127.87509,38.29205],[127.88307,38.30315],[127.8949,38.31291],[127.90405,38.30977],[127.90765,38.31096],[127.91491,38.31074],[127.91866,38.30882],[127.92679,38.30938],[127.93155,38.30639],[127.94223,38.30638],[127.94874,38.30441],[127.95822,38.30022],[127.9632,38.29368],[127.96694,38.29307],[127.97646,38.28737],[127.97729,38.28489],[127.98247,38.28064],[127.98269,38.27744],[127.986,38.27359],[127.99176,38.27875],[128.00001,38.27803],[128.00299,38.27578],[128.00735,38.27905],[128.01078,38.28608],[128.01597,38.28989],[128.02543,38.28916],[128.03365,38.29124],[128.04375,38.28918],[128.0564,38.29008],[128.06579,38.28738],[128.08067,38.28838],[128.08589,38.29062],[128.08241,38.2996],[128.08605,38.30947],[128.09036,38.31426],[128.11299,38.3277],[128.12266,38.32609],[128.12785,38.32848],[128.13723,38.32452],[128.14147,38.32433],[128.14485,38.32464],[128.14788,38.32703],[128.15085,38.32571],[128.1549,38.32933],[128.15939,38.32287],[128.16491,38.32061],[128.17072,38.31571],[128.18185,38.32288],[128.19333,38.32214],[128.19292,38.32686],[128.19798,38.33369],[128.19714,38.33839],[128.19492,38.34071],[128.19663,38.34557],[128.19403,38.34889],[128.19421,38.36154],[128.20515,38.35813],[128.20818,38.36304],[128.21056,38.36256],[128.21231,38.36433],[128.21445,38.36983],[128.21884,38.37027],[128.22917,38.37897],[128.23368,38.37256],[128.23867,38.37629],[128.24859,38.37082],[128.25779,38.37289],[128.26201,38.37647],[128.26518,38.37564],[128.26848,38.37691],[128.27076,38.39495],[128.2687,38.39984],[128.26653,38.4003],[128.26857,38.40242],[128.2659,38.40525],[128.26795,38.4079],[128.26737,38.413],[128.26897,38.41622],[128.27298,38.41881],[128.28156,38.41998],[128.27929,38.42446],[128.28024,38.43254],[128.27012,38.4301],[128.27843,38.43374],[128.28505,38.43944],[128.28417,38.43672],[128.28773,38.43495],[128.28601,38.43406],[128.28569,38.4323],[128.28744,38.43179],[128.28525,38.43135],[128.2865,38.43023],[128.28459,38.42924],[128.28478,38.42583],[128.28722,38.42474],[128.28933,38.42778],[128.29693,38.42569],[128.29902,38.4265],[128.30237,38.42432],[128.30307,38.4202],[128.30722,38.41985],[128.31318,38.42313],[128.31852,38.43084],[128.32328,38.43303],[128.31992,38.43993],[128.31645,38.4417],[128.3181,38.44835],[128.3208,38.44988],[128.31763,38.45791],[128.31315,38.45153],[128.31626,38.45817],[128.31249,38.45839],[128.31257,38.46193],[128.30805,38.45806],[128.30664,38.4591],[128.30549,38.45796],[128.30108,38.45646],[128.2953,38.45975],[128.29565,38.46096],[128.3019,38.45682],[128.30665,38.45986],[128.30837,38.45868],[128.30841,38.46072],[128.31061,38.46033],[128.31241,38.46245],[128.31427,38.46006],[128.31942,38.45876],[128.32023,38.46225],[128.32689,38.46833],[128.32581,38.47057],[128.33508,38.47763],[128.3392,38.47898],[128.34061,38.48712],[128.33959,38.49171],[128.34369,38.4942],[128.34555,38.50079],[128.34087,38.50502],[128.34072,38.51148],[128.33485,38.52253],[128.33464,38.52571],[128.34119,38.53037],[128.34187,38.53584],[128.34641,38.53666],[128.34825,38.53914],[128.34633,38.54381],[128.34578,38.55197],[128.3485,38.55821],[128.34365,38.5637],[128.3409,38.57092],[128.34266,38.5725],[128.34241,38.57491],[128.34517,38.57676],[128.35321,38.56901],[128.36017,38.57399],[128.36384,38.57263],[128.36745,38.57646],[128.36784,38.58167],[128.36486,38.58152],[128.36426,38.58314],[128.36236,38.57934],[128.36086,38.58154],[128.35909,38.58023],[128.35804,38.58126],[128.35686,38.58123],[128.35668,38.58167],[128.35993,38.58256],[128.35836,38.58429],[128.35895,38.58586],[128.36092,38.58355],[128.36371,38.58499],[128.36314,38.58627],[128.36194,38.58561],[128.36291,38.58769],[128.36025,38.58739],[128.3657,38.58888],[128.36966,38.58828],[128.36864,38.59065],[128.36996,38.59339],[128.3867,38.57616],[128.39119,38.57276],[128.39446,38.57287],[128.39442,38.56868],[128.39707,38.56629],[128.40103,38.56507],[128.40251,38.56625],[128.40379,38.55989],[128.40662,38.55966],[128.4044,38.55783],[128.40471,38.5554],[128.41084,38.55588],[128.40987,38.5529],[128.41104,38.55181],[128.40754,38.55033],[128.4106,38.54735],[128.40621,38.5455],[128.40494,38.54271],[128.41234,38.53498],[128.41213,38.53097],[128.41697,38.52937],[128.41841,38.52377],[128.424,38.52284],[128.42291,38.52036],[128.41941,38.52083],[128.41741,38.51932],[128.4208,38.51407],[128.41842,38.51254],[128.42125,38.51042],[128.42095,38.50657],[128.42437,38.5041],[128.42994,38.50405],[128.42922,38.50047],[128.42736,38.50231],[128.42462,38.50014],[128.4277,38.50036],[128.42646,38.49875],[128.42976,38.49624],[128.42891,38.49323],[128.43259,38.48833],[128.4381,38.48748],[128.44001,38.4854],[128.43744,38.48135],[128.43921,38.47685],[128.44962,38.47128],[128.45,38.46659],[128.46706,38.44996],[128.45927,38.44301],[128.46311,38.44709],[128.46189,38.44879],[128.45508,38.44526],[128.45521,38.44404],[128.45831,38.44383],[128.45556,38.4437],[128.45441,38.44161],[128.45584,38.43318],[128.46342,38.42091],[128.47619,38.40516],[128.4772,38.40117],[128.48063,38.40046],[128.4966,38.38263],[128.51142,38.37238],[128.51109,38.36984],[128.51397,38.3681],[128.51234,38.36648],[128.51218,38.36799],[128.5093,38.36725],[128.5062,38.36302],[128.50972,38.35673],[128.51186,38.35589],[128.51005,38.3523],[128.51267,38.34626],[128.52016,38.33716],[128.5276,38.33238],[128.52792,38.32827],[128.53029,38.32754],[128.53061,38.32525],[128.52744,38.32611],[128.52823,38.32102],[128.53741,38.31288],[128.54393,38.31085],[128.54253,38.30709],[128.55093,38.30343],[128.55038,38.30168],[128.54652,38.3021],[128.54716,38.29693],[128.55153,38.29515],[128.54939,38.2957],[128.54678,38.29175],[128.54849,38.29017],[128.54827,38.28649],[128.55365,38.28015],[128.55321,38.2754],[128.55881,38.27361],[128.55911,38.27234],[128.55686,38.27343],[128.55664,38.27103],[128.55821,38.27194],[128.55633,38.26815],[128.5592,38.26561],[128.55813,38.26192],[128.56123,38.26069],[128.55969,38.25973],[128.56012,38.25737],[128.5648,38.25304],[128.56934,38.25154],[128.56986,38.25057],[128.56881,38.25137],[128.56775,38.24984],[128.56926,38.24971],[128.57609,38.23894],[128.58586,38.2302],[128.58678,38.22749],[128.58991,38.22722],[128.59151,38.22506],[128.58925,38.22696],[128.58912,38.22428],[128.59075,38.222],[128.59243,38.22349],[128.59283,38.22219],[128.59105,38.22125],[128.5962,38.21594],[128.60201,38.21467],[128.60326,38.2035],[128.60175,38.21018],[128.59488,38.21066],[128.59461,38.20616],[128.59676,38.2071],[128.59999,38.20612],[128.59586,38.20628],[128.59456,38.20138],[128.6006,38.20196],[128.59601,38.19962],[128.60403,38.19227],[128.60302,38.19094],[128.60868,38.18316],[128.61426,38.18125],[128.61288,38.17947],[128.60922,38.17895],[128.61065,38.17363],[128.60781,38.17302],[128.60907,38.16876],[128.60802,38.1677],[128.61046,38.1627],[128.60874,38.16104],[128.6101,38.15645],[128.61174,38.1546],[128.61206,38.15338],[128.61015,38.15566],[128.60933,38.15434],[128.61092,38.15356],[128.60833,38.15418],[128.60784,38.15156],[128.61271,38.14341],[128.6191,38.13568],[128.62147,38.13355],[128.6236,38.1334],[128.62502,38.13214],[128.62276,38.13163],[128.62298,38.13028],[128.62603,38.12821],[128.6289,38.12865],[128.63134,38.12453],[128.63295,38.12427],[128.63446,38.12273],[128.63096,38.12152],[128.6415,38.10885],[128.64426,38.10793],[128.6634,38.09067],[128.66572,38.09147],[128.66833,38.08975],[128.66693,38.08808],[128.67123,38.08298],[128.67403,38.08388],[128.67511,38.08281],[128.67342,38.07774],[128.67591,38.07678],[128.67789,38.07789],[128.67592,38.07617],[128.67741,38.07512],[128.67716,38.07181],[128.67496,38.07099],[128.67617,38.06552],[128.68009,38.06389],[128.68237,38.05883],[128.69791,38.04266],[128.72742,38.02167],[128.72911,38.023],[128.73003,38.02126],[128.73436,38.02332],[128.73567,38.02227],[128.73656,38.02075],[128.73198,38.01457],[128.73285,38.01091],[128.73058,38.01168],[128.73305,38.00705],[128.73108,38.00679],[128.73109,38.00513],[128.73658,38.00302],[128.73837,37.99807],[128.74442,37.99172],[128.74921,37.9916],[128.74814,37.98924],[128.7522,37.98435],[128.75719,37.98175],[128.76091,37.98284],[128.76396,37.97995],[128.76157,37.97991],[128.76292,37.97849],[128.76008,37.97863],[128.75883,37.976],[128.76044,37.97239],[128.76554,37.9715],[128.76597,37.96924],[128.7623,37.96899],[128.76277,37.96629],[128.76479,37.96628],[128.76935,37.9606],[128.76956,37.95667],[128.77726,37.95001],[128.78258,37.94613],[128.78553,37.94598],[128.78572,37.94723],[128.78863,37.94529],[128.79009,37.94215],[128.78709,37.94469],[128.78561,37.94347],[128.78842,37.94273],[128.7892,37.93984],[128.78704,37.93795],[128.7942,37.92906],[128.82329,37.9076],[128.83004,37.90593],[128.82974,37.90257],[128.83398,37.89984],[128.83472,37.89767],[128.83438,37.89483],[128.83262,37.89185],[128.83281,37.89456],[128.82966,37.89319],[128.83076,37.89157],[128.82932,37.89128],[128.82874,37.88838],[128.83141,37.8879],[128.82955,37.88739],[128.83006,37.88453],[128.83917,37.87398],[128.84509,37.86893],[128.84904,37.86762],[128.84687,37.86552],[128.84794,37.86232],[128.85062,37.86188],[128.87675,37.84045],[128.87662,37.83801],[128.87889,37.83632],[128.87927,37.83431],[128.87636,37.83743],[128.87569,37.83497],[128.876,37.83464],[128.87685,37.83456],[128.87755,37.83406],[128.87519,37.83389],[128.87862,37.82943],[128.9486,37.77166],[128.94976,37.77121],[128.95042,37.77217],[128.95133,37.77296],[128.95439,37.773],[128.95049,37.77209],[128.9528,37.76978],[128.95031,37.76881],[128.951,37.76732],[128.96715,37.75327],[128.97475,37.74951],[128.97727,37.74599],[128.98529,37.74046],[128.98928,37.7402],[128.98898,37.7373],[128.99188,37.73599],[128.98977,37.73455],[128.99524,37.72625],[129.01068,37.71329],[129.01483,37.70604],[129.05505,37.67522],[129.05607,37.66857],[129.0535,37.66528],[129.05668,37.6585],[129.05563,37.65514],[129.05268,37.65269],[129.0526,37.65024],[129.05081,37.64776],[129.05246,37.65029],[129.05195,37.65238],[129.04918,37.65181],[129.04349,37.64242],[129.04564,37.63374],[129.05029,37.62616],[129.05774,37.62607],[129.06435,37.62288],[129.05799,37.62583],[129.05394,37.62551],[129.05406,37.62135],[129.05932,37.62041],[129.05999,37.62287],[129.05999,37.61826],[129.0725,37.60527],[129.11004,37.58106],[129.11203,37.58238],[129.11401,37.58253],[129.11493,37.58204],[129.11371,37.58105],[129.117,37.5752],[129.11672,37.56933],[129.11997,37.56621],[129.11956,37.56382],[129.12244,37.5606],[129.12032,37.56019],[129.12126,37.55581],[129.11756,37.54955],[129.1183,37.543],[129.11651,37.5515],[129.11394,37.55162],[129.11233,37.54942],[129.11423,37.54838],[129.11252,37.54767],[129.11253,37.5445],[129.11527,37.54339],[129.11386,37.54084],[129.11672,37.54064],[129.11529,37.53561],[129.12567,37.52529],[129.12176,37.52049],[129.13538,37.50448],[129.14964,37.49754],[129.13535,37.50404],[129.13153,37.50119],[129.13414,37.49885],[129.13754,37.50041],[129.13482,37.49867],[129.13621,37.49644],[129.12484,37.49015],[129.12717,37.4878],[129.14368,37.49464],[129.14482,37.49666],[129.14379,37.49426],[129.14031,37.49129],[129.14697,37.49176],[129.15862,37.47976],[129.16139,37.47882],[129.15922,37.47796],[129.16108,37.47456],[129.16564,37.47355],[129.16623,37.4703],[129.17281,37.46553],[129.17596,37.46401],[129.1789,37.46476],[129.17782,37.46373],[129.17993,37.4608],[129.18667,37.45628],[129.18687,37.45262],[129.1897,37.45124],[129.18971,37.44554],[129.19336,37.44089],[129.19448,37.43461],[129.19716,37.43218],[129.1942,37.4345],[129.19216,37.43797],[129.18949,37.43682],[129.18945,37.43451],[129.19224,37.43407],[129.19386,37.4324],[129.19013,37.43349],[129.19287,37.42777],[129.19209,37.42462],[129.19506,37.42334],[129.19597,37.41969],[129.19767,37.41966],[129.19777,37.41527],[129.21108,37.40331],[129.23854,37.38581],[129.24056,37.38634],[129.25096,37.38021],[129.25928,37.37997],[129.25541,37.37842],[129.25462,37.37551],[129.25418,37.37804],[129.25365,37.37623],[129.25191,37.37609],[129.25073,37.36254],[129.25609,37.35784],[129.25638,37.35508],[129.26059,37.35236],[129.2606,37.34937],[129.26359,37.34691],[129.26172,37.34778],[129.26185,37.34553],[129.2658,37.34326],[129.26772,37.33804],[129.26618,37.33177],[129.26984,37.32888],[129.2718,37.32633],[129.26968,37.32749],[129.26905,37.32636],[129.27056,37.32566],[129.26772,37.32583],[129.26753,37.323],[129.28674,37.30987],[129.29033,37.30892],[129.29432,37.31008],[129.29233,37.31171],[129.29766,37.31068],[129.30167,37.30306],[129.30031,37.29436],[129.30273,37.29032],[129.3069,37.28957],[129.30983,37.29186],[129.3101,37.2865],[129.31297,37.2855],[129.31458,37.28598],[129.31463,37.28708],[129.31503,37.28852],[129.31524,37.28719],[129.31727,37.28727],[129.31463,37.28946],[129.31965,37.28981],[129.3202,37.28197],[129.32887,37.28025],[129.329,37.27658],[129.32739,37.27504],[129.32918,37.27207],[129.3276,37.26825],[129.3291,37.26485],[129.32734,37.26379],[129.33376,37.26],[129.33718,37.25569],[129.34055,37.2546],[129.34149,37.24898],[129.34844,37.24766],[129.34991,37.23891],[129.35566,37.23535],[129.34666,37.22995],[129.34524,37.22479],[129.34603,37.22905],[129.34351,37.22945],[129.34248,37.2264],[129.34363,37.22543],[129.34124,37.22475],[129.34111,37.22149],[129.34644,37.21512],[129.34778,37.21064],[129.34532,37.20613],[129.34648,37.20269],[129.34529,37.19985],[129.34332,37.20104],[129.34277,37.19594],[129.34114,37.19326],[129.34012,37.19462],[129.33941,37.19321],[129.34249,37.18493],[129.34126,37.17717],[129.34206,37.17636],[129.3441,37.17623],[129.34587,37.17544],[129.34284,37.17583],[129.3451,37.17502],[129.34432,37.17214],[129.35216,37.1753],[129.35024,37.17348],[129.35641,37.16602],[129.34796,37.16578],[129.3478,37.16394],[129.35851,37.15749],[129.36184,37.14896],[129.36374,37.14818],[129.3634,37.146],[129.36151,37.14483],[129.35204,37.14631],[129.34099,37.1446],[129.33931,37.14573],[129.33834,37.14345],[129.33416,37.14243],[129.33323,37.14071],[129.32475,37.14222],[129.31815,37.13295],[129.31445,37.13134],[129.31161,37.13206],[129.30889,37.12794],[129.30374,37.12818],[129.29789,37.12413],[129.29528,37.12025],[129.29459,37.11436],[129.28534,37.1172],[129.282,37.1161],[129.27692,37.11835],[129.27142,37.11652],[129.26928,37.11005],[129.27024,37.10692],[129.26689,37.10318],[129.24911,37.09615],[129.24046,37.08503],[129.22567,37.07385],[129.23086,37.0689],[129.23308,37.06388],[129.22856,37.05715],[129.2296,37.05483],[129.23206,37.05443],[129.2327,37.04436],[129.23821,37.04079],[129.23801,37.03867],[129.22522,37.04454],[129.21341,37.04299],[129.20499,37.04496],[129.19603,37.04245],[129.19475,37.04063],[129.18541,37.04172],[129.18365,37.04887],[129.17714,37.05662],[129.1704,37.06036],[129.16581,37.0692],[129.16169,37.06888],[129.15806,37.07125],[129.15515,37.07024],[129.15429,37.07226],[129.14799,37.07609],[129.14427,37.07658],[129.13977,37.08207],[129.13355,37.08175],[129.12719,37.08444],[129.12645,37.08892],[129.12255,37.08995],[129.12252,37.0915],[129.10778,37.0935],[129.10445,37.09779],[129.09616,37.10038],[129.0912,37.09715],[129.08737,37.09705],[129.08256,37.09402],[129.07686,37.09285],[129.0704,37.08816],[129.07079,37.08382],[129.06579,37.07899],[129.06736,37.07445],[129.06398,37.06807],[129.0571,37.06496],[129.05655,37.06818],[129.05354,37.07016],[129.05132,37.06783],[129.04824,37.07009],[129.04188,37.07104],[129.03641,37.076],[129.03241,37.07492],[129.03042,37.07699],[129.02435,37.07834],[129.02038,37.07656],[129.01538,37.07942],[129.00958,37.07855],[128.99124,37.08256],[128.98848,37.08436],[128.98338,37.08457],[128.97752,37.08154],[128.9718,37.08161],[128.96997,37.07981],[128.95927,37.07758],[128.95331,37.08124],[128.95323,37.08505],[128.9454,37.0937],[128.93209,37.09087],[128.9234,37.09209],[128.91536,37.08385],[128.91688,37.07861],[128.91026,37.0703],[128.91042,37.06614],[128.89809,37.05759],[128.89687,37.055],[128.89788,37.04597],[128.89642,37.04452],[128.88892,37.04984],[128.87889,37.053],[128.87684,37.04608],[128.87248,37.04395],[128.86359,37.04871],[128.84687,37.05161],[128.836,37.06587],[128.83167,37.0674],[128.83189,37.07519],[128.8293,37.07849],[128.81943,37.07703],[128.81233,37.07865],[128.808,37.07576],[128.79996,37.07897],[128.80148,37.08441],[128.79952,37.08686],[128.78581,37.08785],[128.7806,37.09231],[128.77415,37.08733],[128.77784,37.08328],[128.77793,37.07894],[128.77014,37.07518],[128.76707,37.06596],[128.76475,37.06355],[128.75754,37.06943],[128.75557,37.06631],[128.75236,37.05588],[128.75521,37.05018],[128.76142,37.04444],[128.76254,37.03786],[128.76218,37.03616],[128.75458,37.03197],[128.75376,37.02783],[128.74908,37.02886],[128.73462,37.04023],[128.71867,37.04372],[128.71277,37.0426],[128.7091,37.03936],[128.7004,37.04083],[128.68912,37.05293],[128.68373,37.05143],[128.67558,37.05883],[128.66424,37.0609],[128.65941,37.06035],[128.6574,37.06117],[128.65589,37.0645],[128.6506,37.06583],[128.64266,37.07074],[128.6391,37.07066],[128.6373,37.0722],[128.63436,37.0707],[128.62821,37.07516],[128.62805,37.08144],[128.62273,37.08714],[128.6064,37.07667],[128.60462,37.07912],[128.60101,37.07887],[128.60135,37.08305],[128.59507,37.08156],[128.59185,37.07816],[128.58172,37.08163],[128.57441,37.08132],[128.57037,37.08447],[128.57048,37.08631],[128.56189,37.09017],[128.55668,37.08723],[128.54975,37.08619],[128.53813,37.08963],[128.53557,37.09187],[128.53404,37.09812],[128.53116,37.10001],[128.52196,37.10298],[128.51843,37.10189],[128.51568,37.10306],[128.51447,37.10135],[128.51072,37.11372],[128.50667,37.11544],[128.49649,37.1257],[128.49104,37.12382],[128.48236,37.11493],[128.48186,37.11269],[128.47781,37.11015],[128.45804,37.11028],[128.45072,37.11233],[128.4448,37.10627],[128.44264,37.10922],[128.43602,37.1119],[128.43555,37.10951],[128.43059,37.1067],[128.43012,37.10367],[128.42503,37.10248],[128.42259,37.10473],[128.42326,37.11226],[128.42105,37.1137],[128.41852,37.11974],[128.41104,37.12213],[128.40581,37.12697],[128.396,37.12859],[128.40072,37.13334],[128.40182,37.13852],[128.40352,37.13943],[128.40085,37.14681],[128.39637,37.14857],[128.39318,37.15173],[128.39242,37.15482],[128.38876,37.15462],[128.38429,37.15811],[128.37708,37.15167],[128.37563,37.15332],[128.36789,37.15443],[128.36485,37.1576],[128.35971,37.15022],[128.35145,37.15742],[128.34259,37.15594],[128.34056,37.158],[128.33709,37.15785],[128.33067,37.15034],[128.32776,37.1528],[128.32471,37.14806],[128.32194,37.14905],[128.31978,37.14726],[128.31077,37.1456],[128.30604,37.13959],[128.30636,37.13753],[128.29639,37.13405],[128.29263,37.13929],[128.28443,37.14312],[128.27993,37.14246],[128.27329,37.14763],[128.27065,37.15412],[128.2662,37.15603],[128.26444,37.16042],[128.27016,37.16188],[128.27072,37.16636],[128.2763,37.17268],[128.28111,37.1734],[128.28976,37.17017],[128.29752,37.17173],[128.29562,37.18329],[128.29992,37.18365],[128.30264,37.18662],[128.30759,37.18604],[128.31038,37.18749],[128.3111,37.18984],[128.31333,37.19032],[128.31339,37.19678],[128.32122,37.19567],[128.32244,37.19835],[128.32641,37.19732],[128.32962,37.20233],[128.32876,37.20607],[128.33305,37.21565],[128.32101,37.21936],[128.31568,37.22313],[128.30913,37.21746],[128.28825,37.21505],[128.28395,37.21018],[128.27288,37.20983],[128.2684,37.20791],[128.2598,37.2164],[128.25793,37.22126],[128.25093,37.22953],[128.2443,37.22654],[128.23906,37.22904],[128.23302,37.22702],[128.22924,37.22757],[128.22037,37.24019],[128.21479,37.24184],[128.21455,37.24576],[128.21024,37.24579],[128.20747,37.24881],[128.20131,37.24896],[128.19969,37.24699],[128.1932,37.24525],[128.17421,37.23262],[128.17373,37.23088],[128.17604,37.22835],[128.17259,37.22481],[128.17307,37.21907],[128.16404,37.21331],[128.15811,37.21627],[128.15416,37.21586],[128.15083,37.22063],[128.14466,37.22232],[128.14232,37.22434],[128.14203,37.22846],[128.1406,37.22952],[128.1329,37.2298],[128.12955,37.23364],[128.12543,37.2345],[128.12163,37.2294],[128.12236,37.2252],[128.11551,37.22024],[128.11417,37.21305],[128.11142,37.2102],[128.11168,37.20787],[128.1088,37.20573],[128.09506,37.19991],[128.08829,37.19937],[128.07754,37.1937],[128.07007,37.19449],[128.06289,37.19282],[128.06032,37.19406],[128.04981,37.18958],[128.04384,37.19082],[128.04106,37.18899],[128.03391,37.19141],[128.03169,37.1992],[128.0283,37.20232],[128.03308,37.21081],[128.03681,37.21275],[128.03874,37.21599],[128.03284,37.22012],[128.03181,37.22384],[128.02301,37.22563],[128.01823,37.24573],[128.01259,37.24769],[128.00782,37.25216],[127.99897,37.25483],[127.99423,37.25357],[127.98686,37.25786],[127.98188,37.2568],[127.97967,37.25824],[127.97188,37.25637],[127.96455,37.25101],[127.95263,37.24789],[127.94749,37.24428],[127.94519,37.24056],[127.93879,37.24064],[127.92663,37.23159],[127.92179,37.22545],[127.92254,37.22209],[127.9271,37.22015],[127.93247,37.20699],[127.931,37.20095],[127.93216,37.19523],[127.93626,37.18877],[127.93265,37.18236],[127.93363,37.1758],[127.92734,37.16975],[127.92633,37.16553],[127.92384,37.16363],[127.91507,37.16884],[127.90877,37.16709],[127.90375,37.15993],[127.90189,37.1522],[127.89889,37.14981],[127.89544,37.15606],[127.89062,37.15908],[127.87205,37.16433],[127.86206,37.16109],[127.8613,37.15535],[127.85588,37.15648],[127.85522,37.15991],[127.8538,37.16035],[127.85132,37.15853],[127.85007,37.15418],[127.84739,37.15294],[127.83741,37.15158],[127.82552,37.1523],[127.81684,37.147],[127.80697,37.14705],[127.80165,37.14426],[127.79353,37.14569],[127.78952,37.14341],[127.78784,37.14423],[127.76549,37.15914],[127.75554,37.17143],[127.7501,37.18588],[127.74798,37.1999],[127.74651,37.20033],[127.74426,37.20757],[127.74413,37.21123],[127.74895,37.2185],[127.74688,37.23999],[127.74942,37.24718],[127.75739,37.25821],[127.76048,37.26885],[127.75885,37.27675],[127.75654,37.2772],[127.75718,37.27884],[127.75398,37.28423],[127.75513,37.28539],[127.75432,37.28772],[127.75004,37.29196],[127.74988,37.29716],[127.75469,37.29779],[127.76214,37.30224],[127.76796,37.30234],[127.76825,37.30926],[127.76555,37.31302],[127.76524,37.3173],[127.7621,37.32114],[127.76278,37.32334],[127.76038,37.32934],[127.75839,37.33085],[127.76257,37.33469],[127.75788,37.34641],[127.75835,37.35079],[127.76061,37.35281],[127.75935,37.35973],[127.76115,37.3648],[127.75949,37.3672],[127.76287,37.36998],[127.76981,37.36941],[127.77844,37.37136],[127.77579,37.37896],[127.77666,37.38333],[127.78378,37.38884],[127.78168,37.39304],[127.78444,37.39543],[127.78364,37.39867],[127.78783,37.40122],[127.78782,37.40532],[127.79022,37.40873],[127.79364,37.42251],[127.79752,37.42688],[127.802,37.42734],[127.80388,37.42909],[127.80322,37.43424],[127.79839,37.44259],[127.79931,37.45189],[127.79627,37.46304],[127.8007,37.46793],[127.79995,37.47206],[127.78958,37.4748],[127.78217,37.48168],[127.78031,37.48831],[127.77607,37.48855],[127.77447,37.49175],[127.75979,37.49248],[127.75991,37.50331],[127.76547,37.50278],[127.77189,37.50523],[127.78112,37.51306],[127.78544,37.51327],[127.78879,37.51855],[127.79622,37.52314],[127.79503,37.52489],[127.79634,37.52858],[127.80619,37.53097],[127.80623,37.53492],[127.80959,37.53787],[127.81631,37.53705],[127.82253,37.53846],[127.82819,37.53676],[127.83363,37.53921],[127.842,37.539],[127.84588,37.54412],[127.84514,37.54772],[127.84768,37.54961],[127.84802,37.55215],[127.83631,37.56039],[127.82623,37.56071],[127.82312,37.56313],[127.81751,37.56281],[127.81387,37.56441],[127.8095,37.57349],[127.80563,37.57409],[127.80399,37.57922],[127.79411,37.58523],[127.78786,37.57891],[127.78444,37.57812],[127.76657,37.58267],[127.76142,37.58743],[127.75798,37.58681],[127.75409,37.59201],[127.7394,37.58709],[127.72299,37.59056],[127.70789,37.58635],[127.70623,37.58837],[127.6982,37.59089],[127.69823,37.59368],[127.7006,37.5962],[127.69617,37.60072],[127.69168,37.60133],[127.68306,37.6083],[127.66752,37.61725],[127.66346,37.62398],[127.65647,37.62236],[127.65153,37.62294],[127.64949,37.62465],[127.64671,37.63269],[127.63943,37.63264],[127.63783,37.63567],[127.63371,37.63596],[127.63401,37.6398],[127.63089,37.63936],[127.62647,37.64305],[127.62157,37.63957],[127.62184,37.64256],[127.61903,37.64324],[127.61783,37.64609],[127.61554,37.64698],[127.61279,37.64561],[127.60648,37.65084],[127.60236,37.65134],[127.59882,37.64688],[127.58499,37.64236],[127.58329,37.64002],[127.58349,37.63559],[127.58065,37.6334],[127.57142,37.632],[127.56478,37.63312],[127.55946,37.62849],[127.54826,37.63321],[127.54703,37.6373],[127.53794,37.64148],[127.53545,37.64577],[127.53566,37.65068],[127.5437,37.65176],[127.54622,37.65786],[127.55266,37.6617],[127.54905,37.66861],[127.55064,37.68706],[127.55643,37.70159],[127.5558,37.70436],[127.55851,37.70608],[127.55805,37.71392],[127.56177,37.71961],[127.55976,37.72316],[127.55969,37.72827],[127.55367,37.72875],[127.54927,37.72393],[127.54017,37.71946],[127.53389,37.72193],[127.52955,37.72642],[127.5248,37.72648],[127.51186,37.71568],[127.5095,37.71694],[127.50615,37.72414],[127.50711,37.73136],[127.51122,37.73644],[127.53412,37.74863],[127.5421,37.75469],[127.54487,37.76008],[127.54495,37.76368],[127.54092,37.77087],[127.52227,37.78894],[127.52081,37.79254],[127.53728,37.81066],[127.53489,37.81775],[127.52564,37.82287],[127.52459,37.825],[127.52731,37.83644],[127.52945,37.83973],[127.53705,37.84503],[127.54046,37.84655],[127.5495,37.84668],[127.55009,37.85193],[127.55612,37.85563],[127.56316,37.85607],[127.56659,37.85921],[127.56589,37.86124],[127.5686,37.86697],[127.57458,37.87235],[127.58462,37.87629],[127.60291,37.8742],[127.60582,37.87655],[127.60904,37.88329],[127.6074,37.88966],[127.61696,37.9063],[127.61657,37.91192],[127.61214,37.92092],[127.61204,37.92406],[127.61647,37.92835],[127.6127,37.94036],[127.60374,37.94449],[127.60176,37.9481],[127.60248,37.95477],[127.60031,37.95653],[127.59344,37.95754],[127.58481,37.96172],[127.57933,37.96114],[127.5714,37.96399],[127.5584,37.96314],[127.54523,37.96773],[127.54425,37.97411],[127.54713,37.97843],[127.5397,38.00053],[127.53112,38.00235],[127.51237,38.00021],[127.50894,38.00125],[127.50392,37.99795],[127.49806,38.00128],[127.49713,38.00374],[127.47156,38.00645],[127.46154,38.01285],[127.45687,38.01844],[127.45524,38.02521],[127.4562,38.02732],[127.45187,38.0346],[127.45102,38.03809],[127.45287,38.04724],[127.44619,38.05123],[127.44665,38.05424],[127.44458,38.05726],[127.44673,38.07117],[127.44448,38.07478],[127.44707,38.0807],[127.4448,38.08798],[127.44515,38.09746],[127.4404,38.10887],[127.4335,38.11102],[127.43092,38.11526],[127.42552,38.11118],[127.42262,38.10677],[127.41341,38.10201],[127.40552,38.10295],[127.40317,38.11303],[127.38431,38.11432],[127.38313,38.11689],[127.37864,38.11828],[127.37239,38.11385],[127.37184,38.1105],[127.36595,38.10694],[127.35643,38.10597],[127.35377,38.10413],[127.34805,38.10479],[127.33977,38.10129],[127.33875,38.09213],[127.33697,38.08978],[127.32872,38.09437],[127.32067,38.09468],[127.31627,38.09864],[127.31629,38.10207],[127.31244,38.10793],[127.31159,38.11526],[127.30953,38.11813],[127.30792,38.11844],[127.30473,38.11543],[127.29736,38.11595],[127.29255,38.11415],[127.28858,38.11615],[127.28609,38.11429],[127.28275,38.11649],[127.2831,38.12176],[127.28144,38.12492],[127.27581,38.12418],[127.27678,38.12877],[127.27501,38.13728],[127.28417,38.14676],[127.28637,38.15252],[127.28405,38.15949],[127.28693,38.16132],[127.28899,38.16946],[127.29612,38.17247],[127.29795,38.17527],[127.29404,38.17726],[127.28825,38.17685],[127.28322,38.18284],[127.27452,38.18109],[127.27056,38.18198],[127.26601,38.18021],[127.26471,38.17812],[127.26646,38.17577],[127.26448,38.17174],[127.25895,38.1696],[127.25628,38.16317],[127.23934,38.15655],[127.23458,38.14706],[127.22631,38.14835],[127.22408,38.14725],[127.22437,38.14166],[127.22204,38.13743],[127.21245,38.14349],[127.21233,38.1462],[127.20826,38.14718],[127.20289,38.15338],[127.18923,38.16116],[127.18586,38.17388],[127.189,38.18115],[127.18895,38.18753],[127.18055,38.18613],[127.1697,38.19765],[127.17505,38.20547],[127.17117,38.21344],[127.1647,38.21566],[127.15971,38.21955],[127.1618,38.22284],[127.16007,38.226],[127.16269,38.23246],[127.16149,38.23477],[127.16285,38.23842],[127.14889,38.24231],[127.143,38.23665],[127.14021,38.23767],[127.13528,38.23639],[127.13508,38.23411],[127.13114,38.23275],[127.12663,38.23407],[127.12305,38.2328],[127.11693,38.23689],[127.11357,38.23682],[127.1099,38.24184],[127.10963,38.24475],[127.11152,38.24738],[127.10875,38.26089],[127.11071,38.2629],[127.1108,38.26591],[127.10822,38.2683],[127.11064,38.2709],[127.10168,38.27339],[127.10077,38.27502],[127.10446,38.27906],[127.10332,38.28069],[127.09504,38.28108],[127.09659,38.28577]],[[127.6831,38.31018],[127.69139,38.30944],[127.6913,38.31266],[127.69616,38.31125],[127.69549,38.30914],[127.7165,38.31048],[127.72725,38.31359],[127.72278,38.31427],[127.72498,38.31838],[127.72325,38.3216],[127.71909,38.32297],[127.71674,38.32114],[127.71533,38.32227],[127.71635,38.32416],[127.71354,38.3263],[127.71047,38.32435],[127.71024,38.32628],[127.70757,38.32558],[127.70427,38.32711],[127.70314,38.32507],[127.70244,38.32504],[127.70268,38.32736],[127.70074,38.32535],[127.70038,38.32648],[127.69512,38.3255],[127.69715,38.32115],[127.69563,38.31887],[127.69284,38.31887],[127.68866,38.31479],[127.68736,38.31656],[127.68063,38.31565],[127.68089,38.31396],[127.6831,38.31018]]],[[[128.03047,38.31608],[128.02794,38.31811],[128.0285,38.3213],[128.02995,38.32178],[128.03013,38.31978],[128.03443,38.32151],[128.03558,38.32021],[128.03184,38.31942],[128.03364,38.31595],[128.03112,38.31127],[128.03483,38.31262],[128.03727,38.31069],[128.03912,38.31178],[128.03823,38.31531],[128.04052,38.32013],[128.03829,38.32556],[128.04007,38.32579],[128.04092,38.32876],[128.04281,38.32844],[128.04165,38.33043],[128.0434,38.33054],[128.04298,38.33653],[128.04402,38.33731],[128.0443,38.33471],[128.0466,38.33403],[128.04334,38.33305],[128.04378,38.3285],[128.04587,38.32798],[128.04242,38.32593],[128.04199,38.3237],[128.04464,38.32298],[128.04636,38.32458],[128.05132,38.32558],[128.04119,38.32133],[128.04259,38.32021],[128.04088,38.31715],[128.04521,38.31694],[128.0403,38.31528],[128.0401,38.31174],[128.04466,38.31069],[128.04545,38.29867],[128.05093,38.29915],[128.05892,38.30414],[128.06121,38.30374],[128.06132,38.30264],[128.05535,38.30129],[128.05011,38.29754],[128.04351,38.29729],[128.03966,38.29862],[128.04009,38.29997],[128.03585,38.30311],[128.03648,38.30979],[128.02648,38.31154],[128.03029,38.31406],[128.03047,38.31608]]],[[[128.34019,38.60181],[128.34019,38.60586],[128.34534,38.60503],[128.34928,38.60991],[128.34341,38.60971],[128.34423,38.61075],[128.35697,38.61366],[128.36021,38.61067],[128.36027,38.60446],[128.36572,38.60243],[128.36894,38.59494],[128.36725,38.59132],[128.36374,38.59169],[128.36168,38.59022],[128.36118,38.5916],[128.36365,38.59324],[128.35767,38.59392],[128.35813,38.59545],[128.35666,38.59591],[128.36074,38.59488],[128.36115,38.59596],[128.3629,38.59382],[128.36507,38.59388],[128.36629,38.5962],[128.36274,38.59677],[128.36508,38.59906],[128.36229,38.59972],[128.35928,38.59824],[128.36048,38.60045],[128.35863,38.60176],[128.35727,38.59871],[128.35519,38.59728],[128.35598,38.60139],[128.35453,38.60397],[128.35232,38.60317],[128.3536,38.60431],[128.35274,38.60558],[128.34692,38.60351],[128.34761,38.6018],[128.34567,38.6003],[128.34699,38.59877],[128.34519,38.59602],[128.34478,38.59755],[128.34061,38.59627],[128.34169,38.59856],[128.33946,38.59852],[128.33941,38.60085],[128.33681,38.60083],[128.33816,38.59952],[128.33652,38.59895],[128.3361,38.60037],[128.33699,38.60421],[128.34019,38.60181]]]]}},{"type":"Feature","properties":{"sido":"경기","name":"경기도","rings":11,"vertices":1743,"dropped_islands":50},"geometry":{"type":"MultiPolygon","coordinates":[[[[126.56248,37.23937],[126.56505,37.25321],[126.55067,37.27712],[126.56975,37.27856],[126.58106,37.29313],[126.61009,37.30617],[126.57279,37.27678],[126.59887,37.25965],[126.61086,37.26021],[126.62471,37.23382],[126.65235,37.22264],[126.6489,37.20793],[126.58738,37.21771],[126.57058,37.20147],[126.54646,37.20351],[126.54376,37.22229],[126.56248,37.23937]]],[[[126.52278,37.7901],[126.55468,37.77762],[126.57535,37.76272],[126.59362,37.76117],[126.60811,37.76658],[126.61921,37.77585],[126.62552,37.77914],[126.63208,37.78094],[126.66292,37.78085],[126.67135,37.83412],[126.65932,37.84024],[126.66094,37.84366],[126.6647,37.84309],[126.67066,37.84623],[126.67671,37.84429],[126.67954,37.84606],[126.67978,37.85246],[126.68566,37.85838],[126.6849,37.86329],[126.68619,37.86496],[126.68229,37.87271],[126.68011,37.8704],[126.67259,37.87013],[126.67657,37.87329],[126.67204,37.87805],[126.67558,37.87729],[126.68165,37.87957],[126.67861,37.88188],[126.67905,37.88477],[126.67664,37.88474],[126.67481,37.8815],[126.67252,37.88221],[126.67448,37.88584],[126.67014,37.88803],[126.67219,37.88887],[126.67733,37.89783],[126.67698,37.90457],[126.67547,37.90656],[126.68261,37.91264],[126.68146,37.91562],[126.67292,37.91367],[126.6662,37.91859],[126.66614,37.92341],[126.66785,37.92669],[126.66683,37.93251],[126.67194,37.93945],[126.66911,37.9418],[126.66976,37.94598],[126.67195,37.94833],[126.67087,37.95315],[126.67202,37.95601],[126.67066,37.95807],[126.67655,37.95629],[126.67704,37.95444],[126.6813,37.95811],[126.68705,37.95733],[126.6914,37.96613],[126.70048,37.96942],[126.70212,37.97385],[126.7077,37.97564],[126.70966,37.97351],[126.70965,37.97043],[126.71217,37.96852],[126.71665,37.96886],[126.71916,37.96506],[126.72531,37.96653],[126.72718,37.969],[126.737,37.96608],[126.74068,37.97336],[126.74464,37.97381],[126.75238,37.98186],[126.75818,37.98373],[126.76511,37.98454],[126.76942,37.98259],[126.7727,37.97843],[126.77493,37.97997],[126.77182,37.98235],[126.77266,37.98439],[126.77586,37.98445],[126.78348,37.98091],[126.78912,37.98756],[126.7858,37.98803],[126.7873,37.99061],[126.78683,37.99458],[126.79028,37.99598],[126.79008,37.99895],[126.79681,37.99896],[126.79575,37.99618],[126.79348,37.99808],[126.79453,37.99585],[126.79147,37.99495],[126.795,37.99303],[126.80026,37.99547],[126.79795,37.99583],[126.7988,37.99912],[126.81262,37.99895],[126.81292,38.00259],[126.81627,38.00232],[126.81517,38.00008],[126.81689,37.99997],[126.81709,38.00231],[126.81773,38.00011],[126.8197,38.00017],[126.81816,38.00332],[126.82127,38.0035],[126.82216,38.00537],[126.81845,38.00634],[126.8167,38.0042],[126.81665,38.00544],[126.82098,38.0077],[126.8186,38.0091],[126.81859,38.013],[126.82071,38.01277],[126.82209,38.01519],[126.81969,38.01474],[126.81842,38.01663],[126.82591,38.01753],[126.82426,38.02032],[126.826,38.02424],[126.82945,38.02415],[126.82673,38.02235],[126.82641,38.02],[126.82777,38.01953],[126.8292,38.02309],[126.83148,38.02278],[126.8318,38.02452],[126.83046,38.02503],[126.8322,38.02618],[126.83643,38.02373],[126.83667,38.02717],[126.84073,38.03291],[126.85336,38.0332],[126.85261,38.03806],[126.85462,38.0405],[126.85269,38.04309],[126.85253,38.0531],[126.8585,38.05368],[126.85821,38.06009],[126.85269,38.06031],[126.85797,38.0617],[126.85924,38.06453],[126.86576,38.06796],[126.86953,38.07777],[126.86811,38.08088],[126.86019,38.08527],[126.85907,38.09182],[126.8615,38.09231],[126.86283,38.09478],[126.85562,38.09809],[126.85533,38.09969],[126.85766,38.10041],[126.86236,38.10832],[126.86696,38.11115],[126.87141,38.1115],[126.87329,38.11356],[126.87708,38.11312],[126.87767,38.11457],[126.88337,38.11598],[126.88549,38.12421],[126.88841,38.12889],[126.90179,38.13405],[126.9047,38.13789],[126.91706,38.13672],[126.92543,38.12878],[126.92821,38.12893],[126.92829,38.12618],[126.93088,38.12579],[126.93235,38.13165],[126.93771,38.13243],[126.93805,38.13441],[126.94176,38.1341],[126.94051,38.13338],[126.94157,38.13232],[126.94316,38.13607],[126.94433,38.13478],[126.94609,38.13607],[126.94628,38.13439],[126.95019,38.13607],[126.95752,38.13468],[126.96076,38.13634],[126.96086,38.13968],[126.96634,38.13975],[126.9693,38.14374],[126.96792,38.14748],[126.95046,38.15837],[126.94943,38.16234],[126.95129,38.1649],[126.95367,38.16511],[126.95179,38.16216],[126.9534,38.16124],[126.9561,38.16434],[126.9561,38.16826],[126.95827,38.16533],[126.96514,38.17126],[126.96357,38.17347],[126.96531,38.17383],[126.96654,38.17991],[126.96825,38.18018],[126.96627,38.18187],[126.96827,38.1813],[126.96967,38.18524],[126.97236,38.18646],[126.97138,38.1878],[126.97064,38.18635],[126.9701,38.18875],[126.96892,38.1863],[126.96734,38.18741],[126.96642,38.18402],[126.96648,38.18716],[126.96244,38.19225],[126.96644,38.19294],[126.96653,38.19894],[126.96783,38.19938],[126.97063,38.19938],[126.96889,38.19548],[126.97574,38.1956],[126.97362,38.19753],[126.97522,38.20028],[126.9744,38.20455],[126.97958,38.20534],[126.98019,38.20803],[126.98378,38.21209],[126.98008,38.2175],[126.98094,38.22009],[126.97816,38.22214],[126.9819,38.22748],[126.98703,38.22737],[126.98935,38.22571],[126.99245,38.23117],[126.98618,38.22861],[126.9806,38.22856],[126.98067,38.23085],[126.97535,38.23398],[126.98046,38.23474],[126.98667,38.23097],[126.9922,38.23267],[126.99507,38.23163],[126.99507,38.22884],[126.99236,38.22978],[126.99219,38.22847],[127.0,38.2234],[127.00359,38.22581],[127.00171,38.22333],[127.00491,38.22302],[127.00641,38.22581],[127.00944,38.22639],[127.01421,38.2249],[127.01726,38.22058],[127.01976,38.22035],[127.01707,38.22531],[127.01419,38.22703],[127.01199,38.226],[127.01192,38.22885],[127.00951,38.22729],[127.01364,38.23708],[127.02122,38.23964],[127.02169,38.23784],[127.02544,38.23732],[127.0282,38.23974],[127.02304,38.24032],[127.02333,38.24296],[127.0204,38.24583],[127.02816,38.24503],[127.0308,38.24647],[127.0305,38.24871],[127.03492,38.24885],[127.04154,38.25927],[127.04698,38.25959],[127.04226,38.25733],[127.04313,38.25605],[127.04627,38.25705],[127.04437,38.25563],[127.0449,38.25384],[127.04781,38.25681],[127.05087,38.25718],[127.04863,38.25222],[127.05187,38.25094],[127.05236,38.25753],[127.05006,38.25899],[127.05546,38.25909],[127.05904,38.26473],[127.06216,38.26405],[127.06776,38.26732],[127.07123,38.26679],[127.07206,38.26956],[127.08073,38.2683],[127.07877,38.27343],[127.07985,38.27548],[127.07727,38.27643],[127.07665,38.27422],[127.07478,38.27747],[127.07854,38.27942],[127.08943,38.27963],[127.09203,38.2804],[127.09221,38.2822],[127.10321,38.28079],[127.10454,38.27943],[127.10104,38.27556],[127.10157,38.27355],[127.11077,38.27079],[127.11055,38.26936],[127.1062,38.27045],[127.10821,38.26502],[127.10551,38.26237],[127.10789,38.26229],[127.10614,38.25958],[127.10416,38.26124],[127.10274,38.25997],[127.10358,38.25809],[127.10738,38.25779],[127.10608,38.25606],[127.10805,38.25453],[127.10547,38.25463],[127.10822,38.25288],[127.10585,38.25147],[127.10731,38.24937],[127.10629,38.24869],[127.1009,38.25734],[127.09955,38.25592],[127.1014,38.24659],[127.09741,38.24471],[127.10006,38.25089],[127.09758,38.25375],[127.09515,38.2525],[127.09514,38.25509],[127.09793,38.25798],[127.09583,38.26139],[127.09944,38.25905],[127.09869,38.26088],[127.1045,38.26582],[127.10188,38.26769],[127.09574,38.26175],[127.09437,38.26284],[127.09837,38.26579],[127.09794,38.26971],[127.09344,38.2702],[127.09083,38.2682],[127.08977,38.27049],[127.09462,38.27319],[127.09883,38.27285],[127.10033,38.27523],[127.09504,38.27522],[127.09178,38.27832],[127.09095,38.2758],[127.08567,38.27481],[127.0882,38.27254],[127.08768,38.27104],[127.08596,38.26975],[127.08514,38.27139],[127.08343,38.2712],[127.0831,38.26969],[127.08155,38.26897],[127.0853,38.26785],[127.08614,38.26931],[127.08755,38.26704],[127.09149,38.26551],[127.08817,38.26611],[127.08893,38.26454],[127.0873,38.26417],[127.08097,38.26703],[127.07761,38.26489],[127.08156,38.2627],[127.0809,38.26],[127.08381,38.2619],[127.0838,38.25894],[127.09049,38.26327],[127.08948,38.26063],[127.09204,38.26124],[127.08871,38.25712],[127.08583,38.2574],[127.08733,38.25593],[127.08997,38.2559],[127.09331,38.26026],[127.09275,38.25746],[127.09484,38.25852],[127.09383,38.25497],[127.08997,38.25441],[127.09451,38.2522],[127.09396,38.24935],[127.09152,38.24941],[127.08994,38.2523],[127.08925,38.25051],[127.08794,38.24941],[127.09089,38.24735],[127.09054,38.24476],[127.08736,38.2474],[127.08421,38.24505],[127.08383,38.24718],[127.07929,38.24419],[127.07752,38.24538],[127.07698,38.24065],[127.07537,38.24054],[127.07535,38.24475],[127.07363,38.24019],[127.07241,38.24176],[127.07028,38.24053],[127.07291,38.24357],[127.07028,38.24398],[127.07058,38.24554],[127.07382,38.24517],[127.07991,38.24784],[127.07716,38.25053],[127.073,38.25019],[127.07229,38.25296],[127.07364,38.25458],[127.07245,38.25585],[127.07497,38.25661],[127.07376,38.25744],[127.07409,38.26092],[127.07143,38.25671],[127.07102,38.25896],[127.06735,38.25928],[127.06932,38.25566],[127.06768,38.25479],[127.06835,38.25224],[127.06434,38.25005],[127.06536,38.24702],[127.06811,38.24569],[127.0631,38.24414],[127.06261,38.24977],[127.06498,38.25351],[127.06048,38.26214],[127.05948,38.25758],[127.06239,38.256],[127.06046,38.25478],[127.06163,38.25169],[127.05948,38.25034],[127.06185,38.24747],[127.06025,38.24572],[127.05779,38.24745],[127.05545,38.24521],[127.05418,38.2462],[127.05358,38.24385],[127.04876,38.24395],[127.04849,38.24544],[127.04437,38.24446],[127.03772,38.25219],[127.03783,38.2496],[127.04214,38.24572],[127.03764,38.24693],[127.03636,38.24507],[127.03709,38.24273],[127.03455,38.24388],[127.03075,38.23951],[127.03295,38.23969],[127.03304,38.23697],[127.03645,38.23734],[127.03794,38.23593],[127.04255,38.24183],[127.04296,38.24003],[127.03896,38.23537],[127.04006,38.23442],[127.0472,38.23743],[127.04994,38.24079],[127.0525,38.23983],[127.05185,38.23759],[127.04883,38.23758],[127.04929,38.23469],[127.04756,38.23603],[127.04437,38.2338],[127.04634,38.23279],[127.04617,38.22976],[127.04963,38.22884],[127.04946,38.23112],[127.05239,38.23009],[127.05556,38.23395],[127.05244,38.23525],[127.05287,38.23729],[127.05525,38.23599],[127.05791,38.23711],[127.05754,38.23363],[127.05933,38.23855],[127.0624,38.23741],[127.06279,38.24052],[127.06699,38.24203],[127.07214,38.23771],[127.07919,38.23926],[127.08315,38.23818],[127.0931,38.24094],[127.10511,38.23998],[127.10989,38.24184],[127.1136,38.23681],[127.1168,38.237],[127.12315,38.23285],[127.13449,38.23367],[127.13508,38.2365],[127.14282,38.23713],[127.14892,38.24234],[127.16329,38.23848],[127.16157,38.23483],[127.16291,38.23244],[127.1601,38.22609],[127.16184,38.22363],[127.16022,38.21948],[127.17204,38.21197],[127.17513,38.20548],[127.16969,38.19788],[127.17559,38.19121],[127.18181,38.18582],[127.18922,38.18832],[127.18901,38.18108],[127.18594,38.17381],[127.18909,38.16145],[127.19533,38.15664],[127.20297,38.15348],[127.20825,38.14721],[127.21258,38.14601],[127.21271,38.14339],[127.22184,38.13769],[127.22418,38.14091],[127.2249,38.14795],[127.23459,38.14719],[127.23939,38.1566],[127.25625,38.16321],[127.25883,38.16954],[127.26451,38.1718],[127.26644,38.17577],[127.26464,38.17801],[127.26603,38.18025],[127.27055,38.18205],[127.27449,38.18109],[127.28357,38.18285],[127.28821,38.17712],[127.29774,38.17628],[127.29619,38.17248],[127.28895,38.16936],[127.287,38.16139],[127.28408,38.15954],[127.28641,38.15264],[127.28426,38.14685],[127.27502,38.13728],[127.27678,38.1288],[127.27593,38.12508],[127.28198,38.12426],[127.28284,38.11673],[127.28612,38.11472],[127.28857,38.1164],[127.29243,38.11417],[127.29726,38.11597],[127.30476,38.1155],[127.30755,38.11902],[127.30953,38.11828],[127.31172,38.11487],[127.31259,38.10773],[127.31633,38.10202],[127.31635,38.09881],[127.32076,38.09474],[127.32942,38.09415],[127.33719,38.08988],[127.33976,38.1013],[127.34813,38.10483],[127.35379,38.10423],[127.35634,38.10596],[127.3661,38.107],[127.37176,38.11046],[127.37221,38.11374],[127.37861,38.11843],[127.38327,38.11708],[127.38441,38.1143],[127.40345,38.11296],[127.4057,38.10313],[127.41344,38.10202],[127.42262,38.10677],[127.42541,38.11115],[127.43093,38.11536],[127.43345,38.11107],[127.44045,38.10883],[127.44517,38.09747],[127.44484,38.08796],[127.44708,38.08073],[127.4445,38.07468],[127.44674,38.07122],[127.44457,38.05736],[127.44672,38.05422],[127.44623,38.05132],[127.45291,38.04719],[127.45106,38.03798],[127.4562,38.02731],[127.4569,38.01837],[127.46157,38.01283],[127.47173,38.00646],[127.4974,38.00371],[127.49816,38.0013],[127.50384,37.99809],[127.5089,38.00131],[127.51246,38.00023],[127.53109,38.00239],[127.53988,38.00057],[127.54717,37.97828],[127.54426,37.97414],[127.54532,37.96768],[127.5598,37.96289],[127.57135,37.964],[127.57922,37.96116],[127.58472,37.96175],[127.59341,37.95755],[127.60042,37.95654],[127.60245,37.955],[127.60179,37.9481],[127.60365,37.94463],[127.61267,37.94048],[127.61658,37.92827],[127.61214,37.92415],[127.61214,37.92102],[127.61658,37.9119],[127.61714,37.90636],[127.6075,37.8898],[127.60909,37.88352],[127.60585,37.87649],[127.6032,37.8742],[127.58462,37.87626],[127.57466,37.87228],[127.56866,37.86693],[127.566,37.86135],[127.56684,37.85922],[127.56394,37.8579],[127.56324,37.85588],[127.55748,37.85628],[127.55217,37.8533],[127.55026,37.8517],[127.54965,37.84654],[127.54052,37.84655],[127.53699,37.845],[127.52947,37.83974],[127.52561,37.83286],[127.52556,37.82303],[127.53494,37.81771],[127.53735,37.81054],[127.52091,37.79231],[127.52234,37.78887],[127.54092,37.77087],[127.54499,37.76363],[127.54488,37.76008],[127.54209,37.75467],[127.53409,37.74861],[127.51122,37.73644],[127.5071,37.73125],[127.50706,37.72062],[127.51188,37.71587],[127.52469,37.72646],[127.5272,37.72686],[127.52962,37.72642],[127.53395,37.72191],[127.5424,37.71984],[127.54923,37.72392],[127.55123,37.72756],[127.5566,37.72923],[127.55991,37.72858],[127.55939,37.72508],[127.56181,37.71963],[127.55814,37.71396],[127.55863,37.70604],[127.55585,37.70418],[127.55657,37.70169],[127.55065,37.68711],[127.54906,37.66861],[127.55282,37.66153],[127.54618,37.65771],[127.54385,37.65173],[127.53578,37.65052],[127.53574,37.64493],[127.53788,37.64163],[127.54377,37.63789],[127.54725,37.63771],[127.54851,37.63316],[127.55919,37.62867],[127.56468,37.63316],[127.57139,37.63202],[127.58068,37.63342],[127.58343,37.63552],[127.58326,37.64013],[127.58486,37.6423],[127.5988,37.64692],[127.60219,37.65154],[127.60659,37.65081],[127.61304,37.64582],[127.6155,37.64703],[127.61796,37.64602],[127.61911,37.64324],[127.6218,37.64283],[127.62187,37.64021],[127.62644,37.64308],[127.63093,37.63937],[127.63439,37.63975],[127.63377,37.636],[127.63772,37.63574],[127.63939,37.63269],[127.64699,37.63274],[127.64738,37.62897],[127.65158,37.62292],[127.65643,37.62236],[127.66345,37.62403],[127.66758,37.61724],[127.68338,37.60823],[127.69193,37.60133],[127.69619,37.60079],[127.70083,37.59612],[127.69833,37.59363],[127.69833,37.59095],[127.70635,37.58841],[127.70779,37.58643],[127.72312,37.59063],[127.73956,37.58713],[127.7541,37.59206],[127.7579,37.58697],[127.76128,37.58759],[127.76687,37.5827],[127.78444,37.57814],[127.78786,37.57896],[127.79408,37.58525],[127.80425,37.57913],[127.80493,37.57499],[127.80961,37.57345],[127.8142,37.56414],[127.82339,37.5631],[127.82653,37.56067],[127.83232,37.56157],[127.83636,37.56041],[127.84808,37.5523],[127.84763,37.54953],[127.84519,37.54771],[127.84595,37.54409],[127.84202,37.5389],[127.83364,37.53915],[127.82827,37.53664],[127.82263,37.53844],[127.81637,37.53703],[127.80994,37.53795],[127.80642,37.53492],[127.80646,37.53116],[127.79652,37.52839],[127.79527,37.52503],[127.7964,37.52311],[127.78878,37.51851],[127.78549,37.5133],[127.78095,37.51288],[127.77179,37.50518],[127.76467,37.50266],[127.75993,37.5028],[127.76029,37.49246],[127.77469,37.49175],[127.77628,37.48851],[127.78019,37.48865],[127.78206,37.48187],[127.78948,37.47494],[127.79979,37.47238],[127.80071,37.46786],[127.79647,37.46349],[127.79659,37.45997],[127.79938,37.45177],[127.79848,37.44242],[127.80335,37.43433],[127.80401,37.42885],[127.79471,37.42458],[127.79024,37.40859],[127.78799,37.40526],[127.78783,37.40113],[127.78392,37.39853],[127.78453,37.39551],[127.78197,37.39288],[127.78409,37.38883],[127.7767,37.38328],[127.77582,37.379],[127.77894,37.37077],[127.76284,37.36996],[127.75958,37.3674],[127.76114,37.36494],[127.75951,37.35966],[127.76076,37.35263],[127.75842,37.35083],[127.7579,37.34631],[127.76296,37.33443],[127.75886,37.3307],[127.76828,37.30934],[127.7682,37.30152],[127.76202,37.30219],[127.75461,37.29774],[127.74986,37.29704],[127.75012,37.29199],[127.75435,37.2877],[127.75556,37.28498],[127.75421,37.28393],[127.75767,37.2788],[127.75696,37.27739],[127.75908,37.27705],[127.76066,37.26901],[127.75761,37.25825],[127.74943,37.24721],[127.74691,37.24007],[127.74894,37.21834],[127.74636,37.21448],[127.74378,37.21456],[127.73532,37.20798],[127.73558,37.20553],[127.73246,37.20113],[127.7325,37.1958],[127.72834,37.19169],[127.72641,37.18254],[127.7228,37.18157],[127.7175,37.18375],[127.71063,37.17603],[127.70965,37.17219],[127.70484,37.16746],[127.70427,37.15765],[127.70057,37.15365],[127.69518,37.15112],[127.69412,37.14547],[127.69548,37.14042],[127.68859,37.13554],[127.67021,37.13611],[127.66604,37.13939],[127.6613,37.13938],[127.65562,37.14239],[127.65603,37.14504],[127.65249,37.14786],[127.65011,37.1476],[127.64792,37.15056],[127.6281,37.15491],[127.62748,37.15189],[127.63778,37.14092],[127.63339,37.11988],[127.63627,37.11446],[127.63417,37.10737],[127.63429,37.09904],[127.63181,37.09648],[127.61194,37.08725],[127.60042,37.08739],[127.59962,37.08156],[127.60505,37.0759],[127.60412,37.07067],[127.60518,37.06887],[127.60294,37.06855],[127.602,37.07058],[127.59951,37.07058],[127.59624,37.07371],[127.58927,37.07282],[127.58313,37.07542],[127.57795,37.07526],[127.56502,37.06067],[127.56492,37.05901],[127.56826,37.05591],[127.56715,37.05188],[127.56954,37.04817],[127.55683,37.04125],[127.55461,37.04186],[127.55502,37.0436],[127.55314,37.04502],[127.54101,37.05071],[127.53468,37.052],[127.53204,37.05561],[127.52299,37.05546],[127.51794,37.0583],[127.51243,37.05628],[127.50889,37.04942],[127.50454,37.048],[127.49665,37.04812],[127.48589,37.05486],[127.47511,37.05291],[127.46819,37.05339],[127.46838,37.05035],[127.46104,37.04672],[127.45695,37.04207],[127.4597,37.03813],[127.45632,37.03087],[127.45974,37.02506],[127.45837,37.02047],[127.45404,37.02129],[127.44983,37.01832],[127.44709,37.01083],[127.44076,37.01195],[127.43654,37.0056],[127.42957,37.00124],[127.42112,37.00393],[127.41397,36.99948],[127.41162,37.00012],[127.40684,36.99832],[127.39993,36.99981],[127.39284,36.99714],[127.39131,36.99165],[127.38501,36.98362],[127.38635,36.98132],[127.39432,36.97698],[127.40153,36.96768],[127.39746,36.96465],[127.39298,36.96562],[127.38733,36.96443],[127.38482,36.95962],[127.37883,36.95799],[127.37821,36.95208],[127.37566,36.94866],[127.36723,36.95011],[127.35761,36.94769],[127.3541,36.95259],[127.34977,36.95276],[127.34349,36.94815],[127.34193,36.94313],[127.3332,36.94035],[127.32681,36.93594],[127.31631,36.93463],[127.3148,36.93125],[127.30899,36.92939],[127.29568,36.93003],[127.29852,36.9227],[127.30336,36.91639],[127.29971,36.9082],[127.29729,36.90645],[127.29737,36.90396],[127.29034,36.89764],[127.2903,36.89433],[127.28525,36.89485],[127.27916,36.90041],[127.2797,36.90435],[127.2741,36.90939],[127.27338,36.91385],[127.25862,36.91587],[127.25314,36.92223],[127.24914,36.92118],[127.24815,36.91853],[127.24405,36.9176],[127.23766,36.92056],[127.23614,36.9238],[127.22838,36.92451],[127.22041,36.93038],[127.2177,36.92941],[127.21045,36.93054],[127.20973,36.93273],[127.21173,36.93713],[127.20573,36.94202],[127.20676,36.94603],[127.20418,36.94992],[127.20197,36.95174],[127.19075,36.95249],[127.18784,36.95526],[127.1805,36.95667],[127.17797,36.96256],[127.17185,36.96323],[127.16553,36.96166],[127.16156,36.96409],[127.15582,36.9643],[127.15442,36.96623],[127.15765,36.96669],[127.15825,36.96939],[127.15496,36.97042],[127.15022,36.96941],[127.1436,36.97102],[127.13604,36.96797],[127.13715,36.9659],[127.1358,36.96559],[127.12118,36.96835],[127.12011,36.97036],[127.11504,36.97103],[127.11324,36.973],[127.11106,36.96941],[127.10783,36.96874],[127.10692,36.96626],[127.10209,36.96425],[127.10078,36.96068],[127.09659,36.95946],[127.09662,36.95565],[127.103,36.95316],[127.09711,36.94792],[127.09505,36.94218],[127.08606,36.94767],[127.07408,36.93863],[127.07279,36.94053],[127.06897,36.9399],[127.06805,36.94206],[127.06559,36.94194],[127.0585,36.9374],[127.05484,36.93752],[127.04758,36.93322],[127.03742,36.9323],[127.03104,36.92809],[127.02203,36.93064],[127.02076,36.9344],[127.01911,36.93359],[127.0153,36.93537],[127.01176,36.93419],[127.0104,36.93578],[127.00767,36.93574],[127.0074,36.93418],[127.00381,36.93514],[127.00079,36.9336],[126.99512,36.93533],[126.98535,36.93232],[126.97376,36.92587],[126.93963,36.91733],[126.91031,36.90168],[126.90555,36.9157],[126.85728,36.90831],[126.84544,36.91048],[126.83939,36.91746],[126.83084,36.94493],[126.82816,36.94643],[126.84584,36.95586],[126.84422,36.95778],[126.8425,36.95722],[126.82343,36.98486],[126.7983,36.99224],[126.79681,36.99744],[126.79468,36.99735],[126.79297,36.99455],[126.78923,36.99497],[126.7833,37.00257],[126.78118,37.0022],[126.7817,37.00458],[126.77901,37.00724],[126.7873,37.01277],[126.79752,37.01434],[126.79491,37.02636],[126.78904,37.02988],[126.74953,37.03033],[126.74795,37.03301],[126.74878,37.03532],[126.74721,37.03465],[126.74766,37.03333],[126.74582,37.03664],[126.74604,37.04261],[126.74889,37.04879],[126.75618,37.05584],[126.73378,37.07329],[126.73095,37.07228],[126.73208,37.07461],[126.68259,37.11286],[126.68346,37.11458],[126.68276,37.11495],[126.67768,37.11531],[126.67646,37.11577],[126.68051,37.11556],[126.6807,37.11769],[126.67443,37.11723],[126.67939,37.11812],[126.68359,37.11696],[126.68528,37.11949],[126.6789,37.13421],[126.67498,37.13528],[126.67394,37.13718],[126.67942,37.14079],[126.67897,37.14423],[126.68109,37.14442],[126.68296,37.14831],[126.69477,37.15305],[126.69124,37.15705],[126.68265,37.1605],[126.66969,37.15604],[126.66403,37.15699],[126.65776,37.15409],[126.64979,37.15457],[126.65042,37.15647],[126.65353,37.1565],[126.66091,37.16217],[126.65509,37.17501],[126.66026,37.17674],[126.66532,37.18293],[126.66558,37.18837],[126.66901,37.18925],[126.6658,37.19206],[126.66,37.19056],[126.65466,37.18646],[126.65375,37.18368],[126.65021,37.18283],[126.65009,37.1849],[126.64878,37.18581],[126.64865,37.18661],[126.64997,37.18546],[126.65062,37.18774],[126.65544,37.19002],[126.65078,37.19183],[126.65702,37.19101],[126.66013,37.19619],[126.66206,37.19678],[126.67282,37.19368],[126.67498,37.19435],[126.67638,37.1972],[126.68034,37.19956],[126.69239,37.20334],[126.69273,37.20646],[126.69863,37.2136],[126.69164,37.2143],[126.68836,37.20766],[126.68394,37.20934],[126.67919,37.20744],[126.67674,37.20099],[126.67271,37.20016],[126.66657,37.20849],[126.66566,37.21211],[126.66774,37.21491],[126.66628,37.21676],[126.67013,37.21779],[126.67158,37.22078],[126.67595,37.22128],[126.67724,37.22378],[126.67281,37.22976],[126.6675,37.22956],[126.66477,37.23324],[126.66466,37.23681],[126.66152,37.23844],[126.66478,37.24212],[126.6617,37.24529],[126.66118,37.29198],[126.64835,37.29263],[126.63346,37.289],[126.63032,37.28684],[126.63374,37.28932],[126.6486,37.29289],[126.66155,37.29251],[126.6619,37.24612],[126.66338,37.24452],[126.66669,37.24506],[126.66861,37.24214],[126.67711,37.24624],[126.68118,37.25666],[126.68944,37.26228],[126.7021,37.26002],[126.70479,37.25758],[126.70974,37.25819],[126.71599,37.25485],[126.72566,37.25653],[126.72634,37.25395],[126.72935,37.254],[126.73393,37.24936],[126.74072,37.25439],[126.74207,37.25348],[126.74533,37.25507],[126.74663,37.25379],[126.75727,37.25387],[126.75761,37.24912],[126.76368,37.24914],[126.76555,37.2449],[126.76702,37.24524],[126.76761,37.24825],[126.77357,37.24833],[126.77599,37.24587],[126.77645,37.23659],[126.78078,37.2337],[126.78155,37.23015],[126.78015,37.22727],[126.77151,37.22015],[126.77285,37.21803],[126.77171,37.2149],[126.7738,37.21271],[126.77469,37.2186],[126.7773,37.21833],[126.77549,37.22011],[126.78067,37.2234],[126.78122,37.22616],[126.78338,37.22656],[126.78297,37.22975],[126.78637,37.23309],[126.77815,37.23937],[126.7783,37.24579],[126.78949,37.24453],[126.78831,37.25519],[126.79334,37.2595],[126.79032,37.26717],[126.79502,37.26873],[126.79628,37.27073],[126.80921,37.26657],[126.81096,37.26743],[126.81034,37.26892],[126.80856,37.26857],[126.80411,37.27673],[126.80028,37.27797],[126.80325,37.27952],[126.80449,37.28282],[126.80441,37.292],[126.77466,37.28658],[126.72765,37.2995],[126.72488,37.31058],[126.74123,37.32726],[126.73874,37.3295],[126.71789,37.30802],[126.70604,37.31065],[126.69217,37.31895],[126.67653,37.32025],[126.67716,37.3215],[126.6712,37.32905],[126.6287,37.31792],[126.65425,37.32503],[126.6543,37.32679],[126.6557,37.32543],[126.69011,37.33502],[126.69171,37.33912],[126.68595,37.34115],[126.68711,37.34494],[126.68383,37.34605],[126.68738,37.34557],[126.68868,37.34862],[126.69319,37.34809],[126.7012,37.35028],[126.69992,37.35241],[126.70216,37.3521],[126.70082,37.35446],[126.73027,37.38584],[126.74214,37.38279],[126.74278,37.38421],[126.73987,37.38536],[126.74036,37.38715],[126.73747,37.38827],[126.73547,37.3872],[126.73391,37.38874],[126.73922,37.39581],[126.74433,37.39848],[126.76213,37.3974],[126.76392,37.39422],[126.76639,37.39442],[126.76648,37.39727],[126.76398,37.39924],[126.75029,37.40078],[126.74904,37.40394],[126.75131,37.40744],[126.75344,37.40745],[126.75362,37.41247],[126.75507,37.41351],[126.75325,37.4227],[126.7583,37.42506],[126.75898,37.4269],[126.76156,37.42668],[126.76077,37.42824],[126.76458,37.42605],[126.76909,37.42747],[126.77074,37.42982],[126.77084,37.43134],[126.769,37.43195],[126.77118,37.43647],[126.76926,37.44238],[126.76749,37.44341],[126.77094,37.44625],[126.77163,37.44932],[126.77913,37.4513],[126.78017,37.45507],[126.77737,37.45716],[126.7793,37.46834],[126.76982,37.46896],[126.7445,37.48569],[126.74718,37.51128],[126.7623,37.51533],[126.76242,37.52132],[126.76979,37.55139],[126.77345,37.54588],[126.82423,37.53788],[126.82688,37.50549],[126.82504,37.50294],[126.82269,37.48796],[126.83519,37.47446],[126.84519,37.47435],[126.84641,37.4815],[126.85268,37.48186],[126.86835,37.49511],[126.87002,37.49366],[126.87047,37.48982],[126.87484,37.49074],[126.87269,37.48862],[126.87604,37.48905],[126.87669,37.48785],[126.87442,37.48527],[126.87204,37.48554],[126.87283,37.48277],[126.88462,37.46601],[126.88298,37.46412],[126.88887,37.46095],[126.88555,37.46024],[126.88635,37.45628],[126.88991,37.45254],[126.89398,37.45272],[126.89605,37.44804],[126.89477,37.44665],[126.89727,37.44544],[126.89993,37.43956],[126.89984,37.43466],[126.89811,37.43123],[126.89465,37.42975],[126.89483,37.42763],[126.89772,37.42729],[126.90258,37.43455],[126.93084,37.44738],[126.94998,37.43617],[126.96443,37.43815],[126.96546,37.43942],[126.9638,37.44079],[126.96429,37.44627],[126.9705,37.44945],[126.97458,37.45441],[126.98666,37.45724],[126.99659,37.46193],[126.99675,37.46707],[127.00368,37.46772],[127.00874,37.45776],[127.01097,37.45548],[127.0146,37.45487],[127.02593,37.4578],[127.02816,37.46013],[127.02953,37.46538],[127.03192,37.46552],[127.03469,37.46415],[127.03378,37.46106],[127.03713,37.45521],[127.0351,37.45283],[127.03774,37.44942],[127.03823,37.44518],[127.03557,37.43914],[127.04109,37.43777],[127.04722,37.43204],[127.04737,37.4307],[127.04204,37.42791],[127.04291,37.41962],[127.04184,37.41632],[127.04411,37.41472],[127.04957,37.42806],[127.06782,37.42626],[127.09036,37.44289],[127.09843,37.45862],[127.12438,37.4624],[127.14206,37.4709],[127.15607,37.47054],[127.15416,37.47351],[127.14353,37.47393],[127.14362,37.47517],[127.14437,37.47733],[127.1471,37.47752],[127.14868,37.48404],[127.15741,37.48915],[127.16135,37.50015],[127.15793,37.50299],[127.15643,37.50186],[127.15016,37.50459],[127.1455,37.50331],[127.14105,37.50541],[127.14034,37.51022],[127.14348,37.51322],[127.14061,37.51559],[127.14519,37.51597],[127.14567,37.52193],[127.14785,37.52228],[127.15303,37.52901],[127.15402,37.53451],[127.16316,37.54499],[127.18266,37.54654],[127.1831,37.55116],[127.18134,37.55297],[127.18196,37.56107],[127.1757,37.57483],[127.17544,37.57836],[127.17707,37.58052],[127.16667,37.57894],[127.14895,37.56843],[127.13763,37.56841],[127.12865,37.56617],[127.12296,37.56349],[127.11525,37.55676],[127.11331,37.55683],[127.11227,37.55896],[127.10493,37.55642],[127.10113,37.561],[127.10405,37.57123],[127.10165,37.57241],[127.10114,37.57607],[127.10344,37.5806],[127.109,37.58348],[127.11334,37.59326],[127.11664,37.59415],[127.11402,37.59997],[127.11796,37.60449],[127.11839,37.60757],[127.1167,37.60885],[127.11717,37.61689],[127.11584,37.61942],[127.11052,37.621],[127.10556,37.62016],[127.10407,37.62165],[127.10591,37.62759],[127.11209,37.63243],[127.11125,37.64233],[127.10653,37.64538],[127.09457,37.64457],[127.09247,37.6497],[127.09395,37.6525],[127.09121,37.65933],[127.09504,37.66387],[127.0964,37.66959],[127.09195,37.67919],[127.09636,37.68556],[127.09562,37.68906],[127.08518,37.69039],[127.08375,37.69428],[127.08101,37.69612],[127.07264,37.6938],[127.06342,37.6949],[127.05966,37.69033],[127.05507,37.68914],[127.0518,37.68581],[127.04854,37.69346],[127.0449,37.69241],[127.0416,37.69536],[127.03241,37.69184],[127.0278,37.70079],[127.02215,37.69972],[127.01575,37.70142],[127.00972,37.69647],[127.00971,37.69336],[127.00775,37.6915],[127.00866,37.68445],[126.99756,37.68354],[126.9922,37.67963],[126.98238,37.68519],[126.9758,37.68615],[126.99384,37.67668],[126.98179,37.65213],[126.98673,37.63378],[126.97718,37.6286],[126.97389,37.6295],[126.95632,37.65239],[126.91475,37.64154],[126.90305,37.61004],[126.90397,37.59227],[126.88433,37.58813],[126.85984,37.57185],[126.82251,37.58804],[126.80191,37.60415],[126.79718,37.59725],[126.8005,37.59241],[126.79939,37.59138],[126.80094,37.58817],[126.79863,37.58785],[126.7971,37.58427],[126.79368,37.58158],[126.7873,37.5854],[126.78411,37.58259],[126.77275,37.5851],[126.76763,37.58814],[126.76318,37.58496],[126.75781,37.58515],[126.75572,37.58033],[126.75176,37.57957],[126.74953,37.58108],[126.74964,37.58418],[126.74526,37.58872],[126.74418,37.59233],[126.73794,37.59346],[126.73625,37.59048],[126.72911,37.59271],[126.72548,37.59178],[126.7163,37.59949],[126.71537,37.60375],[126.71313,37.60293],[126.7096,37.60513],[126.70468,37.60247],[126.70565,37.6115],[126.69455,37.62025],[126.68284,37.62478],[126.68041,37.6293],[126.67471,37.62988],[126.67229,37.63389],[126.65262,37.63929],[126.64711,37.62748],[126.64467,37.62851],[126.63991,37.62677],[126.63705,37.62748],[126.63657,37.62049],[126.63194,37.61748],[126.6321,37.61501],[126.62574,37.60259],[126.61691,37.60355],[126.61417,37.60622],[126.59156,37.59301],[126.59024,37.59679],[126.59178,37.59889],[126.58145,37.60024],[126.58179,37.60224],[126.57836,37.60473],[126.5726,37.59886],[126.56566,37.60394],[126.56131,37.60359],[126.55958,37.59968],[126.56071,37.60454],[126.55678,37.60908],[126.5545,37.60934],[126.55546,37.61524],[126.55359,37.62298],[126.55058,37.62805],[126.5506,37.63167],[126.544,37.63913],[126.54182,37.63836],[126.53935,37.6397],[126.53777,37.64645],[126.53158,37.6545],[126.53753,37.65566],[126.53809,37.65762],[126.54054,37.6586],[126.53938,37.66081],[126.54159,37.65889],[126.54397,37.66267],[126.53996,37.66547],[126.53963,37.66931],[126.52683,37.67425],[126.5322,37.68218],[126.53405,37.6878],[126.53363,37.69368],[126.53086,37.70535],[126.52421,37.70992],[126.52163,37.71443],[126.52295,37.72418],[126.52988,37.74096],[126.53105,37.7477],[126.52641,37.75591],[126.51834,37.76279],[126.5233,37.76873],[126.51705,37.77103],[126.52278,37.7901]],[[127.22305,37.346],[127.23073,37.35608],[127.26704,37.33993],[127.28315,37.34283],[127.28062,37.3458],[127.27501,37.34261],[127.26483,37.34256],[127.26135,37.34827],[127.25363,37.3504],[127.247,37.35552],[127.24085,37.35428],[127.23909,37.35567],[127.23823,37.36008],[127.23436,37.35785],[127.22916,37.35916],[127.22479,37.35522],[127.21946,37.3545],[127.21834,37.35569],[127.21728,37.35422],[127.22305,37.346]],[[127.13857,37.33678],[127.14409,37.33353],[127.19374,37.34442],[127.19745,37.34223],[127.19165,37.34714],[127.17883,37.34318],[127.17376,37.34459],[127.16222,37.3434],[127.14403,37.33667],[127.14144,37.33685],[127.13906,37.33953],[127.13857,37.33678]],[[127.02096,37.34885],[127.04574,37.40127],[127.04423,37.40878],[127.04231,37.40734],[127.04324,37.40388],[127.03724,37.40132],[127.03842,37.3905],[127.03503,37.38857],[127.03553,37.38661],[127.03194,37.3796],[127.02823,37.37902],[127.02789,37.36941],[127.02338,37.36351],[127.01763,37.35954],[127.01649,37.35624],[127.01819,37.35095],[127.01438,37.34939],[127.01103,37.34312],[127.02096,37.34885]],[[126.95254,37.30004],[126.9664,37.30003],[126.98304,37.32377],[127.00408,37.33836],[127.00073,37.33857],[126.99161,37.33398],[126.98965,37.33013],[126.98292,37.32668],[126.97123,37.33152],[126.96678,37.32384],[126.9694,37.32046],[126.9665,37.31739],[126.9666,37.30905],[126.96498,37.30547],[126.96203,37.30241],[126.95433,37.30312],[126.95244,37.30122],[126.95254,37.30004]],[[126.83769,37.72528],[126.85856,37.73179],[126.88553,37.71712],[126.90421,37.72569],[126.91089,37.74418],[126.9319,37.74644],[126.92895,37.74848],[126.90933,37.74674],[126.90102,37.73717],[126.90314,37.73295],[126.90264,37.72867],[126.89928,37.72688],[126.8942,37.72707],[126.88853,37.72297],[126.88216,37.72582],[126.87366,37.72596],[126.87275,37.72933],[126.86798,37.72845],[126.86487,37.73256],[126.85881,37.73336],[126.856,37.73555],[126.84153,37.73153],[126.83941,37.7287],[126.83495,37.72759],[126.83403,37.72545],[126.83769,37.72528]],[[126.85784,37.35952],[126.86696,37.35877],[126.88388,37.37335],[126.87909,37.39924],[126.88638,37.41136],[126.88094,37.41082],[126.87837,37.40889],[126.87508,37.41151],[126.87087,37.41216],[126.87051,37.40713],[126.87763,37.40505],[126.87797,37.39657],[126.87563,37.39524],[126.88164,37.37592],[126.86503,37.36186],[126.85786,37.3607],[126.85784,37.35952]],[[126.78642,37.33728],[126.79118,37.33707],[126.8258,37.36032],[126.85096,37.36099],[126.84833,37.36467],[126.832,37.36167],[126.82443,37.36581],[126.81887,37.36122],[126.81628,37.35545],[126.81357,37.35719],[126.80747,37.35552],[126.80517,37.35291],[126.79984,37.35452],[126.79679,37.35339],[126.79546,37.35486],[126.79183,37.35257],[126.79061,37.34795],[126.79318,37.34357],[126.78635,37.33842],[126.78642,37.33728]],[[126.75628,37.05627],[126.76965,37.0598],[126.7708,37.06546],[126.7731,37.06692],[126.77078,37.06725],[126.76953,37.0644],[126.76313,37.06307],[126.76164,37.06813],[126.76386,37.06872],[126.76446,37.07097],[126.76291,37.08021],[126.76476,37.0816],[126.76472,37.0869],[126.76687,37.08929],[126.76654,37.09427],[126.76859,37.09536],[126.77077,37.10167],[126.76992,37.10369],[126.76659,37.10382],[126.76431,37.10727],[126.75829,37.11142],[126.76041,37.11793],[126.76865,37.12712],[126.77247,37.12989],[126.77219,37.12783],[126.77428,37.12821],[126.77641,37.13215],[126.78257,37.13489],[126.78655,37.13253],[126.78743,37.12963],[126.79499,37.12889],[126.79612,37.13431],[126.80137,37.13836],[126.81174,37.13917],[126.81623,37.14306],[126.80804,37.14484],[126.80466,37.15194],[126.8015,37.15354],[126.79116,37.15004],[126.78153,37.15221],[126.79465,37.15744],[126.79781,37.16233],[126.80076,37.16324],[126.79639,37.16507],[126.79664,37.17131],[126.7923,37.17324],[126.79306,37.17675],[126.79647,37.18026],[126.79722,37.18903],[126.7948,37.18575],[126.79475,37.18153],[126.78902,37.17409],[126.78766,37.16945],[126.77533,37.1588],[126.75164,37.15557],[126.71221,37.12361],[126.69593,37.11572],[126.69001,37.11601],[126.68412,37.11413],[126.75628,37.05627]],[[126.69397,37.68752],[126.72712,37.70166],[126.77623,37.70192],[126.79205,37.72363],[126.7877,37.72293],[126.78437,37.71897],[126.77929,37.71727],[126.77458,37.71148],[126.77342,37.70387],[126.76681,37.70713],[126.76511,37.70385],[126.75973,37.70304],[126.75521,37.70517],[126.74927,37.70303],[126.74044,37.70651],[126.73853,37.70441],[126.73023,37.70501],[126.72658,37.70326],[126.72517,37.70454],[126.71633,37.70012],[126.70059,37.69682],[126.69497,37.69317],[126.69639,37.69151],[126.69148,37.68976],[126.69397,37.68752]]]]}},{"type":"Feature","properties":{"sido":"경남","name":"경상남도","rings":21,"vertices":3360,"dropped_islands":325},"geometry":{"type":"MultiPolygon","coordinates":[[[[128.23281,34.64934],[128.23391,34.65214],[128.23769,34.65037],[128.24244,34.6522],[128.2471,34.65191],[128.25801,34.64502],[128.26501,34.64597],[128.27136,34.64046],[128.27553,34.63937],[128.27317,34.6362],[128.27437,34.63367],[128.2704,34.63509],[128.26872,34.63374],[128.26515,34.63426],[128.26611,34.63182],[128.26967,34.62961],[128.27268,34.62996],[128.27224,34.62796],[128.27498,34.62476],[128.27881,34.6282],[128.27525,34.63096],[128.27814,34.63104],[128.2789,34.63378],[128.28289,34.63542],[128.28398,34.63795],[128.29024,34.64042],[128.29893,34.63896],[128.29352,34.63515],[128.2959,34.63148],[128.29354,34.63197],[128.29171,34.62905],[128.28958,34.63059],[128.28686,34.62615],[128.28645,34.62394],[128.28909,34.62119],[128.28314,34.62227],[128.2762,34.6206],[128.27262,34.62166],[128.27193,34.62461],[128.26416,34.62796],[128.26137,34.62688],[128.25967,34.62314],[128.25605,34.62125],[128.25607,34.61946],[128.25517,34.62117],[128.24373,34.61922],[128.245,34.61367],[128.23924,34.61141],[128.2343,34.61317],[128.23208,34.61739],[128.23708,34.61682],[128.24281,34.61979],[128.24267,34.6242],[128.23522,34.62946],[128.23759,34.63525],[128.23608,34.63576],[128.22972,34.63144],[128.22627,34.63301],[128.22359,34.638],[128.23439,34.63931],[128.23516,34.64402],[128.22891,34.64808],[128.23281,34.64934]]],[[[128.1914,34.71084],[128.19851,34.7063],[128.20091,34.70298],[128.20027,34.69892],[128.20154,34.69861],[128.20226,34.69289],[128.19866,34.69014],[128.19477,34.68885],[128.19726,34.69107],[128.19372,34.69333],[128.18499,34.69171],[128.17853,34.69553],[128.17659,34.69527],[128.17554,34.69721],[128.17241,34.69663],[128.17242,34.69881],[128.16908,34.70048],[128.16738,34.70386],[128.16799,34.70664],[128.1747,34.71153],[128.18182,34.70932],[128.1914,34.71084]]],[[[128.21324,34.8314],[128.21655,34.83857],[128.22581,34.83776],[128.23707,34.84142],[128.23761,34.83776],[128.24113,34.83545],[128.23998,34.83259],[128.24183,34.82958],[128.24301,34.83267],[128.24494,34.83288],[128.24629,34.82975],[128.24791,34.82988],[128.24958,34.82461],[128.26501,34.81818],[128.26519,34.81422],[128.26105,34.81494],[128.26088,34.80958],[128.25696,34.81092],[128.255,34.80819],[128.24552,34.81029],[128.24483,34.81387],[128.24269,34.81095],[128.23869,34.8112],[128.23881,34.80922],[128.24379,34.80913],[128.24233,34.80753],[128.2459,34.79968],[128.24301,34.79625],[128.24056,34.79581],[128.23677,34.8014],[128.22651,34.80007],[128.22636,34.80155],[128.22384,34.8014],[128.22311,34.80821],[128.21178,34.8075],[128.20849,34.81005],[128.21468,34.81233],[128.21438,34.81508],[128.21052,34.81459],[128.21067,34.81732],[128.20533,34.81644],[128.19941,34.81785],[128.19972,34.82007],[128.20277,34.8218],[128.19933,34.82456],[128.21352,34.82104],[128.21387,34.82289],[128.20709,34.82753],[128.21324,34.8314]]],[[[127.81063,34.85975],[127.81138,34.86252],[127.81012,34.8641],[127.81085,34.86502],[127.81391,34.86162],[127.81862,34.86805],[127.81567,34.87188],[127.81871,34.87173],[127.81798,34.87459],[127.82121,34.87651],[127.82269,34.87412],[127.82695,34.87367],[127.82866,34.87595],[127.83005,34.8806],[127.82702,34.88144],[127.82698,34.88487],[127.83002,34.8852],[127.82977,34.88768],[127.83212,34.88837],[127.83323,34.89087],[127.82615,34.89395],[127.83111,34.89536],[127.82793,34.90119],[127.82589,34.89938],[127.82583,34.90299],[127.83128,34.90216],[127.82975,34.89895],[127.83164,34.89704],[127.83316,34.89979],[127.83558,34.8998],[127.83517,34.90104],[127.8361,34.89967],[127.83559,34.89614],[127.8367,34.89517],[127.84038,34.89642],[127.84025,34.89922],[127.84187,34.89808],[127.84333,34.89925],[127.84033,34.90344],[127.84247,34.90444],[127.8417,34.9066],[127.8447,34.90461],[127.84427,34.90177],[127.84737,34.90101],[127.84997,34.90235],[127.84953,34.90416],[127.85049,34.90267],[127.86188,34.90142],[127.86426,34.90368],[127.86079,34.90801],[127.8579,34.90865],[127.85759,34.9116],[127.8514,34.91023],[127.8565,34.91299],[127.85291,34.91571],[127.85019,34.91405],[127.85021,34.91531],[127.85533,34.9185],[127.85351,34.92188],[127.8583,34.92102],[127.85946,34.9223],[127.85434,34.92746],[127.85969,34.92825],[127.86024,34.93016],[127.85839,34.93175],[127.85942,34.93309],[127.86194,34.93096],[127.86602,34.9314],[127.8655,34.93784],[127.87076,34.94196],[127.87368,34.94106],[127.89076,34.94696],[127.89339,34.94584],[127.89448,34.94684],[127.89753,34.94331],[127.90251,34.94112],[127.90737,34.94298],[127.90904,34.94155],[127.90909,34.93858],[127.91078,34.93849],[127.91345,34.94156],[127.91516,34.94132],[127.91612,34.93888],[127.91761,34.93918],[127.9181,34.9429],[127.92062,34.94026],[127.92312,34.9418],[127.92573,34.93972],[127.92389,34.93814],[127.92461,34.93613],[127.92286,34.93693],[127.92316,34.93532],[127.92145,34.93506],[127.92129,34.93276],[127.92447,34.93046],[127.92784,34.93209],[127.92726,34.92795],[127.9304,34.92508],[127.9261,34.92786],[127.92366,34.92701],[127.92774,34.92291],[127.92447,34.92004],[127.92771,34.91852],[127.92977,34.91448],[127.92753,34.91375],[127.92888,34.91217],[127.92481,34.91083],[127.9284,34.90668],[127.92457,34.9048],[127.92317,34.90181],[127.92071,34.9014],[127.9233,34.89774],[127.92469,34.89827],[127.92374,34.89628],[127.92597,34.89133],[127.92017,34.89217],[127.91617,34.88959],[127.91889,34.88779],[127.91366,34.88914],[127.90945,34.88589],[127.91063,34.88384],[127.9063,34.88333],[127.9067,34.88183],[127.9027,34.88493],[127.90081,34.88332],[127.90152,34.87827],[127.89789,34.87499],[127.89786,34.87223],[127.9018,34.86319],[127.90409,34.86293],[127.9019,34.86241],[127.90332,34.85952],[127.90818,34.85792],[127.9059,34.85693],[127.90902,34.85172],[127.91401,34.84997],[127.91459,34.84777],[127.91785,34.84815],[127.91417,34.84573],[127.91734,34.83556],[127.91961,34.83547],[127.92072,34.83779],[127.92214,34.83795],[127.92008,34.83562],[127.92202,34.83515],[127.92427,34.83077],[127.92816,34.83127],[127.93048,34.83284],[127.93008,34.83421],[127.93641,34.83144],[127.9404,34.8277],[127.94478,34.82908],[127.94192,34.82617],[127.94095,34.81812],[127.94429,34.80923],[127.95404,34.80484],[127.95986,34.80553],[127.96254,34.80798],[127.96578,34.80837],[127.96422,34.81157],[127.95857,34.81349],[127.96807,34.81761],[127.96875,34.81576],[127.97049,34.81577],[127.97155,34.81771],[127.97637,34.81919],[127.97793,34.82177],[127.97367,34.82241],[127.97699,34.82563],[127.98271,34.82652],[127.98471,34.82927],[127.99232,34.8333],[127.99453,34.83162],[127.99845,34.83334],[128.00848,34.83013],[128.01178,34.83169],[128.01899,34.83003],[128.01927,34.83318],[128.03058,34.83405],[128.03549,34.82583],[128.04175,34.82273],[128.0464,34.82367],[128.04744,34.82588],[128.04945,34.82622],[128.04895,34.8279],[128.05057,34.82767],[128.05139,34.82455],[128.05518,34.82152],[128.05934,34.82161],[128.06181,34.81841],[128.06589,34.81801],[128.06288,34.81575],[128.06536,34.81152],[128.06318,34.81014],[128.06141,34.80454],[128.06426,34.80058],[128.05873,34.79647],[128.06089,34.79999],[128.05628,34.80205],[128.05223,34.80052],[128.05077,34.79491],[128.057,34.79179],[128.05506,34.78688],[128.04899,34.78245],[128.04978,34.77344],[128.05412,34.7694],[128.05402,34.75572],[128.05842,34.75193],[128.05535,34.74764],[128.05587,34.74558],[128.04877,34.74305],[128.04831,34.74083],[128.04992,34.74],[128.04333,34.73924],[128.03835,34.73247],[128.03523,34.73153],[128.03447,34.72922],[128.0357,34.72852],[128.03452,34.72767],[128.03601,34.7258],[128.03364,34.7234],[128.03435,34.72156],[128.04304,34.71624],[128.04574,34.71647],[128.04458,34.71507],[128.04581,34.7135],[128.04719,34.71389],[128.04645,34.71505],[128.05273,34.71385],[128.05347,34.71714],[128.05368,34.71482],[128.05997,34.70994],[128.05651,34.70878],[128.05378,34.7116],[128.05328,34.70836],[128.04937,34.70711],[128.04901,34.70563],[128.04684,34.71003],[128.0427,34.70601],[128.04519,34.7038],[128.0482,34.70488],[128.04351,34.70223],[128.03608,34.70305],[128.03535,34.70513],[128.03728,34.70583],[128.03683,34.7074],[128.02924,34.70866],[128.02638,34.7074],[128.02566,34.70547],[128.02735,34.70498],[128.02714,34.70354],[128.02391,34.70121],[128.02032,34.70373],[128.02262,34.70701],[128.02224,34.71099],[128.02407,34.71175],[128.02434,34.71708],[128.02576,34.71703],[128.02636,34.71916],[128.02409,34.72189],[128.01486,34.72452],[128.00716,34.72069],[128.00713,34.71936],[128.00903,34.71926],[128.00872,34.71742],[128.01117,34.71657],[128.00736,34.71181],[128.0043,34.71273],[128.00444,34.71463],[128.00134,34.71682],[127.99864,34.7172],[127.99297,34.7144],[127.99129,34.71702],[127.99216,34.71996],[127.99013,34.7209],[127.98372,34.71798],[127.98511,34.71351],[127.98755,34.71188],[127.98369,34.70932],[127.97973,34.71192],[127.97086,34.71169],[127.96884,34.71318],[127.96521,34.71013],[127.95778,34.70958],[127.95768,34.71146],[127.95501,34.71223],[127.9532,34.71518],[127.95481,34.71747],[127.95829,34.71808],[127.95643,34.72041],[127.95754,34.7228],[127.95005,34.7252],[127.9546,34.73151],[127.94901,34.72995],[127.94769,34.7309],[127.94629,34.73598],[127.94759,34.7409],[127.94436,34.74715],[127.94827,34.76046],[127.94816,34.7626],[127.94603,34.76279],[127.94601,34.76329],[127.94813,34.76356],[127.95,34.76839],[127.9546,34.77282],[127.94939,34.77771],[127.94359,34.77794],[127.94283,34.7751],[127.9418,34.77663],[127.93592,34.77487],[127.92857,34.77603],[127.91941,34.7723],[127.91779,34.7692],[127.91378,34.76928],[127.9124,34.76748],[127.91083,34.7695],[127.90325,34.7651],[127.90311,34.76228],[127.90641,34.75733],[127.90499,34.75424],[127.90743,34.75057],[127.9103,34.74982],[127.90941,34.7447],[127.91278,34.73876],[127.90575,34.72796],[127.896,34.72604],[127.89067,34.72233],[127.87767,34.72482],[127.87407,34.72781],[127.86818,34.72673],[127.86587,34.72825],[127.85867,34.72761],[127.85735,34.72839],[127.86223,34.7314],[127.8623,34.73362],[127.85815,34.73708],[127.85546,34.73547],[127.85262,34.73668],[127.85155,34.73842],[127.85601,34.74064],[127.85634,34.74222],[127.85344,34.74774],[127.84946,34.75017],[127.84551,34.74742],[127.84366,34.74778],[127.84396,34.75029],[127.83795,34.7496],[127.83677,34.75043],[127.83772,34.75471],[127.83576,34.75585],[127.84171,34.7581],[127.84074,34.76],[127.84382,34.76294],[127.84133,34.7674],[127.84734,34.76912],[127.8489,34.76736],[127.84977,34.76897],[127.85209,34.76893],[127.85027,34.77411],[127.85213,34.77527],[127.84903,34.77528],[127.84766,34.77899],[127.84529,34.77873],[127.84661,34.78059],[127.84569,34.787],[127.83932,34.78935],[127.83556,34.7928],[127.83441,34.79631],[127.83657,34.8001],[127.83538,34.80296],[127.83215,34.80423],[127.83071,34.80866],[127.83316,34.80835],[127.83289,34.81071],[127.83071,34.80941],[127.82808,34.81109],[127.82802,34.81687],[127.82212,34.82118],[127.81288,34.83466],[127.81166,34.83986],[127.81268,34.84764],[127.80701,34.85348],[127.81118,34.85476],[127.81086,34.85669],[127.80731,34.85754],[127.81063,34.85975]]],[[[128.18063,34.85681],[128.18176,34.85557],[128.19038,34.85936],[128.1926,34.85838],[128.2001,34.86023],[128.20421,34.8582],[128.20658,34.85904],[128.20579,34.85644],[128.21015,34.85542],[128.2112,34.8536],[128.20988,34.85277],[128.21189,34.85112],[128.22278,34.85207],[128.22991,34.84838],[128.23275,34.8448],[128.22878,34.84226],[128.22179,34.8444],[128.22101,34.84217],[128.21405,34.84368],[128.2041,34.84237],[128.19985,34.83935],[128.19858,34.83321],[128.19548,34.8314],[128.19548,34.82934],[128.19081,34.82644],[128.18585,34.8263],[128.1816,34.82754],[128.17932,34.83143],[128.18432,34.83351],[128.18392,34.83651],[128.18139,34.83794],[128.18105,34.83625],[128.17838,34.8365],[128.17682,34.8387],[128.17264,34.83888],[128.17227,34.84049],[128.16852,34.84139],[128.16764,34.84512],[128.16783,34.85124],[128.17096,34.85362],[128.17995,34.85543],[128.18063,34.85681]]],[[[127.97908,34.88121],[127.97811,34.8858],[127.98223,34.88545],[127.98539,34.89179],[127.99072,34.89467],[127.99218,34.89896],[127.99062,34.90184],[127.99665,34.90707],[127.99606,34.90991],[128.00076,34.91145],[128.00351,34.91366],[128.0029,34.91515],[128.00785,34.91606],[128.01159,34.91941],[128.01303,34.9186],[128.01928,34.92075],[128.02272,34.91938],[128.03112,34.92175],[128.03286,34.91669],[128.02823,34.90944],[128.02944,34.90644],[128.02709,34.90598],[128.02541,34.9022],[128.01916,34.89765],[128.01951,34.89545],[128.01512,34.89257],[128.0162,34.89054],[128.01407,34.88845],[128.01552,34.88599],[128.01361,34.88147],[128.01174,34.88056],[128.01222,34.87709],[128.00945,34.87285],[128.01073,34.87112],[128.01005,34.86715],[128.01187,34.86576],[128.01841,34.86552],[128.01949,34.86342],[128.02434,34.86598],[128.02562,34.86786],[128.02244,34.8717],[128.0219,34.88155],[128.02331,34.88304],[128.02577,34.88209],[128.02525,34.88566],[128.02771,34.88569],[128.02819,34.88878],[128.03001,34.88727],[128.03176,34.88843],[128.02959,34.89109],[128.03117,34.8932],[128.03458,34.89347],[128.03349,34.89504],[128.03554,34.89748],[128.0376,34.8981],[128.03871,34.89667],[128.03682,34.89306],[128.03857,34.89199],[128.0411,34.89353],[128.04061,34.89531],[128.04756,34.89678],[128.04722,34.89419],[128.04108,34.89323],[128.04226,34.89108],[128.03946,34.88867],[128.0474,34.89035],[128.04763,34.88775],[128.05038,34.88697],[128.04655,34.88364],[128.04779,34.88184],[128.05548,34.8848],[128.05583,34.88234],[128.05854,34.88329],[128.05749,34.87955],[128.05987,34.8782],[128.06063,34.88023],[128.06396,34.87797],[128.06207,34.87504],[128.06565,34.87411],[128.06353,34.87065],[128.06664,34.86977],[128.06428,34.86118],[128.06033,34.86033],[128.06067,34.85733],[128.05982,34.85956],[128.05737,34.85905],[128.0555,34.85696],[128.05686,34.85482],[128.05548,34.85519],[128.05322,34.85262],[128.05814,34.85155],[128.05905,34.85377],[128.0623,34.85511],[128.06171,34.8516],[128.06591,34.84833],[128.0607,34.84871],[128.06057,34.84478],[128.06522,34.84387],[128.06703,34.84591],[128.06601,34.84756],[128.06941,34.8446],[128.07546,34.84414],[128.07716,34.84133],[128.0758,34.8392],[128.08157,34.83832],[128.08231,34.83569],[128.08464,34.83637],[128.08367,34.83235],[128.08727,34.82939],[128.07898,34.82895],[128.07605,34.83476],[128.07241,34.83598],[128.06992,34.8361],[128.06964,34.83261],[128.06479,34.83079],[128.06248,34.83482],[128.06046,34.83439],[128.05973,34.83621],[128.05735,34.83615],[128.05426,34.83902],[128.04547,34.83644],[128.04186,34.84012],[128.03719,34.84064],[128.03388,34.84391],[128.02215,34.84858],[128.02083,34.85268],[128.01695,34.8465],[128.01737,34.84354],[128.01943,34.84338],[128.0184,34.83856],[128.01239,34.83934],[128.00234,34.83589],[127.98687,34.8368],[127.97884,34.84146],[127.97562,34.84098],[127.96923,34.8437],[127.96926,34.84532],[127.97141,34.84569],[127.97059,34.84889],[127.96514,34.85268],[127.96386,34.85784],[127.96522,34.85834],[127.96152,34.86333],[127.96133,34.8667],[127.96387,34.87146],[127.97233,34.87847],[127.97737,34.87898],[127.97908,34.88121]]],[[[127.9658,34.9898],[127.96806,34.99006],[127.96982,34.98745],[127.96824,34.98546],[127.97099,34.98418],[127.96777,34.98431],[127.9659,34.9818],[127.97083,34.98171],[127.9716,34.98018],[127.97424,34.98111],[127.97375,34.97832],[127.97717,34.97746],[127.97755,34.97381],[127.98071,34.97215],[127.98289,34.97324],[127.97946,34.97068],[127.98031,34.96872],[127.98327,34.96934],[127.98627,34.96687],[127.98851,34.96929],[127.98686,34.97167],[127.98718,34.97323],[127.989,34.97071],[127.99102,34.97235],[127.99201,34.96998],[127.99494,34.97102],[127.99531,34.9684],[127.99161,34.96827],[127.99213,34.9651],[127.98991,34.96788],[127.98773,34.96605],[127.98359,34.96571],[127.98253,34.96433],[127.98406,34.96332],[127.97712,34.96582],[127.97176,34.96514],[127.97093,34.96684],[127.96974,34.96581],[127.96819,34.96936],[127.96233,34.9718],[127.96473,34.97457],[127.96172,34.97597],[127.96362,34.97697],[127.96251,34.98338],[127.96567,34.98233],[127.9658,34.9898]]],[[[127.60769,35.32504],[127.61514,35.33073],[127.62068,35.33268],[127.62329,35.34227],[127.62056,35.34722],[127.61584,35.34997],[127.61224,35.35585],[127.6102,35.36592],[127.61266,35.36893],[127.62127,35.37221],[127.62549,35.37674],[127.62529,35.3847],[127.63692,35.40104],[127.64639,35.4027],[127.65684,35.41392],[127.66047,35.41461],[127.66355,35.42621],[127.66573,35.42762],[127.66518,35.43565],[127.67062,35.43959],[127.67401,35.44548],[127.67272,35.44778],[127.66906,35.449],[127.66116,35.44754],[127.65332,35.45154],[127.64971,35.45158],[127.64519,35.44913],[127.63669,35.45935],[127.63573,35.46881],[127.63776,35.47041],[127.63779,35.47424],[127.63661,35.47821],[127.65285,35.48692],[127.65,35.49133],[127.65024,35.49765],[127.64431,35.49902],[127.64174,35.50512],[127.63755,35.50808],[127.63611,35.51184],[127.63427,35.51205],[127.63306,35.51527],[127.63428,35.52019],[127.63108,35.52046],[127.62521,35.52577],[127.62533,35.5314],[127.62871,35.53368],[127.62876,35.53562],[127.62471,35.53369],[127.6207,35.53384],[127.6189,35.53658],[127.61271,35.53565],[127.60647,35.54288],[127.60046,35.54505],[127.59856,35.54751],[127.59412,35.54799],[127.59145,35.55335],[127.58486,35.55391],[127.58732,35.55714],[127.58877,35.56477],[127.59228,35.56683],[127.59607,35.57369],[127.60481,35.57758],[127.60633,35.58158],[127.61096,35.58369],[127.60746,35.59491],[127.60887,35.59773],[127.61293,35.59916],[127.61203,35.60259],[127.61329,35.60854],[127.61819,35.61044],[127.62139,35.61511],[127.62561,35.61496],[127.62912,35.61825],[127.63512,35.61832],[127.62567,35.62913],[127.62426,35.63179],[127.62444,35.63806],[127.62026,35.64164],[127.6201,35.64614],[127.62217,35.64843],[127.62216,35.65102],[127.62937,35.65665],[127.62791,35.66222],[127.62895,35.66403],[127.63788,35.66897],[127.64026,35.67231],[127.63952,35.6863],[127.64217,35.68969],[127.6418,35.69289],[127.64521,35.69606],[127.645,35.6986],[127.64944,35.70136],[127.64944,35.7038],[127.65768,35.706],[127.6609,35.70982],[127.65987,35.71583],[127.66336,35.72538],[127.66039,35.73746],[127.66308,35.74162],[127.66183,35.74918],[127.66365,35.75588],[127.66229,35.76083],[127.66582,35.76883],[127.66951,35.77137],[127.67577,35.77087],[127.67947,35.76879],[127.68481,35.77768],[127.70028,35.78913],[127.70653,35.79202],[127.71037,35.79176],[127.71926,35.79727],[127.72061,35.80199],[127.72399,35.80526],[127.72456,35.81248],[127.72982,35.81321],[127.73247,35.82092],[127.73856,35.82706],[127.73943,35.82983],[127.73805,35.83518],[127.74445,35.84442],[127.75253,35.8414],[127.75773,35.83679],[127.76432,35.83884],[127.76888,35.83832],[127.77726,35.84331],[127.77917,35.84724],[127.78375,35.85083],[127.78757,35.85263],[127.79213,35.85246],[127.80436,35.85869],[127.80939,35.85506],[127.81416,35.85383],[127.81454,35.85679],[127.81939,35.8598],[127.81941,35.86253],[127.82656,35.86835],[127.83273,35.86892],[127.8349,35.86694],[127.8418,35.86637],[127.84481,35.87013],[127.84433,35.87513],[127.84678,35.8779],[127.85098,35.8776],[127.85356,35.88121],[127.85053,35.89028],[127.85823,35.89693],[127.85954,35.90649],[127.86409,35.90662],[127.86936,35.90403],[127.87952,35.90985],[127.88506,35.90961],[127.88228,35.90336],[127.88402,35.90131],[127.88285,35.8988],[127.88444,35.89788],[127.88473,35.89348],[127.88824,35.89235],[127.89344,35.88696],[127.90091,35.8875],[127.90277,35.89068],[127.91159,35.88986],[127.92022,35.89322],[127.91856,35.89039],[127.92287,35.88266],[127.92808,35.88127],[127.93022,35.87863],[127.92847,35.87688],[127.9299,35.87371],[127.92884,35.87039],[127.93322,35.8644],[127.9319,35.85966],[127.92711,35.85833],[127.92599,35.85572],[127.94226,35.85458],[127.94705,35.85972],[127.95118,35.86165],[127.95963,35.8603],[127.96155,35.8561],[127.97388,35.85208],[127.98175,35.85874],[127.98422,35.85764],[127.98705,35.85113],[127.99694,35.83712],[128.00404,35.83512],[128.01135,35.82915],[128.01751,35.83252],[128.02438,35.83295],[128.02978,35.83565],[128.0515,35.82992],[128.05487,35.83436],[128.061,35.8344],[128.06979,35.8412],[128.0844,35.837],[128.08632,35.833],[128.09076,35.83064],[128.09701,35.83202],[128.11087,35.82391],[128.11696,35.82349],[128.11937,35.8249],[128.12309,35.82241],[128.12455,35.81944],[128.1228,35.81486],[128.12396,35.8129],[128.12197,35.81153],[128.1234,35.80561],[128.12227,35.80332],[128.12872,35.79429],[128.12882,35.78948],[128.13756,35.78426],[128.14808,35.78403],[128.15437,35.78645],[128.15903,35.78367],[128.15828,35.78118],[128.16371,35.77719],[128.1616,35.76975],[128.16353,35.76344],[128.18928,35.75176],[128.18864,35.74964],[128.19077,35.74742],[128.19363,35.73839],[128.19809,35.73606],[128.19664,35.73048],[128.20125,35.72316],[128.19981,35.72067],[128.20197,35.71917],[128.20258,35.71228],[128.20032,35.70786],[128.20463,35.69705],[128.20266,35.69251],[128.20482,35.68392],[128.19883,35.68438],[128.19664,35.68143],[128.1927,35.6815],[128.19131,35.67878],[128.18445,35.67989],[128.18386,35.67674],[128.17917,35.67295],[128.17574,35.67412],[128.16391,35.67337],[128.15989,35.66591],[128.16166,35.65978],[128.15937,35.65674],[128.16156,35.65378],[128.16586,35.653],[128.1768,35.65696],[128.18524,35.65767],[128.197,35.65079],[128.20131,35.64374],[128.21044,35.6439],[128.21219,35.64098],[128.22012,35.64004],[128.22654,35.64154],[128.22964,35.63948],[128.23596,35.64073],[128.23771,35.64402],[128.23636,35.65108],[128.24446,35.6554],[128.24981,35.65127],[128.25864,35.6478],[128.26245,35.64286],[128.27204,35.64683],[128.27688,35.64702],[128.27948,35.65231],[128.29616,35.65085],[128.29728,35.65632],[128.30599,35.65548],[128.31791,35.65149],[128.32423,35.64665],[128.32954,35.64853],[128.3392,35.64465],[128.34917,35.64645],[128.35477,35.64178],[128.36192,35.62894],[128.36472,35.61358],[128.37175,35.61088],[128.37275,35.60847],[128.37785,35.60689],[128.38023,35.60925],[128.382,35.60676],[128.38441,35.60991],[128.39929,35.61592],[128.40255,35.61538],[128.40293,35.61731],[128.40617,35.61435],[128.41008,35.61515],[128.41393,35.61725],[128.41667,35.62196],[128.41963,35.62044],[128.42294,35.62517],[128.43101,35.62207],[128.43761,35.63068],[128.44035,35.63072],[128.44107,35.63399],[128.44577,35.63496],[128.44648,35.63841],[128.45418,35.63711],[128.46111,35.64066],[128.46618,35.63679],[128.47053,35.63662],[128.47849,35.64053],[128.48271,35.635],[128.48911,35.6358],[128.49569,35.63904],[128.50623,35.63957],[128.51069,35.64575],[128.50681,35.65015],[128.50569,35.65492],[128.50723,35.65566],[128.50911,35.66553],[128.50755,35.67286],[128.50946,35.67471],[128.51481,35.67546],[128.51817,35.67943],[128.52998,35.68301],[128.52683,35.67351],[128.53085,35.66272],[128.53568,35.66203],[128.53743,35.65976],[128.53784,35.65078],[128.53484,35.64367],[128.53816,35.63259],[128.53623,35.62758],[128.53681,35.62401],[128.55107,35.61665],[128.5561,35.61685],[128.55873,35.6148],[128.5588,35.60741],[128.56076,35.6033],[128.56619,35.60209],[128.56941,35.60397],[128.56978,35.59948],[128.57281,35.59749],[128.57297,35.59326],[128.58474,35.58646],[128.59269,35.58487],[128.60304,35.58008],[128.61462,35.58169],[128.61684,35.58392],[128.63075,35.58742],[128.63642,35.58487],[128.63807,35.5886],[128.64098,35.58892],[128.64409,35.59305],[128.65061,35.59462],[128.65529,35.59789],[128.65912,35.59743],[128.66452,35.59379],[128.67424,35.5961],[128.67831,35.59477],[128.6876,35.59502],[128.69161,35.59332],[128.69319,35.59088],[128.69503,35.58334],[128.70328,35.5781],[128.71241,35.57911],[128.71512,35.57771],[128.72462,35.58148],[128.72782,35.5775],[128.73229,35.57601],[128.73742,35.57715],[128.74135,35.57417],[128.74879,35.57073],[128.75385,35.57034],[128.75801,35.56753],[128.76624,35.56827],[128.76847,35.57084],[128.77116,35.56862],[128.7877,35.56749],[128.79237,35.57049],[128.79874,35.57827],[128.80071,35.58763],[128.80264,35.58914],[128.80966,35.58903],[128.82629,35.59678],[128.83365,35.59735],[128.84242,35.58922],[128.84559,35.58969],[128.85396,35.59707],[128.85426,35.60014],[128.85936,35.60622],[128.8648,35.60908],[128.86815,35.61612],[128.87199,35.61836],[128.87385,35.62159],[128.87538,35.63233],[128.88145,35.63547],[128.88479,35.63399],[128.88491,35.63187],[128.8888,35.62887],[128.90161,35.63318],[128.91505,35.64062],[128.94115,35.63507],[128.9512,35.63015],[128.95385,35.62525],[128.96126,35.62056],[128.96093,35.61562],[128.97281,35.61345],[128.98248,35.60876],[128.98673,35.60916],[128.99702,35.61497],[129.00274,35.62026],[129.00845,35.61597],[129.01667,35.61629],[129.02302,35.61344],[129.0227,35.6031],[129.02462,35.59992],[129.02266,35.59579],[129.02275,35.59126],[129.019,35.58688],[129.01889,35.58382],[129.01287,35.58291],[129.00793,35.58013],[128.99409,35.56701],[128.97791,35.56342],[128.97153,35.55986],[128.97235,35.55639],[128.9808,35.54674],[128.98935,35.55161],[128.99221,35.54748],[128.99699,35.54497],[128.99883,35.53854],[128.99598,35.53536],[128.9948,35.52808],[129.0076,35.52911],[129.00969,35.52806],[129.00917,35.52423],[129.01293,35.52314],[129.02734,35.52711],[129.03328,35.52582],[129.05582,35.53227],[129.05657,35.52711],[129.05227,35.52457],[129.05109,35.51977],[129.05277,35.5144],[129.07165,35.50566],[129.08626,35.50202],[129.09065,35.49832],[129.10527,35.49647],[129.10672,35.49514],[129.10679,35.48952],[129.10938,35.4866],[129.10854,35.48083],[129.1174,35.47589],[129.12127,35.47011],[129.12173,35.46353],[129.13087,35.45818],[129.14311,35.4457],[129.15203,35.44188],[129.16581,35.43219],[129.17695,35.43382],[129.17834,35.43232],[129.18555,35.43518],[129.19016,35.43499],[129.1965,35.43834],[129.20211,35.43207],[129.20021,35.43021],[129.20052,35.42375],[129.20314,35.42107],[129.21146,35.41906],[129.2147,35.41313],[129.21818,35.41153],[129.21907,35.40768],[129.21168,35.39989],[129.20888,35.39928],[129.20781,35.39578],[129.20283,35.39259],[129.20117,35.38778],[129.19913,35.3887],[129.19376,35.38225],[129.19918,35.37598],[129.19786,35.37144],[129.19876,35.3665],[129.19389,35.3634],[129.19337,35.36124],[129.18575,35.35858],[129.18279,35.35396],[129.17819,35.35177],[129.1686,35.3538],[129.16077,35.35952],[129.15012,35.36393],[129.13218,35.36574],[129.12749,35.36773],[129.12082,35.36725],[129.12219,35.36383],[129.12703,35.36241],[129.13329,35.35627],[129.13459,35.35145],[129.12737,35.3457],[129.12842,35.34371],[129.12401,35.33784],[129.12576,35.33206],[129.12106,35.3287],[129.11814,35.32248],[129.11358,35.32005],[129.11201,35.31667],[129.11241,35.31014],[129.10856,35.30458],[129.10591,35.30643],[129.10067,35.30397],[129.08839,35.30264],[129.07427,35.29076],[129.07058,35.29432],[129.05846,35.2948],[129.05223,35.28591],[129.05385,35.28206],[129.04856,35.27809],[129.0475,35.27421],[129.02954,35.27689],[129.01395,35.27398],[129.01482,35.27053],[129.01166,35.26339],[128.9988,35.23808],[128.99429,35.23404],[128.97631,35.22777],[128.95671,35.22525],[128.94853,35.22524],[128.94374,35.22825],[128.91976,35.21642],[128.91665,35.21696],[128.91255,35.22241],[128.91058,35.22281],[128.90953,35.2206],[128.90806,35.22198],[128.90533,35.22],[128.90973,35.21545],[128.89682,35.2132],[128.88641,35.21445],[128.87892,35.2099],[128.87056,35.20162],[128.87619,35.19263],[128.87606,35.18813],[128.88159,35.18253],[128.88004,35.17887],[128.88085,35.17145],[128.87383,35.174],[128.87264,35.17266],[128.87812,35.16849],[128.87615,35.16551],[128.87956,35.16194],[128.88193,35.16172],[128.88114,35.15913],[128.87456,35.15861],[128.87471,35.15364],[128.87665,35.15127],[128.87166,35.15046],[128.86519,35.15818],[128.86665,35.15976],[128.86945,35.15878],[128.87228,35.16229],[128.87079,35.16564],[128.86343,35.16797],[128.84632,35.16469],[128.84293,35.15799],[128.83617,35.15916],[128.82753,35.15559],[128.82299,35.15616],[128.816,35.16012],[128.80871,35.15894],[128.80569,35.16041],[128.80059,35.15807],[128.79692,35.15897],[128.78982,35.15717],[128.79586,35.15397],[128.80446,35.1388],[128.83427,35.12645],[128.84432,35.10394],[128.80425,35.08646],[128.78119,35.09944],[128.73547,35.0885],[128.70537,35.10165],[128.69072,35.14631],[128.66521,35.1273],[128.63706,35.14624],[128.61386,35.14515],[128.59623,35.16898],[128.59145,35.19655],[128.61979,35.20884],[128.58864,35.20641],[128.56717,35.18122],[128.60319,35.13028],[128.60536,35.10107],[128.62535,35.08738],[128.63897,35.06465],[128.60637,35.05202],[128.57982,35.04846],[128.56239,35.06625],[128.56359,35.08038],[128.53665,35.10891],[128.52089,35.09381],[128.4908,35.10374],[128.47012,35.09442],[128.4638,35.06842],[128.45644,35.06779],[128.46044,35.06296],[128.46867,35.06827],[128.46744,35.07512],[128.47055,35.07443],[128.47684,35.06903],[128.47512,35.06526],[128.48191,35.06552],[128.48256,35.06349],[128.47976,35.06325],[128.47985,35.0603],[128.47488,35.05501],[128.48208,35.05254],[128.47886,35.04716],[128.47314,35.04872],[128.46824,35.04806],[128.46833,35.04938],[128.46156,35.05048],[128.45884,35.04713],[128.46209,35.04587],[128.46257,35.04335],[128.46514,35.04395],[128.47233,35.03989],[128.47107,35.03713],[128.47356,35.03452],[128.47647,35.04214],[128.48142,35.0402],[128.48208,35.03678],[128.48594,35.03809],[128.48516,35.03361],[128.4807,35.03062],[128.48113,35.02859],[128.48264,35.02765],[128.48487,35.02929],[128.48551,35.026],[128.48866,35.02362],[128.49923,35.02173],[128.50149,35.01482],[128.50065,35.01328],[128.49577,35.01209],[128.49643,35.00993],[128.49183,35.00538],[128.48702,35.01151],[128.48329,35.01044],[128.48401,35.00583],[128.48105,35.00294],[128.48448,34.99991],[128.48003,34.9979],[128.47895,34.99906],[128.47668,34.99836],[128.47969,34.99575],[128.47802,34.99502],[128.47825,34.99302],[128.46892,34.99578],[128.46779,34.9978],[128.46487,34.99776],[128.47042,34.99021],[128.46663,34.98804],[128.46546,34.98909],[128.46365,34.98795],[128.4594,34.99057],[128.45849,34.99353],[128.45598,34.99047],[128.44997,34.99308],[128.44827,34.99228],[128.43939,34.99449],[128.42393,34.99411],[128.42199,34.99292],[128.41464,34.99689],[128.4074,34.99398],[128.40762,34.99008],[128.40852,34.98966],[128.41038,34.98813],[128.40811,34.98909],[128.4057,34.98646],[128.40871,34.98249],[128.41286,34.98651],[128.41345,34.98531],[128.41782,34.98678],[128.42687,34.98549],[128.42732,34.98344],[128.42822,34.98542],[128.43433,34.98503],[128.4411,34.98301],[128.44362,34.97765],[128.4431,34.97339],[128.44094,34.97091],[128.44382,34.96846],[128.43131,34.95696],[128.42911,34.95667],[128.42912,34.95096],[128.43125,34.95065],[128.43282,34.94936],[128.4293,34.95042],[128.43089,34.947],[128.42747,34.94239],[128.42539,34.94193],[128.42609,34.93934],[128.42917,34.93865],[128.42831,34.93532],[128.43343,34.93124],[128.43569,34.93145],[128.4284,34.92829],[128.42996,34.922],[128.42863,34.91423],[128.42556,34.91639],[128.41781,34.90988],[128.42115,34.9039],[128.42566,34.90467],[128.4254,34.90258],[128.42135,34.90105],[128.42229,34.8997],[128.41858,34.89264],[128.42341,34.88352],[128.42146,34.87267],[128.42317,34.87206],[128.42817,34.8767],[128.43258,34.87736],[128.43187,34.87948],[128.4344,34.88107],[128.43453,34.88418],[128.43096,34.8835],[128.43201,34.88796],[128.43536,34.88635],[128.43671,34.88981],[128.44512,34.88867],[128.43903,34.89299],[128.44428,34.89496],[128.44218,34.8969],[128.44454,34.90003],[128.45142,34.90275],[128.44912,34.90558],[128.44618,34.90458],[128.44298,34.91055],[128.43815,34.91199],[128.44396,34.91429],[128.45322,34.91445],[128.45215,34.91039],[128.45692,34.90785],[128.45756,34.9055],[128.46036,34.90494],[128.45538,34.90216],[128.45568,34.89975],[128.45771,34.89954],[128.45868,34.89762],[128.46107,34.89985],[128.46453,34.89922],[128.46575,34.89602],[128.46397,34.89438],[128.4655,34.89202],[128.47102,34.89179],[128.47307,34.89328],[128.47579,34.88972],[128.46885,34.88718],[128.47224,34.88661],[128.46999,34.88623],[128.47105,34.88433],[128.46752,34.88179],[128.46837,34.87999],[128.46658,34.87639],[128.46769,34.87387],[128.46629,34.87113],[128.46204,34.87127],[128.46041,34.87277],[128.45986,34.88123],[128.45765,34.8826],[128.45519,34.88169],[128.45637,34.87273],[128.45503,34.87248],[128.45391,34.8749],[128.45201,34.87381],[128.45652,34.86952],[128.45669,34.86836],[128.45408,34.86808],[128.45643,34.86478],[128.45179,34.86562],[128.44997,34.86805],[128.44664,34.86386],[128.45092,34.86042],[128.45077,34.85798],[128.45295,34.85847],[128.45389,34.85504],[128.45036,34.85165],[128.4521,34.84738],[128.4419,34.84362],[128.44114,34.84178],[128.4337,34.84426],[128.43267,34.84141],[128.43506,34.84167],[128.43625,34.84007],[128.44168,34.8406],[128.43308,34.83819],[128.43175,34.83945],[128.4306,34.83739],[128.42751,34.83955],[128.42645,34.84423],[128.42476,34.84449],[128.42378,34.84293],[128.4256,34.84153],[128.42518,34.83955],[128.41804,34.83964],[128.41068,34.83499],[128.41156,34.83335],[128.4192,34.83432],[128.42775,34.83182],[128.43078,34.82848],[128.43242,34.83084],[128.43521,34.82818],[128.43353,34.82662],[128.43476,34.82533],[128.43988,34.82861],[128.4415,34.82625],[128.43971,34.8234],[128.44137,34.82098],[128.43898,34.81655],[128.43947,34.81223],[128.44181,34.80905],[128.44173,34.8027],[128.43581,34.80281],[128.43318,34.80782],[128.43143,34.80576],[128.43252,34.7995],[128.43545,34.80085],[128.43999,34.79482],[128.43394,34.78915],[128.43012,34.79141],[128.42773,34.79047],[128.42018,34.79283],[128.42149,34.78841],[128.42559,34.78813],[128.43241,34.78253],[128.43456,34.78263],[128.43517,34.77974],[128.42413,34.77046],[128.42547,34.76863],[128.42327,34.76208],[128.42122,34.76511],[128.41429,34.76271],[128.40643,34.7625],[128.40443,34.76427],[128.40672,34.76815],[128.40216,34.76795],[128.39774,34.76563],[128.39708,34.77228],[128.39455,34.77358],[128.39628,34.77705],[128.3951,34.77813],[128.39689,34.77996],[128.39465,34.78107],[128.39101,34.77998],[128.38817,34.77583],[128.3884,34.77889],[128.38551,34.7796],[128.39144,34.78602],[128.3886,34.79053],[128.38165,34.7932],[128.38326,34.7971],[128.37644,34.79521],[128.37762,34.79214],[128.37556,34.78892],[128.37386,34.78993],[128.37376,34.7939],[128.36399,34.79576],[128.36913,34.80072],[128.3722,34.7995],[128.37257,34.8025],[128.37518,34.79906],[128.37821,34.79855],[128.37767,34.8022],[128.3759,34.80328],[128.37883,34.80326],[128.38065,34.80617],[128.37567,34.80759],[128.37768,34.81103],[128.38164,34.81097],[128.37908,34.81547],[128.36709,34.81841],[128.35825,34.82333],[128.35819,34.82565],[128.35549,34.82406],[128.34659,34.82535],[128.34063,34.8209],[128.3406,34.81827],[128.33836,34.81758],[128.33557,34.81819],[128.33715,34.82083],[128.33628,34.82298],[128.33318,34.82173],[128.33026,34.82613],[128.33054,34.82978],[128.33561,34.82608],[128.33717,34.82723],[128.33269,34.83445],[128.3361,34.83292],[128.33736,34.829],[128.33987,34.82885],[128.3411,34.83446],[128.33887,34.8353],[128.33945,34.83889],[128.33661,34.84108],[128.33737,34.84281],[128.33909,34.84068],[128.34196,34.84147],[128.34195,34.83499],[128.34475,34.83231],[128.34924,34.83521],[128.34678,34.84001],[128.34808,34.8424],[128.35085,34.8405],[128.35451,34.84225],[128.35476,34.83896],[128.35696,34.84076],[128.35872,34.83836],[128.35557,34.83341],[128.35642,34.83165],[128.36505,34.83506],[128.36412,34.83256],[128.36567,34.83056],[128.37081,34.83423],[128.37352,34.83243],[128.37282,34.8288],[128.37851,34.82969],[128.37532,34.82654],[128.37889,34.82633],[128.38233,34.82365],[128.38192,34.81972],[128.38624,34.81352],[128.38811,34.81553],[128.38674,34.81929],[128.38442,34.82035],[128.38557,34.82383],[128.38403,34.82591],[128.38443,34.82958],[128.3914,34.82622],[128.39134,34.8225],[128.40074,34.82869],[128.40402,34.82841],[128.40732,34.83346],[128.40406,34.83275],[128.40157,34.83589],[128.3986,34.83537],[128.39582,34.82963],[128.39266,34.82932],[128.39229,34.83079],[128.39408,34.83193],[128.39326,34.83418],[128.388,34.83589],[128.38504,34.83362],[128.38345,34.83551],[128.38341,34.83797],[128.38857,34.83929],[128.3882,34.84265],[128.3824,34.84421],[128.38046,34.84112],[128.37463,34.84122],[128.37172,34.844],[128.37672,34.84357],[128.3776,34.84582],[128.36747,34.851],[128.36698,34.85372],[128.3698,34.85005],[128.37237,34.85328],[128.37489,34.8512],[128.37794,34.85111],[128.38371,34.8574],[128.38504,34.85639],[128.38448,34.86106],[128.38767,34.85945],[128.3894,34.86155],[128.38876,34.86294],[128.39281,34.86178],[128.39722,34.86274],[128.39709,34.85829],[128.40123,34.86246],[128.4136,34.85914],[128.41537,34.86143],[128.41846,34.85945],[128.42078,34.86251],[128.41944,34.8655],[128.41546,34.86755],[128.41256,34.86666],[128.41367,34.86486],[128.41147,34.86459],[128.40903,34.86522],[128.40977,34.86695],[128.40581,34.86781],[128.40533,34.86559],[128.38678,34.86725],[128.38507,34.8686],[128.38496,34.8713],[128.387,34.87353],[128.3902,34.87231],[128.39094,34.87341],[128.3884,34.87622],[128.38269,34.87227],[128.38117,34.87304],[128.3815,34.87523],[128.38341,34.87602],[128.38196,34.87788],[128.38527,34.88136],[128.38099,34.88953],[128.37652,34.89112],[128.3757,34.89004],[128.37981,34.88586],[128.37849,34.88314],[128.37494,34.882],[128.37102,34.8858],[128.36935,34.88518],[128.3725,34.8799],[128.3715,34.87576],[128.37547,34.87285],[128.37588,34.87105],[128.37406,34.86945],[128.36811,34.87264],[128.3631,34.86998],[128.35615,34.8711],[128.35647,34.87431],[128.35522,34.87496],[128.35734,34.87711],[128.35623,34.87841],[128.35734,34.88014],[128.35295,34.87916],[128.35125,34.88627],[128.34986,34.88687],[128.3488,34.88572],[128.35041,34.87669],[128.34844,34.87334],[128.34416,34.87269],[128.34182,34.8744],[128.3424,34.8808],[128.34076,34.88227],[128.33921,34.88169],[128.34011,34.88059],[128.33366,34.88288],[128.33263,34.88153],[128.33677,34.87776],[128.33269,34.87752],[128.33126,34.87931],[128.33091,34.8766],[128.32851,34.87561],[128.32562,34.87926],[128.32566,34.88292],[128.32744,34.88255],[128.32928,34.88491],[128.32801,34.88652],[128.32188,34.8845],[128.31998,34.8797],[128.31751,34.88013],[128.31406,34.88565],[128.30927,34.88527],[128.31077,34.88682],[128.30901,34.89397],[128.30474,34.89528],[128.30616,34.89598],[128.30459,34.89766],[128.30001,34.89816],[128.29751,34.90141],[128.30789,34.90855],[128.31887,34.90957],[128.32002,34.90712],[128.32131,34.908],[128.32213,34.90673],[128.33277,34.90882],[128.33922,34.90845],[128.34603,34.90473],[128.35054,34.90541],[128.35569,34.90863],[128.35094,34.916],[128.35398,34.9169],[128.35446,34.91943],[128.34978,34.91921],[128.34632,34.92115],[128.34712,34.92243],[128.35092,34.92243],[128.35073,34.92362],[128.34736,34.92454],[128.3443,34.92341],[128.34319,34.92569],[128.34135,34.92219],[128.33854,34.92349],[128.33533,34.921],[128.33618,34.92535],[128.33788,34.92676],[128.33769,34.92436],[128.34131,34.924],[128.34451,34.92839],[128.34302,34.93046],[128.34516,34.93052],[128.34655,34.93302],[128.34485,34.93434],[128.34596,34.93517],[128.34387,34.93981],[128.33842,34.93759],[128.3376,34.93572],[128.33541,34.93607],[128.33707,34.9369],[128.33667,34.93868],[128.34019,34.93881],[128.34226,34.94308],[128.3402,34.94852],[128.33504,34.94423],[128.32919,34.94802],[128.33271,34.95408],[128.33214,34.95716],[128.33043,34.95491],[128.32531,34.95572],[128.32387,34.95814],[128.32156,34.95643],[128.31953,34.96223],[128.31693,34.96133],[128.31591,34.95855],[128.31939,34.95176],[128.31579,34.95064],[128.32039,34.94621],[128.32031,34.9446],[128.31645,34.94393],[128.31644,34.94223],[128.31382,34.94289],[128.31402,34.93891],[128.30966,34.93978],[128.30969,34.9425],[128.30724,34.94146],[128.30657,34.93628],[128.30183,34.93732],[128.29941,34.93602],[128.30136,34.92993],[128.2987,34.92687],[128.30187,34.92677],[128.30071,34.92489],[128.30244,34.92349],[128.3006,34.92314],[128.30049,34.92145],[128.30445,34.921],[128.30442,34.91854],[128.29914,34.91637],[128.30015,34.91273],[128.2953,34.91436],[128.29482,34.91114],[128.29236,34.9124],[128.29017,34.9099],[128.28662,34.91147],[128.28376,34.91634],[128.28196,34.91638],[128.27995,34.90847],[128.28182,34.90785],[128.28275,34.90468],[128.27417,34.90353],[128.27275,34.8999],[128.27101,34.90053],[128.27131,34.90433],[128.2757,34.90462],[128.27468,34.90741],[128.27619,34.90982],[128.2706,34.91195],[128.27097,34.91406],[128.26619,34.91226],[128.2679,34.91864],[128.26105,34.92333],[128.26105,34.92602],[128.25714,34.93035],[128.25997,34.93017],[128.26131,34.92716],[128.26578,34.92766],[128.26854,34.93031],[128.26655,34.93357],[128.27002,34.93468],[128.26742,34.93943],[128.26325,34.93751],[128.25905,34.94076],[128.25653,34.93675],[128.25198,34.9421],[128.24953,34.94283],[128.24798,34.94201],[128.24884,34.93748],[128.24496,34.93606],[128.24506,34.93929],[128.24358,34.9402],[128.24702,34.94205],[128.24548,34.944],[128.24418,34.94288],[128.23898,34.94376],[128.23759,34.94019],[128.23642,34.9421],[128.23341,34.94246],[128.22716,34.94097],[128.22226,34.94617],[128.21906,34.94445],[128.21978,34.94152],[128.21772,34.93912],[128.21256,34.94276],[128.21055,34.9418],[128.21189,34.93978],[128.20876,34.93614],[128.20686,34.94129],[128.19672,34.93746],[128.19789,34.93393],[128.20223,34.93375],[128.20362,34.93178],[128.19917,34.9322],[128.20059,34.92932],[128.20402,34.9279],[128.20331,34.92569],[128.20461,34.92508],[128.20115,34.92201],[128.19941,34.91602],[128.19599,34.91185],[128.19971,34.90189],[128.20311,34.89966],[128.2023,34.89413],[128.18955,34.89467],[128.18829,34.89346],[128.18669,34.89884],[128.18816,34.89951],[128.18786,34.90291],[128.18975,34.90383],[128.18796,34.90643],[128.18438,34.90595],[128.18643,34.90171],[128.18449,34.89966],[128.18389,34.89478],[128.17773,34.90035],[128.17908,34.90643],[128.1751,34.90747],[128.17144,34.90339],[128.17483,34.90246],[128.17654,34.89571],[128.16957,34.89682],[128.16862,34.89935],[128.16676,34.8998],[128.16929,34.89976],[128.16888,34.90147],[128.16571,34.90249],[128.16442,34.89921],[128.16716,34.89707],[128.1662,34.89737],[128.16105,34.90064],[128.15891,34.90604],[128.16005,34.90699],[128.15663,34.90949],[128.15175,34.90674],[128.15121,34.9044],[128.14561,34.90508],[128.14812,34.9023],[128.14755,34.90114],[128.14957,34.90028],[128.14972,34.8991],[128.14545,34.89962],[128.14443,34.90246],[128.14165,34.90361],[128.13923,34.89656],[128.14078,34.89385],[128.13782,34.89415],[128.13596,34.88942],[128.13291,34.88844],[128.13091,34.89226],[128.12785,34.89396],[128.12696,34.89833],[128.12292,34.90246],[128.12267,34.90483],[128.11796,34.9042],[128.12091,34.90723],[128.11875,34.91006],[128.11469,34.90953],[128.11481,34.90558],[128.11346,34.90574],[128.11255,34.9025],[128.10244,34.9003],[128.11099,34.90251],[128.10118,34.91442],[128.10982,34.91636],[128.1084,34.9213],[128.11163,34.92275],[128.11119,34.92394],[128.10275,34.92051],[128.10197,34.92585],[128.09954,34.92494],[128.10069,34.92369],[128.09775,34.92074],[128.09839,34.92448],[128.09613,34.92687],[128.08913,34.91907],[128.08324,34.91708],[128.08251,34.91804],[128.08604,34.91939],[128.08755,34.92636],[128.0805,34.92692],[128.07845,34.9255],[128.0777,34.92704],[128.07733,34.92417],[128.07638,34.92511],[128.07384,34.92281],[128.06709,34.92323],[128.07182,34.92413],[128.0729,34.92631],[128.07179,34.92736],[128.06446,34.92656],[128.06435,34.92455],[128.06241,34.92808],[128.05614,34.92799],[128.04131,34.94039],[128.03962,34.94],[128.03941,34.9464],[128.03598,34.95003],[128.03408,34.95006],[128.02994,34.95782],[128.03345,34.95829],[128.03972,34.96219],[128.03871,34.96353],[128.04555,34.96626],[128.04734,34.9704],[128.05007,34.96939],[128.05014,34.97404],[128.05239,34.97753],[128.04667,34.98069],[128.04492,34.98005],[128.04238,34.98927],[128.03905,34.98821],[128.04015,34.99104],[128.03878,34.99783],[128.03994,34.99972],[128.03795,35.00138],[128.0421,35.00377],[128.04373,35.00752],[128.04268,35.00848],[128.04471,35.00784],[128.04823,35.01033],[128.04854,35.01418],[128.05071,35.01566],[128.04467,35.02466],[128.03783,35.02132],[128.03745,35.01855],[128.0368,35.02221],[128.03489,35.02305],[128.04224,35.0315],[128.03965,35.034],[128.03884,35.04074],[128.04228,35.04672],[128.03832,35.04955],[128.03963,35.05689],[128.04342,35.06491],[128.06151,35.0785],[128.05731,35.07876],[128.05422,35.08178],[128.05638,35.08795],[128.05413,35.08573],[128.05227,35.07968],[128.04602,35.07542],[128.04017,35.07911],[128.0355,35.07746],[128.04042,35.07546],[128.04091,35.07181],[128.03711,35.07143],[128.03627,35.06892],[128.0324,35.0692],[128.03458,35.06264],[128.02874,35.05989],[128.02539,35.05358],[128.02821,35.04986],[128.0309,35.05075],[128.03062,35.04846],[128.02805,35.04847],[128.02872,35.04539],[128.02608,35.0429],[128.02721,35.04101],[128.02581,35.03441],[128.02355,35.03247],[128.02438,35.03159],[128.02217,35.03166],[128.0198,35.0283],[128.00893,35.03075],[128.00592,35.03358],[128.01388,35.03623],[128.01945,35.04105],[128.01001,35.04992],[128.00858,35.04763],[128.01373,35.04322],[128.01402,35.03961],[128.00838,35.03854],[128.004,35.04451],[128.0032,35.04216],[127.99735,35.04396],[127.99466,35.04656],[127.99111,35.04531],[127.98683,35.04657],[127.98445,35.04551],[127.98087,35.03532],[127.97404,35.0355],[127.97701,35.0315],[127.98403,35.03184],[127.98872,35.03379],[127.98781,35.03914],[127.99235,35.03724],[127.996,35.0376],[127.99702,35.03426],[127.99465,35.03186],[127.99796,35.03115],[128.00076,35.02771],[128.00439,35.02649],[128.00344,35.02488],[128.0059,35.02532],[128.00796,35.02289],[128.00745,35.0209],[128.00991,35.01635],[128.00718,35.01731],[128.00854,35.01531],[128.00705,35.01471],[128.0075,35.01302],[128.01261,35.01031],[128.01822,35.0101],[128.01612,35.00769],[128.01984,35.00465],[128.01499,35.00207],[128.0189,35.0014],[128.01587,34.99845],[128.01368,34.99023],[128.01182,34.99443],[128.00894,34.99651],[128.00743,34.99581],[128.00933,34.9927],[128.00757,34.99019],[128.00902,34.98995],[128.00959,34.98723],[128.01267,34.98641],[128.00851,34.98436],[128.00795,34.98243],[128.00368,34.98321],[128.00565,34.98482],[128.00533,34.98821],[128.00009,34.98344],[127.9999,34.98657],[128.00228,34.98928],[127.99899,34.99091],[128.00036,34.99485],[127.99753,34.996],[127.99713,34.99342],[127.99523,34.9938],[127.99352,34.99176],[127.99585,34.98796],[127.99521,34.98448],[127.99388,34.9844],[127.99426,34.98709],[127.99193,34.98691],[127.9893,34.98916],[127.98794,34.98547],[127.99163,34.98142],[127.98798,34.97852],[127.98837,34.97687],[127.98531,34.97923],[127.98269,34.97586],[127.98233,34.97801],[127.97692,34.98246],[127.97673,34.98656],[127.97446,34.9848],[127.97269,34.98674],[127.97456,34.98993],[127.97198,34.99091],[127.97342,34.99207],[127.97237,34.99389],[127.9686,34.9937],[127.96842,34.99271],[127.96742,34.99175],[127.96501,34.99486],[127.96271,34.99502],[127.96096,34.98831],[127.95705,34.98442],[127.95286,34.98667],[127.94705,34.98334],[127.95264,34.98123],[127.94882,34.98074],[127.94819,34.97894],[127.95194,34.97758],[127.95294,34.97557],[127.94498,34.97792],[127.94392,34.97974],[127.94117,34.97882],[127.94032,34.98136],[127.93473,34.98197],[127.93719,34.98441],[127.94345,34.98332],[127.94351,34.98461],[127.94019,34.9857],[127.9415,34.98756],[127.93893,34.98763],[127.93828,34.98971],[127.93409,34.98616],[127.93415,34.99076],[127.93221,34.9915],[127.93522,34.99636],[127.93692,34.99271],[127.93995,34.99271],[127.93794,34.99695],[127.94428,34.99796],[127.94468,34.99928],[127.94209,35.00009],[127.93502,34.998],[127.94159,35.00125],[127.94027,35.0043],[127.93753,35.00517],[127.93592,35.00204],[127.93633,35.0043],[127.931,35.00856],[127.9286,35.01347],[127.92236,35.01454],[127.91801,35.01018],[127.9223,35.00706],[127.92165,35.0045],[127.91973,35.00439],[127.91872,35.00247],[127.92105,35.00078],[127.91836,34.99985],[127.91656,34.99706],[127.91647,34.99487],[127.91946,34.99359],[127.91841,34.99203],[127.91619,34.99355],[127.91491,34.99209],[127.91757,34.98926],[127.92151,34.98989],[127.9223,34.98874],[127.91728,34.98831],[127.91872,34.98175],[127.91635,34.98181],[127.91404,34.98508],[127.90767,34.98329],[127.91098,34.97985],[127.91003,34.97766],[127.91174,34.97273],[127.9112,34.97138],[127.9083,34.97423],[127.90463,34.97291],[127.9041,34.97074],[127.90133,34.972],[127.89874,34.96683],[127.90018,34.96498],[127.89887,34.96273],[127.89699,34.96368],[127.89537,34.96253],[127.89734,34.96152],[127.8959,34.95976],[127.89835,34.95949],[127.89618,34.95543],[127.89407,34.95816],[127.89077,34.9562],[127.89173,34.95379],[127.88797,34.95543],[127.88658,34.95203],[127.88454,34.95622],[127.88121,34.9529],[127.882,34.94964],[127.8722,34.94647],[127.86809,34.9478],[127.86575,34.94623],[127.86212,34.94804],[127.86041,34.94699],[127.85766,34.95097],[127.85466,34.95027],[127.85479,34.94853],[127.85263,34.94915],[127.85217,34.94761],[127.84712,34.94688],[127.84853,34.94967],[127.84516,34.94972],[127.84321,34.95582],[127.8457,34.95799],[127.84535,34.9597],[127.84094,34.9631],[127.83861,34.95596],[127.83973,34.94813],[127.83868,34.95011],[127.8348,34.94945],[127.83247,34.94986],[127.83091,34.95118],[127.82812,34.95121],[127.82887,34.94808],[127.82123,34.94476],[127.8185,34.94916],[127.81603,34.94909],[127.8195,34.94369],[127.81551,34.93987],[127.81126,34.94],[127.80907,34.93832],[127.80695,34.94438],[127.79295,34.9417],[127.79053,34.93985],[127.78899,34.94081],[127.78967,34.94276],[127.78735,34.94342],[127.78601,34.94028],[127.78533,34.94069],[127.78069,34.94582],[127.78079,34.94962],[127.77787,34.95018],[127.77772,34.95242],[127.77332,34.95499],[127.77397,34.95703],[127.77161,34.96057],[127.77246,34.96344],[127.77034,34.9668],[127.7674,34.96732],[127.76514,34.97174],[127.76556,34.96632],[127.75939,34.96678],[127.76402,34.9767],[127.77365,34.98266],[127.77963,34.9887],[127.78681,35.01024],[127.7849,35.02085],[127.77879,35.02473],[127.77163,35.03372],[127.76808,35.05037],[127.76347,35.0548],[127.75155,35.05672],[127.74326,35.06096],[127.73994,35.06336],[127.73866,35.06995],[127.73628,35.07366],[127.71612,35.08347],[127.70662,35.09541],[127.69726,35.10178],[127.69486,35.10628],[127.69483,35.1239],[127.69381,35.128],[127.68868,35.13517],[127.6757,35.14735],[127.66023,35.15696],[127.65922,35.15898],[127.64837,35.16039],[127.63992,35.17081],[127.62462,35.18257],[127.61814,35.1909],[127.62131,35.19221],[127.61688,35.20691],[127.61707,35.20958],[127.62072,35.21283],[127.62109,35.22455],[127.61861,35.23095],[127.61915,35.23557],[127.61282,35.24162],[127.61243,35.24797],[127.61505,35.25055],[127.61266,35.25347],[127.61001,35.26216],[127.5957,35.26813],[127.59547,35.27195],[127.59114,35.27542],[127.58411,35.29103],[127.57737,35.29516],[127.57607,35.30608],[127.57748,35.3089],[127.58569,35.30917],[127.60477,35.31839],[127.60769,35.32504]],[[128.75358,35.34821],[128.74329,35.34825],[128.71461,35.36848],[128.70352,35.37111],[128.69696,35.37445],[128.69639,35.3734],[128.73667,35.34563],[128.76316,35.34481],[128.75358,35.34821]],[[128.60766,35.3858],[128.60844,35.38666],[128.60129,35.39333],[128.59336,35.39164],[128.57666,35.38083],[128.57411,35.372],[128.57721,35.36594],[128.57163,35.36156],[128.57146,35.35903],[128.58009,35.36471],[128.57922,35.37612],[128.6,35.39095],[128.60766,35.3858]],[[128.50851,35.26961],[128.50716,35.27323],[128.49715,35.27552],[128.49096,35.27376],[128.49089,35.26585],[128.48833,35.25992],[128.47894,35.25331],[128.47554,35.24861],[128.47456,35.24127],[128.47424,35.23939],[128.4763,35.23844],[128.49319,35.26251],[128.50851,35.26961]],[[128.49191,35.1991],[128.48947,35.20113],[128.48525,35.19747],[128.47905,35.18802],[128.46434,35.18859],[128.45814,35.18572],[128.45757,35.18394],[128.44579,35.18061],[128.4458,35.17698],[128.44621,35.17514],[128.44841,35.17717],[128.48108,35.18463],[128.49191,35.1991]],[[128.38035,35.03917],[128.38215,35.03657],[128.37888,35.03318],[128.37639,35.03355],[128.37655,35.03162],[128.37445,35.03005],[128.37258,35.03149],[128.36897,35.03117],[128.37087,35.02586],[128.37512,35.02406],[128.3738,35.02202],[128.37196,35.02413],[128.36673,35.02205],[128.36671,35.01833],[128.36815,35.01617],[128.3731,35.01519],[128.38265,35.01866],[128.38859,35.01706],[128.38957,35.03497],[128.39603,35.0384],[128.40927,35.04312],[128.41806,35.04265],[128.42136,35.04586],[128.42826,35.04467],[128.43492,35.04728],[128.43797,35.04554],[128.43939,35.04739],[128.43858,35.04923],[128.45032,35.05209],[128.44471,35.05595],[128.44223,35.06135],[128.4461,35.06872],[128.44263,35.06867],[128.42463,35.0532],[128.42764,35.07135],[128.42302,35.05657],[128.41986,35.05735],[128.41915,35.05488],[128.41515,35.05547],[128.4174,35.05965],[128.41584,35.06211],[128.41196,35.06186],[128.40967,35.05835],[128.40287,35.05787],[128.40112,35.05496],[128.39522,35.05127],[128.39183,35.0531],[128.3878,35.05187],[128.38732,35.05037],[128.38386,35.05051],[128.38461,35.0482],[128.38312,35.04597],[128.381,35.0468],[128.38156,35.04871],[128.37574,35.04992],[128.37341,35.04915],[128.37349,35.04461],[128.3649,35.04806],[128.36423,35.04695],[128.36766,35.04401],[128.37626,35.03879],[128.38035,35.03917]]],[[[128.46001,34.72083],[128.45618,34.72444],[128.45564,34.72827],[128.46022,34.731],[128.45981,34.73259],[128.46117,34.73172],[128.46203,34.734],[128.46579,34.73477],[128.47067,34.72913],[128.4643,34.7215],[128.46193,34.72112],[128.46023,34.71708],[128.46587,34.71115],[128.4661,34.70824],[128.46083,34.70413],[128.45558,34.70448],[128.4522,34.70524],[128.45212,34.70671],[128.44748,34.70962],[128.45092,34.71088],[128.45065,34.71322],[128.45996,34.71713],[128.46001,34.72083]]],[[[128.49416,34.75012],[128.49712,34.74831],[128.5009,34.74101],[128.50286,34.74181],[128.50188,34.74051],[128.50407,34.73932],[128.50494,34.74027],[128.50358,34.74224],[128.51404,34.73603],[128.5124,34.73379],[128.50444,34.73321],[128.50198,34.73893],[128.49719,34.73289],[128.49532,34.73258],[128.4925,34.73623],[128.48882,34.7334],[128.4864,34.7372],[128.48248,34.7356],[128.48376,34.73748],[128.48181,34.73999],[128.46736,34.7398],[128.46673,34.74111],[128.4753,34.74623],[128.48547,34.74513],[128.48953,34.74869],[128.49416,34.75012]]],[[[128.52179,34.76633],[128.52766,34.76411],[128.53161,34.76519],[128.53408,34.76451],[128.52981,34.76166],[128.53029,34.75765],[128.5386,34.7566],[128.54204,34.76043],[128.54555,34.76122],[128.55764,34.76004],[128.55972,34.75874],[128.55992,34.7554],[128.55439,34.7554],[128.55352,34.75353],[128.55773,34.752],[128.55881,34.75347],[128.5608,34.75101],[128.55994,34.74967],[128.55026,34.7484],[128.53705,34.75493],[128.53049,34.75612],[128.52623,34.75482],[128.51545,34.75918],[128.5081,34.7587],[128.51136,34.76021],[128.50958,34.76463],[128.51052,34.76594],[128.52179,34.76633]]],[[[128.46182,34.80621],[128.46811,34.8014],[128.46549,34.7944],[128.46608,34.78758],[128.46767,34.78799],[128.46971,34.79527],[128.47325,34.79365],[128.47504,34.79446],[128.47349,34.79719],[128.47481,34.79834],[128.47331,34.79946],[128.47382,34.80356],[128.47672,34.80401],[128.47972,34.80063],[128.4823,34.80009],[128.48228,34.79738],[128.48532,34.79769],[128.47829,34.80607],[128.46939,34.80467],[128.46572,34.81323],[128.46789,34.81347],[128.46938,34.81746],[128.47838,34.81549],[128.48414,34.81776],[128.48345,34.81579],[128.47937,34.81525],[128.47752,34.8129],[128.4809,34.80797],[128.48295,34.80874],[128.48346,34.81199],[128.48503,34.8108],[128.48798,34.81226],[128.48475,34.80701],[128.49138,34.80167],[128.49187,34.79926],[128.48971,34.79541],[128.49273,34.78946],[128.4924,34.78637],[128.49371,34.78618],[128.49329,34.78199],[128.50638,34.78366],[128.50438,34.78131],[128.51064,34.7783],[128.50887,34.77503],[128.51004,34.76986],[128.50838,34.76672],[128.50351,34.76655],[128.50361,34.76537],[128.502,34.76568],[128.49157,34.75757],[128.48493,34.75787],[128.47915,34.76242],[128.47676,34.76117],[128.47841,34.76044],[128.47495,34.75973],[128.46907,34.76158],[128.47164,34.76292],[128.47156,34.76506],[128.4676,34.76818],[128.47272,34.76898],[128.47322,34.77098],[128.47176,34.77136],[128.47147,34.77177],[128.47352,34.77198],[128.47197,34.77418],[128.47326,34.77576],[128.47048,34.77809],[128.46875,34.78333],[128.46556,34.78184],[128.45998,34.78657],[128.46266,34.78953],[128.46126,34.79447],[128.46377,34.79671],[128.46182,34.80621]]],[[[128.53741,34.82438],[128.54669,34.82378],[128.54737,34.81674],[128.54304,34.81278],[128.53974,34.80605],[128.53465,34.80298],[128.52799,34.80278],[128.52665,34.81166],[128.53115,34.81339],[128.53107,34.81611],[128.53479,34.82269],[128.53741,34.82438]]],[[[128.47876,34.88674],[128.48425,34.88823],[128.49023,34.89519],[128.48976,34.8971],[128.49281,34.89818],[128.49204,34.90068],[128.49474,34.90107],[128.49851,34.89835],[128.49836,34.90042],[128.5011,34.90172],[128.49662,34.90527],[128.4974,34.90713],[128.50036,34.90498],[128.50666,34.90391],[128.50618,34.90636],[128.50466,34.90626],[128.50037,34.91124],[128.50709,34.90715],[128.51519,34.90929],[128.51676,34.911],[128.51494,34.91267],[128.51523,34.9154],[128.51884,34.9151],[128.52394,34.92231],[128.52526,34.9208],[128.52518,34.92297],[128.52777,34.92341],[128.52944,34.92138],[128.53155,34.92275],[128.53248,34.92018],[128.53515,34.92224],[128.53839,34.92114],[128.53754,34.91859],[128.54494,34.91443],[128.54336,34.91136],[128.54951,34.90692],[128.55718,34.9056],[128.56014,34.90333],[128.55959,34.90184],[128.5655,34.89918],[128.57297,34.89878],[128.57595,34.90095],[128.57616,34.90398],[128.57414,34.90423],[128.57476,34.90524],[128.57081,34.90823],[128.58258,34.9143],[128.58627,34.91263],[128.58418,34.90733],[128.58911,34.90776],[128.59165,34.90464],[128.59224,34.90623],[128.59638,34.90622],[128.59753,34.9026],[128.60464,34.90346],[128.60647,34.90688],[128.60657,34.89753],[128.60908,34.89777],[128.60897,34.90017],[128.61112,34.9015],[128.61554,34.8957],[128.6228,34.89763],[128.62468,34.89353],[128.62578,34.89846],[128.61798,34.90635],[128.6164,34.90923],[128.61658,34.91434],[128.61439,34.91665],[128.61216,34.91353],[128.60816,34.91501],[128.61132,34.92313],[128.60361,34.92478],[128.60022,34.92868],[128.60053,34.93063],[128.59754,34.93011],[128.59227,34.93517],[128.59414,34.93737],[128.58684,34.9413],[128.58603,34.94321],[128.5857,34.9468],[128.5886,34.94886],[128.58855,34.9524],[128.59268,34.9509],[128.59336,34.94913],[128.59877,34.95311],[128.59911,34.95824],[128.60112,34.95877],[128.59865,34.96157],[128.59824,34.96585],[128.60577,34.96994],[128.60967,34.96793],[128.60927,34.96605],[128.61118,34.96512],[128.60826,34.96427],[128.60546,34.95789],[128.6093,34.95817],[128.61803,34.96399],[128.61755,34.9626],[128.62012,34.96127],[128.62627,34.96402],[128.63209,34.96126],[128.63428,34.96251],[128.63132,34.96575],[128.63283,34.96655],[128.63503,34.96577],[128.63571,34.96283],[128.64101,34.96132],[128.64219,34.95865],[128.64523,34.95876],[128.64638,34.96176],[128.64997,34.95849],[128.65126,34.96146],[128.6479,34.96239],[128.64701,34.96623],[128.64948,34.96976],[128.64882,34.97229],[128.65118,34.97479],[128.65013,34.97627],[128.65178,34.97759],[128.65027,34.9792],[128.65374,34.97976],[128.65557,34.9785],[128.65959,34.98154],[128.65288,34.98398],[128.65433,34.98899],[128.65567,34.99029],[128.65828,34.98847],[128.65944,34.99121],[128.66732,34.98846],[128.66456,34.99202],[128.66008,34.99354],[128.66104,34.99537],[128.65938,34.99779],[128.66427,34.99717],[128.66588,34.994],[128.67142,34.99866],[128.67327,34.99314],[128.67527,34.99337],[128.67459,34.99025],[128.67585,34.98878],[128.67774,34.98888],[128.6788,34.9871],[128.68143,34.98958],[128.67884,34.9966],[128.67483,34.99741],[128.67326,35.0003],[128.68244,35.00143],[128.68165,35.00733],[128.67942,35.00882],[128.67599,35.00465],[128.66945,35.00714],[128.66811,35.01058],[128.67181,35.01283],[128.67073,35.01437],[128.67203,35.01562],[128.67192,35.02194],[128.67388,35.02024],[128.67614,35.02158],[128.67504,35.03127],[128.6773,35.03307],[128.68292,35.03232],[128.68494,35.0339],[128.68469,35.03566],[128.67589,35.03892],[128.67593,35.04068],[128.68619,35.03878],[128.6898,35.03192],[128.69372,35.0303],[128.69976,35.03134],[128.69927,35.03651],[128.70543,35.0316],[128.71184,35.03129],[128.71479,35.0277],[128.71588,35.02868],[128.71797,35.02414],[128.72103,35.02375],[128.7193,35.02017],[128.72149,35.01835],[128.712,35.005],[128.70812,35.00958],[128.70183,35.00644],[128.70123,35.00179],[128.70665,35.0008],[128.70657,34.9962],[128.70219,34.99896],[128.69969,34.99726],[128.6941,34.99764],[128.69273,34.99576],[128.6944,34.99251],[128.69649,34.99292],[128.69448,34.99196],[128.69521,34.99042],[128.69691,34.99017],[128.69759,34.99228],[128.70034,34.99124],[128.69984,34.9875],[128.69725,34.98641],[128.69818,34.98471],[128.69685,34.98065],[128.69566,34.98156],[128.69476,34.98012],[128.6968,34.97254],[128.69958,34.97049],[128.70037,34.97219],[128.70396,34.9716],[128.70388,34.96961],[128.70784,34.96476],[128.70934,34.96601],[128.7169,34.96368],[128.7183,34.96023],[128.71538,34.96072],[128.71477,34.95819],[128.7199,34.94957],[128.72386,34.94833],[128.72694,34.93985],[128.72642,34.93771],[128.72189,34.93592],[128.72242,34.93879],[128.71854,34.94123],[128.71772,34.93988],[128.72028,34.93874],[128.71791,34.93588],[128.71501,34.93666],[128.71603,34.93475],[128.71991,34.93391],[128.71856,34.93303],[128.71917,34.93096],[128.71619,34.93014],[128.71915,34.92833],[128.71931,34.92643],[128.71616,34.92507],[128.71942,34.91841],[128.72284,34.91764],[128.72376,34.91463],[128.71999,34.90982],[128.71686,34.91206],[128.71457,34.91128],[128.71351,34.91298],[128.71103,34.91181],[128.71326,34.90364],[128.71731,34.90125],[128.71468,34.89964],[128.7073,34.89933],[128.70435,34.89174],[128.70002,34.88959],[128.6968,34.89047],[128.6988,34.8833],[128.69692,34.88107],[128.69981,34.8784],[128.69808,34.87645],[128.69852,34.87433],[128.70477,34.87939],[128.70902,34.87653],[128.70513,34.8723],[128.70989,34.86932],[128.71798,34.87737],[128.71674,34.88013],[128.72471,34.88905],[128.72617,34.88792],[128.7296,34.88875],[128.73217,34.89142],[128.73472,34.8884],[128.73654,34.88844],[128.73632,34.88545],[128.73981,34.88489],[128.7414,34.88742],[128.73948,34.88792],[128.73736,34.88911],[128.74132,34.88777],[128.75145,34.89487],[128.75227,34.89419],[128.74837,34.8882],[128.74284,34.88411],[128.74477,34.88046],[128.74052,34.88032],[128.73866,34.87843],[128.74299,34.8719],[128.74301,34.8677],[128.73989,34.86498],[128.7365,34.86525],[128.7332,34.86211],[128.72885,34.86262],[128.73,34.86468],[128.72909,34.86712],[128.72504,34.86669],[128.72376,34.86481],[128.72556,34.86234],[128.72767,34.86268],[128.72639,34.8616],[128.72907,34.85874],[128.72899,34.85345],[128.73366,34.85157],[128.73584,34.8455],[128.73514,34.84378],[128.72616,34.8413],[128.71833,34.84975],[128.70933,34.8461],[128.702,34.84094],[128.70293,34.83251],[128.70993,34.82843],[128.71074,34.83025],[128.71503,34.83201],[128.71745,34.83765],[128.72244,34.83921],[128.71826,34.83641],[128.72443,34.83191],[128.7253,34.82926],[128.72263,34.82579],[128.71881,34.82495],[128.71882,34.82209],[128.72126,34.82167],[128.72181,34.81398],[128.72807,34.81135],[128.73427,34.80082],[128.73712,34.79903],[128.73635,34.79643],[128.7397,34.78801],[128.73552,34.78701],[128.73459,34.79072],[128.73137,34.79369],[128.72782,34.79403],[128.724,34.79203],[128.70987,34.79512],[128.71055,34.79835],[128.71386,34.79896],[128.71531,34.80104],[128.70856,34.81293],[128.7059,34.81311],[128.70569,34.81074],[128.7003,34.8091],[128.70035,34.80786],[128.69992,34.80725],[128.69665,34.80722],[128.69546,34.80487],[128.69862,34.80286],[128.70086,34.80512],[128.69834,34.80135],[128.69889,34.79793],[128.69482,34.79719],[128.68879,34.79796],[128.69354,34.80554],[128.69171,34.80829],[128.67288,34.81456],[128.66754,34.81247],[128.66618,34.81008],[128.66838,34.80599],[128.66584,34.80057],[128.6684,34.79798],[128.66601,34.79336],[128.66779,34.79287],[128.6676,34.79063],[128.67286,34.78758],[128.67303,34.78584],[128.66981,34.78386],[128.66804,34.78021],[128.66379,34.77953],[128.66311,34.7775],[128.6584,34.77475],[128.64917,34.77915],[128.64333,34.77708],[128.63869,34.76981],[128.63791,34.76143],[128.64285,34.75762],[128.64472,34.75362],[128.64946,34.75053],[128.64673,34.74676],[128.65163,34.74227],[128.66223,34.74196],[128.66268,34.74484],[128.66879,34.74493],[128.67165,34.74231],[128.67658,34.7431],[128.68232,34.73701],[128.67859,34.73842],[128.67521,34.73682],[128.67566,34.72931],[128.67169,34.73017],[128.67247,34.7328],[128.67081,34.73492],[128.67269,34.73787],[128.67153,34.73928],[128.66703,34.73559],[128.6619,34.73955],[128.65614,34.73701],[128.65602,34.73971],[128.65322,34.74025],[128.65163,34.73442],[128.63952,34.73618],[128.62838,34.73012],[128.62769,34.7326],[128.63017,34.73328],[128.6305,34.73496],[128.62823,34.7369],[128.62115,34.7328],[128.61997,34.73038],[128.62176,34.72807],[128.62316,34.72886],[128.62233,34.73031],[128.62481,34.7309],[128.62679,34.72825],[128.62812,34.72883],[128.6298,34.72922],[128.62674,34.72785],[128.62677,34.72536],[128.63045,34.72015],[128.63654,34.71746],[128.64079,34.70739],[128.63185,34.70929],[128.62603,34.71406],[128.62072,34.71239],[128.61901,34.70694],[128.61519,34.70646],[128.61032,34.70229],[128.6092,34.70361],[128.60041,34.70417],[128.59721,34.70813],[128.59268,34.70768],[128.58855,34.7098],[128.58493,34.70849],[128.58031,34.70339],[128.57676,34.70773],[128.57852,34.70929],[128.57896,34.71497],[128.58135,34.71646],[128.58594,34.71546],[128.58778,34.71668],[128.58748,34.71976],[128.58504,34.71965],[128.58573,34.72255],[128.59309,34.72252],[128.59998,34.72535],[128.60042,34.72783],[128.60378,34.72614],[128.60448,34.73037],[128.60735,34.73175],[128.6066,34.73481],[128.60217,34.73691],[128.59759,34.73529],[128.59119,34.73873],[128.58499,34.7377],[128.58203,34.74028],[128.57592,34.73821],[128.57814,34.75334],[128.5825,34.75695],[128.5797,34.7621],[128.58447,34.76468],[128.58638,34.76409],[128.58519,34.76252],[128.58677,34.7614],[128.59129,34.76453],[128.59924,34.76283],[128.60102,34.76403],[128.60111,34.76707],[128.59775,34.76699],[128.598,34.76829],[128.59167,34.77055],[128.59642,34.7741],[128.59772,34.7772],[128.59446,34.77847],[128.59177,34.77575],[128.58205,34.77551],[128.57562,34.77895],[128.5746,34.77633],[128.56727,34.77334],[128.56671,34.77008],[128.56418,34.76738],[128.55508,34.76714],[128.55272,34.76932],[128.55307,34.77586],[128.55585,34.77837],[128.56088,34.77802],[128.56493,34.78311],[128.56768,34.78377],[128.56645,34.78518],[128.56882,34.78588],[128.56647,34.78798],[128.5583,34.78993],[128.55513,34.78791],[128.55438,34.7843],[128.54507,34.77803],[128.54441,34.77567],[128.54236,34.77572],[128.54122,34.77876],[128.54465,34.78476],[128.53871,34.78733],[128.54689,34.78812],[128.54995,34.79033],[128.55064,34.79415],[128.55365,34.79398],[128.55517,34.79023],[128.55899,34.79243],[128.56187,34.79034],[128.56508,34.79353],[128.57756,34.79346],[128.58408,34.79772],[128.58265,34.79914],[128.58432,34.79945],[128.58547,34.80313],[128.58267,34.8052],[128.58537,34.80711],[128.58648,34.81111],[128.58462,34.81788],[128.58608,34.82052],[128.58909,34.82122],[128.59544,34.82678],[128.59539,34.82875],[128.59249,34.8283],[128.58743,34.83128],[128.58516,34.83359],[128.58702,34.83555],[128.58584,34.83796],[128.57785,34.84014],[128.57899,34.84207],[128.57698,34.84378],[128.58148,34.84424],[128.58354,34.84143],[128.58709,34.84085],[128.58845,34.84738],[128.58435,34.84901],[128.58198,34.84612],[128.58247,34.85028],[128.57813,34.85369],[128.57283,34.85437],[128.56775,34.84657],[128.56842,34.8456],[128.56523,34.84681],[128.56318,34.84411],[128.56395,34.83501],[128.56228,34.83281],[128.54436,34.83427],[128.54284,34.83299],[128.5402,34.83543],[128.53771,34.83394],[128.53977,34.83177],[128.53684,34.82945],[128.53276,34.83146],[128.53327,34.83343],[128.52387,34.83233],[128.52366,34.83114],[128.52661,34.83124],[128.52763,34.8295],[128.52136,34.82665],[128.52749,34.82516],[128.52817,34.82161],[128.52233,34.82419],[128.51962,34.82286],[128.52383,34.81695],[128.52278,34.8152],[128.51662,34.80843],[128.51031,34.80905],[128.50918,34.81775],[128.50115,34.82335],[128.50127,34.82668],[128.503,34.82816],[128.50158,34.83318],[128.50251,34.83461],[128.496,34.83281],[128.49669,34.8291],[128.49457,34.82764],[128.49526,34.83341],[128.49317,34.83658],[128.482,34.8403],[128.48054,34.84671],[128.48007,34.84702],[128.47921,34.84673],[128.47815,34.84692],[128.47927,34.8476],[128.4771,34.85092],[128.48079,34.85185],[128.48153,34.85519],[128.47532,34.85584],[128.47534,34.85758],[128.47785,34.85792],[128.47572,34.85977],[128.4742,34.85849],[128.47597,34.86834],[128.47304,34.86999],[128.47223,34.87393],[128.47393,34.87479],[128.47201,34.87772],[128.47588,34.87913],[128.47606,34.88376],[128.47906,34.88529],[128.47876,34.88674]]],[[[128.51915,34.95153],[128.51677,34.95555],[128.51726,34.95938],[128.51211,34.96445],[128.51387,34.96541],[128.51725,34.97332],[128.51651,34.97488],[128.52807,34.97395],[128.53608,34.96945],[128.5358,34.96644],[128.53778,34.96397],[128.53606,34.96275],[128.53667,34.96387],[128.5355,34.96405],[128.53197,34.96097],[128.53227,34.95986],[128.53096,34.95867],[128.53085,34.96006],[128.52927,34.95817],[128.52588,34.95842],[128.52484,34.95624],[128.52397,34.95755],[128.52127,34.95559],[128.52328,34.95445],[128.52373,34.94974],[128.52577,34.94665],[128.53384,34.9418],[128.53273,34.93826],[128.52586,34.93957],[128.52485,34.93491],[128.52856,34.93453],[128.53007,34.92967],[128.52488,34.92791],[128.52246,34.93023],[128.51938,34.93001],[128.5205,34.93311],[128.51666,34.93472],[128.51198,34.94354],[128.51779,34.94622],[128.518,34.94853],[128.51546,34.94925],[128.51915,34.95153]]],[[[128.61788,34.98442],[128.62073,34.9853],[128.62237,34.98958],[128.62649,34.99305],[128.62526,34.99522],[128.61618,34.99503],[128.61731,34.99934],[128.63398,34.99853],[128.63497,35.00247],[128.63153,35.00524],[128.63134,35.00863],[128.63454,35.01065],[128.63392,35.0124],[128.63584,35.01216],[128.63697,35.01456],[128.63965,35.01565],[128.63836,35.01931],[128.6417,35.02053],[128.6418,35.01631],[128.63928,35.01501],[128.64169,35.01348],[128.64021,35.01221],[128.6411,35.0112],[128.64445,35.01273],[128.64375,35.01455],[128.64613,35.0156],[128.64862,35.02115],[128.6548,35.0126],[128.65237,35.01044],[128.65316,35.00538],[128.64955,35.00414],[128.65076,35.00106],[128.64612,35.0002],[128.64722,34.99653],[128.65247,34.99606],[128.65244,34.99374],[128.64781,34.99529],[128.64524,34.99406],[128.6475,34.99043],[128.64636,34.99019],[128.64773,34.98614],[128.64619,34.98277],[128.64757,34.981],[128.64495,34.97861],[128.63865,34.97715],[128.63097,34.97794],[128.62882,34.97591],[128.6268,34.97786],[128.63039,34.97886],[128.63048,34.98056],[128.6262,34.98017],[128.62175,34.98336],[128.61864,34.98153],[128.61948,34.97907],[128.61496,34.97355],[128.61247,34.97279],[128.60853,34.97533],[128.61301,34.98014],[128.61036,34.98394],[128.61535,34.98646],[128.61788,34.98442]]]]}},{"type":"Feature","properties":{"sido":"경북","name":"경상북도","rings":6,"vertices":1648,"dropped_islands":9},"geometry":{"type":"MultiPolygon","coordinates":[[[[127.79847,36.60208],[127.80312,36.60213],[127.81207,36.60758],[127.8186,36.60837],[127.82122,36.61126],[127.821,36.61331],[127.82756,36.61088],[127.83229,36.61276],[127.84073,36.60838],[127.8498,36.61312],[127.85516,36.61194],[127.85778,36.61326],[127.85573,36.61753],[127.84981,36.61958],[127.84784,36.62494],[127.85055,36.63108],[127.84675,36.63399],[127.85211,36.63579],[127.85658,36.63449],[127.86138,36.63564],[127.86353,36.6407],[127.87007,36.6456],[127.86987,36.64882],[127.87238,36.65034],[127.87394,36.65505],[127.87992,36.65662],[127.88206,36.64632],[127.88871,36.63965],[127.88734,36.63468],[127.88884,36.62919],[127.89686,36.62632],[127.90224,36.62759],[127.90859,36.62593],[127.91176,36.61461],[127.9188,36.60868],[127.91973,36.60155],[127.92519,36.60286],[127.92409,36.61545],[127.93242,36.6189],[127.93139,36.62459],[127.93588,36.63301],[127.93381,36.63608],[127.93431,36.64109],[127.93919,36.64697],[127.93885,36.65264],[127.93407,36.65332],[127.93164,36.6554],[127.93213,36.66455],[127.92915,36.66881],[127.91771,36.66785],[127.91291,36.67769],[127.90171,36.68053],[127.90014,36.68219],[127.89517,36.68109],[127.89135,36.68233],[127.88762,36.67863],[127.88209,36.67984],[127.88001,36.67871],[127.87429,36.68196],[127.88166,36.68369],[127.88091,36.68732],[127.8857,36.68821],[127.88858,36.69186],[127.89403,36.69227],[127.89419,36.69492],[127.89821,36.69313],[127.90733,36.69262],[127.91585,36.69399],[127.92647,36.69038],[127.92889,36.69088],[127.93159,36.69445],[127.93086,36.70136],[127.93357,36.70649],[127.94473,36.70609],[127.94917,36.70791],[127.94918,36.71988],[127.9536,36.72272],[127.95511,36.73185],[127.96015,36.73826],[127.96322,36.73338],[127.97072,36.7309],[127.97311,36.72634],[127.98004,36.72027],[127.98685,36.71756],[128.00183,36.71733],[128.00936,36.72837],[128.01484,36.73019],[128.02095,36.72194],[128.02579,36.7191],[128.0319,36.71879],[128.04938,36.7079],[128.05868,36.70895],[128.07048,36.70792],[128.07263,36.71232],[128.06774,36.72238],[128.06064,36.72689],[128.05755,36.73085],[128.05555,36.73043],[128.05067,36.73673],[128.03232,36.74758],[128.03237,36.75517],[128.0412,36.76834],[128.04475,36.77107],[128.04672,36.77885],[128.04556,36.78244],[128.04875,36.78361],[128.05502,36.79286],[128.05604,36.79845],[128.05398,36.80521],[128.05782,36.80719],[128.05691,36.80955],[128.05964,36.81677],[128.06421,36.81744],[128.07181,36.81454],[128.08537,36.8042],[128.08413,36.79916],[128.09303,36.79677],[128.09296,36.80286],[128.107,36.80722],[128.10988,36.82147],[128.11813,36.82146],[128.11902,36.82304],[128.12975,36.8251],[128.13389,36.82837],[128.13357,36.83279],[128.14106,36.83348],[128.14417,36.83021],[128.149,36.82863],[128.15075,36.82417],[128.15315,36.82243],[128.16269,36.821],[128.17132,36.8221],[128.18483,36.81663],[128.19368,36.81712],[128.20714,36.81243],[128.21427,36.81172],[128.21662,36.81312],[128.21732,36.81924],[128.21447,36.835],[128.21071,36.84244],[128.21125,36.8469],[128.21254,36.84973],[128.23007,36.84538],[128.23675,36.84548],[128.23853,36.85004],[128.2344,36.85468],[128.23466,36.86283],[128.2394,36.86518],[128.24037,36.87131],[128.24184,36.87233],[128.25213,36.86699],[128.26503,36.86414],[128.26874,36.86029],[128.27622,36.85715],[128.28243,36.8564],[128.28656,36.84508],[128.28946,36.84355],[128.29567,36.83536],[128.30579,36.82895],[128.31071,36.82847],[128.31086,36.82612],[128.31575,36.82276],[128.31648,36.81674],[128.32097,36.81565],[128.33446,36.81696],[128.35318,36.81245],[128.35676,36.81062],[128.35716,36.80628],[128.36412,36.80242],[128.36874,36.80234],[128.38146,36.8139],[128.39435,36.81487],[128.40349,36.81214],[128.42114,36.81181],[128.42524,36.81479],[128.42604,36.81837],[128.43204,36.82407],[128.43411,36.83414],[128.44147,36.83759],[128.44901,36.84791],[128.44666,36.85337],[128.44894,36.86282],[128.448,36.86439],[128.43831,36.87326],[128.42397,36.87653],[128.4275,36.88217],[128.42679,36.88925],[128.44014,36.90122],[128.44464,36.91373],[128.44506,36.91742],[128.44283,36.91985],[128.44159,36.92735],[128.45263,36.93072],[128.45598,36.93405],[128.46009,36.93426],[128.46019,36.93772],[128.46337,36.94374],[128.46278,36.94738],[128.46718,36.95146],[128.47642,36.95726],[128.48468,36.95748],[128.48602,36.96193],[128.50647,36.96996],[128.50642,36.97319],[128.51445,36.97751],[128.51548,36.98682],[128.52968,36.99081],[128.53544,36.99024],[128.54311,36.99213],[128.55446,36.99814],[128.55594,37.0057],[128.56279,37.00795],[128.56346,37.01013],[128.56915,37.0128],[128.57127,37.01593],[128.57265,37.02182],[128.56693,37.026],[128.56541,37.03072],[128.56785,37.03386],[128.57296,37.03594],[128.57746,37.03553],[128.58353,37.04373],[128.59674,37.04178],[128.60164,37.0441],[128.60661,37.04344],[128.60844,37.05282],[128.62171,37.04908],[128.62271,37.0455],[128.63239,37.0408],[128.63771,37.05093],[128.63671,37.05237],[128.63898,37.05284],[128.64612,37.06108],[128.65151,37.06318],[128.65308,37.06571],[128.65927,37.06041],[128.67565,37.05885],[128.68384,37.05163],[128.68907,37.05306],[128.70042,37.04088],[128.70886,37.03945],[128.71275,37.04265],[128.71867,37.04375],[128.72588,37.04235],[128.73583,37.03975],[128.74899,37.02896],[128.7533,37.02811],[128.75455,37.03196],[128.76201,37.03617],[128.76252,37.03783],[128.76138,37.04442],[128.75519,37.05016],[128.75232,37.05593],[128.75454,37.05982],[128.75526,37.06622],[128.75751,37.07001],[128.7654,37.06407],[128.76835,37.06786],[128.77008,37.07523],[128.77785,37.0792],[128.77777,37.08331],[128.77359,37.08751],[128.78028,37.09234],[128.78594,37.08785],[128.79942,37.08694],[128.80153,37.08435],[128.80027,37.07885],[128.80779,37.07592],[128.81257,37.07871],[128.81949,37.07705],[128.82938,37.07846],[128.83208,37.07507],[128.83163,37.06766],[128.83595,37.06594],[128.84402,37.05717],[128.84395,37.05467],[128.84681,37.05167],[128.86365,37.0487],[128.87257,37.04398],[128.87681,37.04606],[128.87854,37.05326],[128.8892,37.04975],[128.89609,37.04467],[128.89757,37.04541],[128.89681,37.05507],[128.90554,37.06397],[128.91028,37.0662],[128.91019,37.07023],[128.91691,37.07877],[128.91501,37.08368],[128.92354,37.09214],[128.93196,37.09089],[128.9457,37.09384],[128.95344,37.08496],[128.95343,37.08111],[128.95936,37.07767],[128.96993,37.07982],[128.97185,37.08165],[128.97763,37.08161],[128.9834,37.08462],[128.98861,37.08437],[128.99132,37.08255],[129.00961,37.07856],[129.01517,37.07953],[129.02036,37.0766],[129.02435,37.07835],[129.03044,37.07703],[129.03247,37.07501],[129.03669,37.07618],[129.04198,37.07109],[129.04833,37.07009],[129.05083,37.0681],[129.05321,37.07037],[129.0568,37.06808],[129.05596,37.06578],[129.05717,37.06497],[129.06407,37.06845],[129.06736,37.07467],[129.06561,37.07875],[129.07076,37.08405],[129.07036,37.0882],[129.07686,37.09292],[129.09115,37.09719],[129.09623,37.10041],[129.10458,37.09772],[129.1081,37.09357],[129.12298,37.09142],[129.12295,37.0898],[129.12669,37.08893],[129.12714,37.08449],[129.13362,37.08176],[129.13947,37.08227],[129.14421,37.07666],[129.14804,37.07613],[129.15532,37.0705],[129.158,37.07131],[129.1617,37.06893],[129.16618,37.06922],[129.1667,37.06541],[129.17036,37.06045],[129.17705,37.05672],[129.18368,37.04886],[129.18553,37.04181],[129.19458,37.04072],[129.19594,37.04249],[129.20505,37.04497],[129.21328,37.04301],[129.22531,37.04456],[129.23818,37.0389],[129.23802,37.04089],[129.23267,37.04422],[129.23174,37.05402],[129.22954,37.05474],[129.22852,37.05723],[129.23087,37.05899],[129.23296,37.06405],[129.23066,37.06913],[129.22538,37.07372],[129.24048,37.08511],[129.24903,37.09615],[129.25321,37.09691],[129.25907,37.10104],[129.26613,37.10246],[129.2699,37.10695],[129.26919,37.11021],[129.27125,37.11639],[129.27674,37.11855],[129.28184,37.11615],[129.28538,37.11725],[129.29422,37.11439],[129.29523,37.1203],[129.29778,37.12443],[129.29976,37.12439],[129.30387,37.12824],[129.30893,37.12799],[129.3118,37.13221],[129.31444,37.13137],[129.31825,37.13304],[129.32483,37.14229],[129.333,37.1407],[129.33408,37.1426],[129.33823,37.14337],[129.33951,37.14683],[129.34092,37.14477],[129.34784,37.14645],[129.35647,37.14489],[129.36385,37.14601],[129.36625,37.14061],[129.37123,37.13537],[129.37446,37.13527],[129.37328,37.13125],[129.3708,37.13],[129.3721,37.129],[129.37085,37.12638],[129.3736,37.12165],[129.37858,37.1188],[129.3759,37.11426],[129.37744,37.11274],[129.37515,37.11353],[129.37431,37.1119],[129.37493,37.1074],[129.37689,37.10554],[129.37479,37.10088],[129.38175,37.10261],[129.3831,37.10241],[129.38397,37.10163],[129.3788,37.10124],[129.37948,37.099],[129.38286,37.0966],[129.38152,37.09939],[129.38174,37.10019],[129.38249,37.10067],[129.38192,37.09902],[129.38785,37.09285],[129.39537,37.08848],[129.39365,37.08847],[129.39506,37.08733],[129.39309,37.08656],[129.39463,37.08449],[129.40154,37.07882],[129.42613,37.06491],[129.42722,37.06038],[129.42999,37.0582],[129.42847,37.0556],[129.42494,37.05459],[129.4248,37.05388],[129.42404,37.05187],[129.42273,37.0505],[129.42107,37.04955],[129.4244,37.05291],[129.42362,37.0541],[129.42042,37.05286],[129.42537,37.05547],[129.42428,37.05765],[129.41913,37.05715],[129.42001,37.05514],[129.41851,37.05593],[129.41484,37.05354],[129.41481,37.05199],[129.41993,37.05076],[129.41461,37.05193],[129.41359,37.0504],[129.41279,37.0448],[129.41463,37.04397],[129.4151,37.04273],[129.41332,37.04379],[129.41407,37.03926],[129.41599,37.0392],[129.4162,37.03875],[129.41436,37.03831],[129.41665,37.03437],[129.41565,37.03291],[129.41251,37.03302],[129.4093,37.02874],[129.40969,37.02305],[129.41447,37.01545],[129.41726,37.00579],[129.41662,36.99642],[129.41822,36.99307],[129.41131,36.98561],[129.40801,36.9775],[129.41162,36.97171],[129.41058,36.96874],[129.41329,36.96861],[129.41481,36.9649],[129.41919,36.95079],[129.41802,36.94778],[129.42089,36.93848],[129.417,36.93078],[129.41955,36.92284],[129.41854,36.9203],[129.41995,36.91945],[129.41864,36.9174],[129.41779,36.91883],[129.41565,36.91689],[129.41547,36.90841],[129.42035,36.8978],[129.41929,36.8918],[129.42023,36.89138],[129.42177,36.88901],[129.41939,36.89123],[129.41819,36.89334],[129.41556,36.89181],[129.41518,36.88968],[129.42004,36.88983],[129.41524,36.88811],[129.42172,36.87311],[129.4197,36.86826],[129.42681,36.85127],[129.43811,36.83825],[129.44342,36.83482],[129.44643,36.82831],[129.44801,36.82802],[129.45248,36.82429],[129.44802,36.82777],[129.44595,36.82719],[129.45744,36.81192],[129.45805,36.80456],[129.46044,36.80312],[129.45813,36.80414],[129.45758,36.80261],[129.46014,36.79723],[129.46254,36.79615],[129.46189,36.78849],[129.46899,36.78132],[129.47253,36.77439],[129.4787,36.76762],[129.47252,36.76072],[129.47516,36.75631],[129.47176,36.76067],[129.46767,36.75783],[129.46815,36.75622],[129.47349,36.75734],[129.47142,36.75527],[129.4678,36.756],[129.46751,36.75096],[129.47262,36.73824],[129.4703,36.73549],[129.47554,36.73455],[129.47676,36.72683],[129.47477,36.72303],[129.47431,36.72532],[129.47418,36.72377],[129.47283,36.72468],[129.47186,36.72341],[129.47224,36.71663],[129.47522,36.71094],[129.47409,36.7076],[129.476,36.69935],[129.46797,36.69339],[129.46773,36.68871],[129.47021,36.68625],[129.46548,36.68825],[129.46471,36.6854],[129.46811,36.68483],[129.46444,36.68458],[129.46597,36.67992],[129.45922,36.67599],[129.45778,36.67464],[129.45667,36.67192],[129.45602,36.67158],[129.45767,36.67468],[129.45914,36.67651],[129.46152,36.67786],[129.4589,36.68171],[129.45263,36.67898],[129.45497,36.67473],[129.45282,36.67775],[129.44987,36.67662],[129.4502,36.67521],[129.44768,36.67809],[129.44278,36.6762],[129.43756,36.6707],[129.43322,36.66318],[129.434,36.66086],[129.43274,36.66167],[129.4308,36.65927],[129.42792,36.6489],[129.42527,36.64562],[129.42388,36.64589],[129.42198,36.64137],[129.41744,36.63952],[129.41671,36.63028],[129.41193,36.62205],[129.41564,36.60334],[129.41524,36.59865],[129.41245,36.6005],[129.40904,36.59488],[129.41111,36.58647],[129.4158,36.57474],[129.42409,36.56697],[129.42482,36.56451],[129.42886,36.56421],[129.43144,36.56049],[129.43507,36.55886],[129.43324,36.55932],[129.43227,36.55748],[129.44072,36.55158],[129.43899,36.53671],[129.4408,36.5328],[129.43986,36.53029],[129.44164,36.52237],[129.444,36.52108],[129.44362,36.51321],[129.45169,36.51087],[129.44834,36.51084],[129.44769,36.50777],[129.44924,36.50785],[129.4493,36.50995],[129.4529,36.50839],[129.44647,36.5033],[129.44408,36.49325],[129.44522,36.48989],[129.43594,36.48435],[129.4357,36.48213],[129.4343,36.48379],[129.43451,36.48194],[129.43269,36.48123],[129.43269,36.47601],[129.43469,36.47528],[129.43403,36.47312],[129.43786,36.46599],[129.4346,36.45333],[129.43629,36.44698],[129.4344,36.44469],[129.43476,36.44227],[129.43272,36.4411],[129.4356,36.42623],[129.43076,36.41732],[129.42931,36.40903],[129.42674,36.40523],[129.42571,36.40677],[129.42385,36.4052],[129.42213,36.40054],[129.41709,36.39825],[129.41355,36.39136],[129.40749,36.38936],[129.40569,36.38151],[129.39484,36.36771],[129.39395,36.36273],[129.39108,36.35976],[129.39274,36.35753],[129.39282,36.35577],[129.38992,36.35917],[129.38759,36.35615],[129.38824,36.34874],[129.3864,36.34441],[129.38228,36.34206],[129.38202,36.33806],[129.3791,36.33288],[129.38164,36.32346],[129.3815,36.31732],[129.38061,36.31948],[129.3791,36.31911],[129.37907,36.30877],[129.3766,36.30636],[129.37949,36.29889],[129.37785,36.29582],[129.37819,36.29049],[129.37425,36.28896],[129.37515,36.28331],[129.38057,36.27531],[129.37574,36.26818],[129.37258,36.26709],[129.37857,36.26534],[129.37554,36.25164],[129.38745,36.23749],[129.37951,36.18679],[129.40211,36.16163],[129.40012,36.13195],[129.44296,36.0973],[129.42108,36.0856],[129.42254,36.07363],[129.38331,36.05746],[129.37609,36.04643],[129.38646,36.02677],[129.41918,36.00929],[129.43191,35.99396],[129.45416,35.98874],[129.47625,36.01013],[129.50508,36.02266],[129.50642,36.03374],[129.53558,36.05473],[129.5494,36.0822],[129.57186,36.07382],[129.58568,36.01683],[129.58132,36.00501],[129.55876,35.98767],[129.55681,35.96488],[129.53641,35.93346],[129.52138,35.9241],[129.5297,35.90244],[129.52235,35.86979],[129.53,35.86057],[129.52021,35.83783],[129.51602,35.8354],[129.51174,35.82648],[129.51051,35.82701],[129.50849,35.824],[129.50951,35.82044],[129.51329,35.81658],[129.51305,35.81433],[129.51185,35.81495],[129.51012,35.81184],[129.51154,35.80691],[129.50882,35.80563],[129.50918,35.80693],[129.50628,35.80872],[129.50359,35.80747],[129.50339,35.80461],[129.50705,35.80593],[129.5026,35.80134],[129.49927,35.80014],[129.50134,35.79366],[129.49624,35.79101],[129.49595,35.78993],[129.49509,35.78878],[129.49583,35.79157],[129.49377,35.79152],[129.49118,35.78805],[129.49093,35.7825],[129.49409,35.77723],[129.49568,35.77705],[129.49474,35.77521],[129.49642,35.77309],[129.49402,35.76994],[129.49418,35.76098],[129.49374,35.75962],[129.4931,35.76075],[129.49093,35.75895],[129.4914,35.755],[129.49424,35.75228],[129.48829,35.74805],[129.48731,35.74522],[129.48299,35.74336],[129.48603,35.72957],[129.48168,35.72526],[129.48064,35.71943],[129.47825,35.71703],[129.47919,35.71279],[129.47189,35.70607],[129.47734,35.69062],[129.47588,35.69276],[129.47457,35.69184],[129.47633,35.69021],[129.47056,35.67954],[129.46652,35.67971],[129.46428,35.67763],[129.46489,35.66692],[129.46227,35.66549],[129.45669,35.6668],[129.45283,35.66494],[129.45027,35.65314],[129.45087,35.65246],[129.45112,35.65178],[129.44992,35.65242],[129.44963,35.65102],[129.43936,35.65521],[129.43508,35.65245],[129.43255,35.65645],[129.4284,35.65558],[129.41109,35.66379],[129.40342,35.66297],[129.39997,35.66757],[129.38188,35.67117],[129.37265,35.66923],[129.37159,35.67208],[129.36786,35.67318],[129.36386,35.67869],[129.35382,35.67938],[129.34881,35.67721],[129.34006,35.66964],[129.33398,35.66948],[129.33285,35.66516],[129.33089,35.66541],[129.32869,35.6626],[129.33016,35.65996],[129.32907,35.65818],[129.32348,35.65854],[129.31936,35.65636],[129.31807,35.65878],[129.31488,35.65823],[129.31129,35.66048],[129.3077,35.65716],[129.30456,35.65718],[129.30406,35.6517],[129.30228,35.65125],[129.30294,35.64778],[129.2982,35.6475],[129.29642,35.64344],[129.29154,35.6452],[129.28998,35.64797],[129.28294,35.65159],[129.28016,35.65019],[129.27501,35.65307],[129.26978,35.65108],[129.25988,35.65488],[129.2555,35.66046],[129.25475,35.66641],[129.25972,35.67231],[129.26096,35.67885],[129.25864,35.68311],[129.26209,35.68574],[129.26257,35.6911],[129.25675,35.70071],[129.23401,35.70387],[129.23286,35.70769],[129.22437,35.70956],[129.22046,35.71392],[129.21801,35.71317],[129.20939,35.71862],[129.20818,35.72122],[129.20224,35.71923],[129.20083,35.71599],[129.19809,35.71445],[129.19269,35.7184],[129.18665,35.71952],[129.18609,35.72134],[129.18163,35.72346],[129.17843,35.71721],[129.17239,35.71386],[129.16803,35.71554],[129.16031,35.71481],[129.1541,35.72186],[129.14607,35.72491],[129.14143,35.72409],[129.13783,35.72108],[129.13951,35.71824],[129.13654,35.71539],[129.13678,35.71287],[129.13416,35.71211],[129.12699,35.714],[129.123,35.70733],[129.1175,35.70667],[129.11568,35.70843],[129.11288,35.70838],[129.09069,35.70269],[129.07715,35.69306],[129.06993,35.68235],[129.07066,35.67875],[129.07303,35.67738],[129.06731,35.67165],[129.06904,35.66905],[129.06737,35.6619],[129.068,35.65878],[129.07036,35.65864],[129.07611,35.651],[129.08068,35.64796],[129.08086,35.64325],[129.07555,35.64036],[129.06932,35.64539],[129.04701,35.65042],[129.04334,35.64097],[129.03697,35.63246],[129.02654,35.63636],[129.02099,35.63506],[129.01802,35.62965],[129.0096,35.62584],[129.00014,35.61722],[128.98675,35.60912],[128.98262,35.60871],[128.97275,35.61345],[128.96088,35.61558],[128.96107,35.62069],[128.95359,35.62524],[128.95113,35.63015],[128.94077,35.63514],[128.91499,35.64059],[128.8919,35.62931],[128.88725,35.62911],[128.88482,35.63388],[128.88157,35.63538],[128.87711,35.63371],[128.87543,35.63225],[128.87388,35.62164],[128.87196,35.61825],[128.86826,35.61622],[128.86479,35.60905],[128.85938,35.60616],[128.85433,35.60013],[128.85407,35.59718],[128.8457,35.58962],[128.84264,35.58899],[128.83352,35.59733],[128.8237,35.59609],[128.82139,35.59356],[128.80956,35.58898],[128.80265,35.58914],[128.80073,35.58759],[128.79879,35.57833],[128.79491,35.57322],[128.78553,35.56689],[128.77104,35.56863],[128.76855,35.57058],[128.76635,35.56824],[128.75814,35.56749],[128.75378,35.57032],[128.74876,35.57073],[128.74129,35.57413],[128.73742,35.57704],[128.73197,35.57595],[128.72768,35.57751],[128.7244,35.58151],[128.71496,35.5776],[128.71238,35.57909],[128.70331,35.57801],[128.69494,35.58342],[128.69315,35.59092],[128.68757,35.595],[128.67416,35.59609],[128.66442,35.59375],[128.65917,35.5974],[128.65587,35.59787],[128.65061,35.59461],[128.6442,35.59311],[128.6409,35.58882],[128.63794,35.58843],[128.63653,35.5847],[128.63066,35.58738],[128.61689,35.58387],[128.6147,35.58166],[128.60287,35.58006],[128.59269,35.58486],[128.5848,35.58643],[128.57296,35.59322],[128.57277,35.5974],[128.56977,35.5994],[128.56883,35.60319],[128.56626,35.60207],[128.56081,35.60323],[128.55874,35.60737],[128.55837,35.61502],[128.55606,35.61668],[128.55124,35.61655],[128.53655,35.6245],[128.53811,35.63245],[128.53477,35.6437],[128.53781,35.65081],[128.53742,35.65973],[128.53552,35.66199],[128.53078,35.66274],[128.52681,35.67351],[128.53481,35.69412],[128.53186,35.69662],[128.53377,35.7034],[128.52791,35.71274],[128.53331,35.71647],[128.54404,35.71945],[128.54609,35.72265],[128.5525,35.7266],[128.56086,35.72963],[128.56477,35.73676],[128.57167,35.73457],[128.58052,35.73867],[128.58974,35.73161],[128.59222,35.73276],[128.59424,35.73707],[128.60049,35.73639],[128.6075,35.739],[128.61243,35.73852],[128.61493,35.73032],[128.60999,35.72496],[128.61617,35.71957],[128.61688,35.71682],[128.614,35.71415],[128.61387,35.71024],[128.62031,35.70278],[128.62385,35.70239],[128.63093,35.70679],[128.63822,35.7058],[128.64359,35.70704],[128.64607,35.70819],[128.64727,35.71149],[128.65363,35.71403],[128.65661,35.71786],[128.66103,35.72005],[128.67058,35.71889],[128.67335,35.721],[128.68317,35.72155],[128.68314,35.72558],[128.69048,35.73042],[128.69189,35.73305],[128.68928,35.74019],[128.69347,35.74355],[128.69244,35.74672],[128.69541,35.75597],[128.69117,35.76022],[128.69142,35.76386],[128.68927,35.76727],[128.68635,35.76872],[128.68645,35.77739],[128.68182,35.78317],[128.68251,35.79015],[128.68977,35.79281],[128.69284,35.79696],[128.69664,35.79455],[128.69981,35.79506],[128.70263,35.7986],[128.70752,35.80021],[128.70777,35.80249],[128.71023,35.80429],[128.71589,35.80523],[128.71745,35.80698],[128.71385,35.81752],[128.70906,35.8216],[128.70864,35.82657],[128.71832,35.83546],[128.72205,35.8348],[128.72503,35.83618],[128.72406,35.83943],[128.72629,35.84242],[128.72686,35.84718],[128.72515,35.85396],[128.72187,35.85695],[128.72551,35.8578],[128.73493,35.85151],[128.73859,35.85132],[128.75071,35.85752],[128.7551,35.86358],[128.75979,35.86631],[128.7598,35.86856],[128.75773,35.87003],[128.76106,35.87456],[128.75751,35.87601],[128.75692,35.87783],[128.76019,35.88159],[128.76225,35.88892],[128.75781,35.89534],[128.75656,35.90357],[128.75959,35.90733],[128.75533,35.91496],[128.74268,35.9204],[128.73667,35.92963],[128.73825,35.9304],[128.73807,35.93413],[128.74405,35.94387],[128.74064,35.95336],[128.73796,35.95594],[128.74292,35.95993],[128.74345,35.96476],[128.74578,35.96753],[128.746,35.97313],[128.73882,35.9768],[128.73662,35.98121],[128.73097,35.98536],[128.73159,35.98938],[128.73465,35.99295],[128.73193,35.99746],[128.72821,35.99835],[128.72854,36.0008],[128.72644,36.00357],[128.7178,36.00814],[128.7014,36.01085],[128.69658,36.01321],[128.64286,36.00757],[128.64011,36.00959],[128.63058,36.00712],[128.61768,36.00659],[128.61572,36.00098],[128.6103,35.99687],[128.60346,35.98808],[128.6035,35.98601],[128.59329,35.98349],[128.59304,35.98084],[128.59016,35.97924],[128.58322,35.97728],[128.57273,35.97825],[128.56592,35.97503],[128.56471,35.97294],[128.55712,35.97223],[128.55332,35.96077],[128.54918,35.96197],[128.54587,35.9661],[128.54298,35.97456],[128.53581,35.97908],[128.52858,35.98024],[128.52895,35.9772],[128.52687,35.97536],[128.52781,35.97139],[128.53053,35.96197],[128.53348,35.96088],[128.53481,35.95838],[128.53258,35.95061],[128.53528,35.93838],[128.53356,35.93214],[128.53067,35.92904],[128.52946,35.92359],[128.52584,35.92264],[128.52233,35.91656],[128.5169,35.91184],[128.5102,35.90992],[128.50695,35.90622],[128.50471,35.89841],[128.50584,35.89668],[128.50459,35.88915],[128.50224,35.88707],[128.50034,35.88645],[128.49901,35.88983],[128.49636,35.88923],[128.49052,35.89753],[128.48571,35.89637],[128.48462,35.89393],[128.47861,35.89674],[128.47527,35.89446],[128.46776,35.90021],[128.46737,35.90627],[128.4654,35.90859],[128.47281,35.91456],[128.47326,35.92321],[128.47614,35.92815],[128.47638,35.93443],[128.47223,35.93743],[128.46303,35.93854],[128.46,35.94136],[128.45469,35.94301],[128.45278,35.93662],[128.45034,35.93504],[128.44159,35.9352],[128.43875,35.93152],[128.4318,35.93141],[128.4276,35.92739],[128.42487,35.92769],[128.42378,35.92312],[128.41819,35.92122],[128.41829,35.91663],[128.41648,35.91269],[128.41387,35.91129],[128.40713,35.90073],[128.39908,35.89976],[128.39807,35.89271],[128.38421,35.86563],[128.38373,35.85284],[128.38652,35.85159],[128.41598,35.85176],[128.43078,35.84972],[128.45063,35.84401],[128.48122,35.83009],[128.48297,35.82301],[128.48272,35.81553],[128.47317,35.80922],[128.47391,35.80708],[128.47043,35.80592],[128.44103,35.80602],[128.44047,35.80928],[128.42115,35.80928],[128.42082,35.8063],[128.41611,35.80602],[128.41577,35.80282],[128.41241,35.80275],[128.41055,35.79935],[128.40799,35.79898],[128.39758,35.77865],[128.39209,35.77325],[128.38351,35.76014],[128.3834,35.75847],[128.39131,35.74832],[128.42164,35.73314],[128.43182,35.7256],[128.43489,35.71475],[128.43398,35.70708],[128.43215,35.7049],[128.42321,35.69774],[128.41222,35.69584],[128.39702,35.70023],[128.38195,35.70155],[128.35893,35.70869],[128.35184,35.704],[128.35156,35.69743],[128.35345,35.69054],[128.35717,35.68224],[128.36228,35.67562],[128.37401,35.66548],[128.39228,35.65344],[128.40004,35.64556],[128.40125,35.63273],[128.38838,35.61793],[128.37175,35.61088],[128.36463,35.61336],[128.36192,35.62896],[128.35259,35.64419],[128.34878,35.64643],[128.33782,35.64481],[128.32964,35.64847],[128.32404,35.64661],[128.31803,35.65143],[128.30604,35.65545],[128.29805,35.65613],[128.29625,35.65073],[128.28832,35.65251],[128.27948,35.65229],[128.2768,35.64698],[128.27208,35.64681],[128.26234,35.64274],[128.25864,35.64779],[128.24236,35.65526],[128.24023,35.65208],[128.23648,35.65102],[128.23775,35.64396],[128.23596,35.64068],[128.22973,35.63946],[128.22641,35.64154],[128.22018,35.63999],[128.21224,35.64094],[128.21012,35.64383],[128.20123,35.64372],[128.19877,35.64924],[128.18589,35.65755],[128.17684,35.65695],[128.16589,35.65299],[128.1615,35.65379],[128.15933,35.65677],[128.16151,35.65983],[128.15986,35.66573],[128.16392,35.67346],[128.17313,35.67299],[128.17568,35.67417],[128.1791,35.67307],[128.18377,35.67685],[128.18414,35.68005],[128.19135,35.67891],[128.19273,35.68228],[128.1949,35.68108],[128.1978,35.6821],[128.19877,35.68443],[128.20445,35.68409],[128.20264,35.69265],[128.20459,35.69707],[128.20331,35.703],[128.20015,35.70715],[128.20256,35.71231],[128.2018,35.71944],[128.1994,35.72029],[128.20104,35.72316],[128.19663,35.73038],[128.19791,35.73609],[128.19361,35.73813],[128.19077,35.74735],[128.18852,35.74967],[128.18902,35.75195],[128.16521,35.76339],[128.16326,35.76292],[128.16354,35.76602],[128.16153,35.77001],[128.16348,35.77719],[128.15808,35.78145],[128.15865,35.78382],[128.15404,35.78633],[128.14798,35.78401],[128.13753,35.78426],[128.12863,35.78934],[128.12862,35.79432],[128.1219,35.80349],[128.12314,35.80569],[128.12194,35.8118],[128.12371,35.81297],[128.12254,35.81442],[128.12435,35.81941],[128.12299,35.8224],[128.11934,35.82471],[128.11703,35.82347],[128.11092,35.82388],[128.09648,35.83218],[128.09075,35.83063],[128.08627,35.833],[128.08409,35.83691],[128.07,35.8411],[128.0609,35.83436],[128.05347,35.83341],[128.05165,35.82988],[128.02991,35.83564],[128.02429,35.83292],[128.01754,35.83252],[128.01178,35.82893],[128.0039,35.83513],[127.99699,35.83705],[127.9865,35.85199],[127.9843,35.85742],[127.98185,35.85853],[127.97398,35.85207],[127.96255,35.85537],[127.95965,35.86025],[127.95093,35.86165],[127.94224,35.85454],[127.93022,35.85636],[127.92578,35.85562],[127.9272,35.85843],[127.93148,35.85916],[127.93318,35.86442],[127.92879,35.87035],[127.92967,35.87373],[127.92842,35.87677],[127.92999,35.87876],[127.9281,35.88124],[127.92287,35.88258],[127.91851,35.89038],[127.91886,35.89249],[127.912,35.88984],[127.90667,35.88928],[127.90281,35.89065],[127.90114,35.88756],[127.89352,35.8868],[127.88828,35.89229],[127.88478,35.89311],[127.88452,35.89758],[127.88273,35.89904],[127.88396,35.90126],[127.88219,35.90319],[127.88812,35.91458],[127.8824,35.91947],[127.8836,35.9247],[127.88224,35.92888],[127.90824,35.94133],[127.90813,35.94428],[127.91125,35.94917],[127.90614,35.95389],[127.90395,35.95409],[127.90227,35.9569],[127.89982,35.96297],[127.90031,35.96649],[127.89626,35.97191],[127.89628,35.97765],[127.88961,35.97966],[127.89397,35.98477],[127.8933,35.98667],[127.88638,35.9922],[127.87549,35.99698],[127.87862,36.00247],[127.87814,36.00594],[127.87573,36.00881],[127.87528,36.01617],[127.87679,36.02271],[127.88336,36.02797],[127.88484,36.03589],[127.88842,36.03483],[127.89384,36.03765],[127.9027,36.03913],[127.9053,36.04596],[127.91634,36.05447],[127.9252,36.05284],[127.93003,36.04952],[127.93629,36.0511],[127.94709,36.0572],[127.95347,36.06631],[127.96084,36.07048],[127.96163,36.08257],[127.95847,36.09016],[127.95971,36.09451],[127.96453,36.09561],[127.96489,36.09862],[127.9687,36.10319],[127.9652,36.11283],[127.9668,36.11806],[127.97016,36.12188],[127.97644,36.12274],[127.9786,36.12521],[127.98775,36.12881],[127.98883,36.13302],[127.98729,36.14087],[127.98892,36.14389],[127.98748,36.14738],[127.99704,36.15545],[127.99048,36.15888],[127.98975,36.16565],[127.9826,36.17056],[127.98388,36.17785],[127.98134,36.17913],[127.97533,36.18771],[127.97626,36.19205],[127.98046,36.19518],[127.97802,36.19811],[127.98487,36.20135],[127.99279,36.20001],[127.99475,36.20421],[127.99846,36.20731],[128.00598,36.20728],[128.00975,36.20936],[128.02405,36.20665],[128.03625,36.19775],[128.03868,36.19439],[128.04237,36.19653],[128.04535,36.19627],[128.0529,36.20082],[128.05795,36.20156],[128.05079,36.206],[128.04935,36.21073],[128.04997,36.21639],[128.04138,36.21847],[128.039,36.22218],[128.04018,36.22466],[128.03933,36.22861],[128.03313,36.23371],[128.0299,36.24001],[128.03555,36.24343],[128.03549,36.24613],[128.04026,36.25203],[128.04537,36.25213],[128.04715,36.25636],[128.03181,36.26169],[128.02998,36.26452],[128.02692,36.26535],[128.02597,36.26783],[128.01903,36.26729],[128.00913,36.272],[128.00048,36.26644],[127.99838,36.26828],[127.9944,36.26743],[127.99053,36.26338],[127.981,36.26356],[127.97687,36.25946],[127.97832,36.25459],[127.97056,36.2504],[127.96811,36.25033],[127.96472,36.25302],[127.96017,36.25237],[127.95466,36.25718],[127.94924,36.25666],[127.94749,36.26697],[127.9428,36.26673],[127.93793,36.26906],[127.93089,36.27797],[127.91845,36.28022],[127.90811,36.28551],[127.90557,36.29122],[127.90561,36.2986],[127.90402,36.30132],[127.88991,36.28924],[127.88263,36.27375],[127.87637,36.2758],[127.86484,36.27563],[127.861,36.27702],[127.85291,36.27388],[127.85099,36.27446],[127.84918,36.28871],[127.84565,36.29369],[127.84685,36.3007],[127.84148,36.31],[127.84451,36.31334],[127.84577,36.31812],[127.85067,36.32074],[127.85282,36.33196],[127.85497,36.33075],[127.86149,36.33353],[127.86243,36.33627],[127.86554,36.33559],[127.86994,36.3399],[127.87015,36.34349],[127.87545,36.34559],[127.88237,36.34576],[127.88545,36.35],[127.88564,36.3547],[127.8906,36.35655],[127.89107,36.35802],[127.89024,36.3612],[127.88652,36.36362],[127.88515,36.36891],[127.87981,36.37138],[127.88312,36.37423],[127.88402,36.3799],[127.8792,36.38336],[127.87574,36.39052],[127.86464,36.39147],[127.8629,36.39297],[127.86608,36.39474],[127.86387,36.40304],[127.86944,36.40367],[127.87332,36.40611],[127.87322,36.40955],[127.87542,36.41157],[127.87569,36.41435],[127.88271,36.4222],[127.88224,36.42434],[127.87299,36.42428],[127.87558,36.42797],[127.87401,36.43852],[127.87139,36.44157],[127.87313,36.44228],[127.87477,36.44882],[127.87827,36.45045],[127.87898,36.45774],[127.88182,36.46189],[127.87837,36.46708],[127.8807,36.4686],[127.88031,36.474],[127.8823,36.47621],[127.88057,36.48058],[127.87528,36.48316],[127.87609,36.48837],[127.87999,36.48991],[127.88047,36.49327],[127.88859,36.49311],[127.89486,36.49836],[127.90054,36.49994],[127.90612,36.50777],[127.90318,36.51101],[127.90334,36.51719],[127.90107,36.51946],[127.90205,36.52084],[127.90091,36.52502],[127.90242,36.52804],[127.89659,36.53112],[127.89297,36.53052],[127.88865,36.5336],[127.87901,36.53471],[127.87596,36.53672],[127.87447,36.54079],[127.87047,36.54283],[127.87298,36.55136],[127.87038,36.55898],[127.86647,36.56042],[127.86454,36.56399],[127.86022,36.56592],[127.86017,36.56807],[127.85236,36.57114],[127.84327,36.56898],[127.84238,36.57045],[127.83707,36.5701],[127.83425,36.57308],[127.83038,36.5742],[127.8277,36.57079],[127.82447,36.57091],[127.81818,36.57468],[127.81632,36.57783],[127.8049,36.58139],[127.80413,36.5834],[127.79848,36.58644],[127.79944,36.58945],[127.79615,36.59526],[127.79847,36.60208]],[[129.30494,36.26764],[129.30645,36.2649],[129.34158,36.2637],[129.3558,36.2701],[129.36467,36.26899],[129.35954,36.27195],[129.35433,36.27261],[129.34311,36.2701],[129.34267,36.26835],[129.33921,36.26656],[129.33517,36.26888],[129.33301,36.26734],[129.32812,36.26757],[129.32746,36.26907],[129.31568,36.27178],[129.30814,36.26808],[129.30494,36.26764]],[[129.05251,36.26217],[129.05603,36.25588],[129.06303,36.25213],[129.06553,36.25476],[129.05536,36.2608],[129.08498,36.27481],[129.08325,36.27669],[129.07856,36.27703],[129.07043,36.27117],[129.06782,36.27256],[129.06201,36.27194],[129.05258,36.26579],[129.05251,36.26217]],[[129.03055,36.18436],[129.04387,36.21817],[129.05758,36.22364],[129.0436,36.22239],[129.03947,36.21928],[129.03587,36.21312],[129.03549,36.20345],[129.03269,36.20341],[129.03181,36.19817],[129.02814,36.1963],[129.02723,36.18435],[129.03055,36.18436]],[[128.79908,36.19055],[128.82763,36.21396],[128.85012,36.21304],[128.84298,36.21619],[128.83441,36.21446],[128.83065,36.21798],[128.82659,36.21823],[128.81866,36.21487],[128.81338,36.21053],[128.80487,36.21023],[128.80523,36.207],[128.80192,36.20556],[128.80379,36.20318],[128.80321,36.20105],[128.79683,36.19148],[128.79908,36.19055]]],[[[130.79321,37.52227],[130.79528,37.52347],[130.79559,37.51922],[130.80196,37.51858],[130.80586,37.52162],[130.81357,37.52238],[130.82415,37.52968],[130.82778,37.52946],[130.82386,37.52942],[130.82307,37.52717],[130.82986,37.52693],[130.83066,37.52856],[130.82843,37.53049],[130.83118,37.52883],[130.84298,37.53496],[130.8557,37.53452],[130.86727,37.53672],[130.87404,37.54322],[130.89189,37.54112],[130.90248,37.5494],[130.90796,37.55002],[130.90962,37.54733],[130.90853,37.54413],[130.91092,37.5417],[130.91863,37.54218],[130.91818,37.5443],[130.92194,37.54656],[130.92324,37.54569],[130.922,37.5418],[130.91979,37.54216],[130.91992,37.54042],[130.91244,37.53787],[130.90696,37.52769],[130.90984,37.52201],[130.9142,37.51922],[130.91751,37.51398],[130.9164,37.50954],[130.91363,37.50729],[130.91522,37.50089],[130.9143,37.49768],[130.91327,37.49974],[130.91094,37.49775],[130.9102,37.49336],[130.9132,37.49179],[130.91296,37.49505],[130.91359,37.49673],[130.91361,37.4872],[130.91694,37.48645],[130.91943,37.4877],[130.92043,37.48599],[130.91601,37.48267],[130.91116,37.48279],[130.90842,37.47851],[130.90179,37.47451],[130.89622,37.47589],[130.88378,37.47026],[130.87744,37.46373],[130.88034,37.46028],[130.8827,37.46091],[130.87571,37.45819],[130.87445,37.45329],[130.86707,37.45941],[130.86256,37.46032],[130.85748,37.45914],[130.85011,37.46395],[130.84115,37.46282],[130.83789,37.46606],[130.83174,37.46677],[130.82859,37.47094],[130.81068,37.47404],[130.80772,37.48067],[130.80322,37.48296],[130.80111,37.48895],[130.80498,37.4978],[130.80217,37.5007],[130.80463,37.50251],[130.80075,37.5084],[130.79759,37.50919],[130.79749,37.51138],[130.79367,37.51293],[130.79219,37.51715],[130.79321,37.52227]]]]}},{"type":"Feature","properties":{"sido":"대구","name":"대구광역시","rings":1,"vertices":279,"dropped_islands":0},"geometry":{"type":"Polygon","coordinates":[[[128.35155,35.69746],[128.3518,35.70402],[128.35888,35.7087],[128.38194,35.70156],[128.39704,35.70022],[128.41223,35.69585],[128.42224,35.69729],[128.43215,35.7049],[128.43401,35.70721],[128.43489,35.71471],[128.43183,35.72557],[128.42158,35.73317],[128.39125,35.74835],[128.38343,35.75827],[128.38347,35.76009],[128.39211,35.77328],[128.39758,35.77865],[128.40812,35.79921],[128.41038,35.79945],[128.41244,35.80282],[128.41555,35.80296],[128.41579,35.80609],[128.4206,35.80624],[128.42083,35.80935],[128.44094,35.80929],[128.44155,35.80602],[128.47037,35.80592],[128.48272,35.81622],[128.48297,35.82301],[128.48117,35.82993],[128.45062,35.84401],[128.43083,35.8497],[128.41593,35.85176],[128.3878,35.85236],[128.38654,35.85131],[128.38351,35.85283],[128.38421,35.86566],[128.39808,35.89274],[128.39898,35.89993],[128.40757,35.90152],[128.41383,35.91125],[128.4166,35.91294],[128.41809,35.92129],[128.4235,35.92289],[128.4249,35.92804],[128.42715,35.92734],[128.43195,35.9315],[128.43887,35.93162],[128.44156,35.93521],[128.45041,35.93509],[128.45369,35.93876],[128.45415,35.94315],[128.45987,35.94145],[128.46328,35.93861],[128.46963,35.93861],[128.4753,35.93596],[128.47664,35.93205],[128.47326,35.92314],[128.47396,35.91741],[128.47275,35.91443],[128.46559,35.90871],[128.46734,35.90641],[128.4679,35.9001],[128.47517,35.89457],[128.47848,35.89682],[128.48427,35.89469],[128.48495,35.89653],[128.49062,35.89758],[128.4948,35.89075],[128.49653,35.88934],[128.49936,35.88988],[128.50099,35.88666],[128.50416,35.88879],[128.50579,35.89662],[128.50512,35.90281],[128.50683,35.90611],[128.51012,35.90993],[128.51671,35.91176],[128.52237,35.91661],[128.5258,35.92292],[128.52954,35.92386],[128.53031,35.92821],[128.53356,35.93227],[128.5352,35.93845],[128.53255,35.95054],[128.53477,35.95837],[128.53342,35.9609],[128.5305,35.96199],[128.52665,35.97545],[128.52892,35.97732],[128.52835,35.98035],[128.53592,35.97916],[128.53715,35.97709],[128.54307,35.97453],[128.546,35.96593],[128.54905,35.96213],[128.55303,35.96093],[128.55706,35.97223],[128.56475,35.973],[128.56567,35.97492],[128.57284,35.97831],[128.58387,35.97754],[128.59004,35.97924],[128.5929,35.9809],[128.59293,35.98336],[128.60318,35.98599],[128.61005,35.99675],[128.6157,36.00099],[128.61749,36.00674],[128.63058,36.00715],[128.64087,36.01057],[128.64472,36.01047],[128.65116,36.00738],[128.65419,36.00946],[128.66526,36.01045],[128.66952,36.01327],[128.67735,36.01325],[128.68009,36.01482],[128.68714,36.01418],[128.6956,36.01617],[128.69701,36.01322],[128.70144,36.01084],[128.72266,36.00613],[128.72781,36.00223],[128.72878,35.9981],[128.73381,35.99543],[128.73486,35.99296],[128.73162,35.98943],[128.73119,35.98515],[128.7367,35.98115],[128.73877,35.97685],[128.74621,35.97287],[128.74594,35.96761],[128.74349,35.96456],[128.74299,35.95994],[128.73825,35.95625],[128.74409,35.94396],[128.73815,35.93406],[128.73721,35.92887],[128.74284,35.92031],[128.7553,35.91501],[128.7598,35.90683],[128.75683,35.90478],[128.75664,35.90274],[128.7578,35.89543],[128.76269,35.8885],[128.75718,35.87745],[128.76125,35.8744],[128.75845,35.87009],[128.75979,35.86608],[128.75528,35.86371],[128.75075,35.85751],[128.73857,35.8513],[128.73502,35.85144],[128.72561,35.85773],[128.72298,35.85769],[128.72238,35.85644],[128.72545,35.85377],[128.7268,35.84738],[128.72635,35.84256],[128.72404,35.83933],[128.72507,35.83605],[128.7217,35.83468],[128.71849,35.83553],[128.70864,35.8264],[128.70905,35.8217],[128.71389,35.81751],[128.71752,35.80683],[128.71012,35.80421],[128.70785,35.80249],[128.70773,35.80019],[128.70266,35.79861],[128.69981,35.79505],[128.69654,35.79458],[128.69303,35.79689],[128.68977,35.79276],[128.68241,35.78993],[128.68156,35.78399],[128.68707,35.7755],[128.68637,35.76879],[128.68939,35.76713],[128.69143,35.76395],[128.69118,35.7603],[128.69548,35.75574],[128.69246,35.74682],[128.69366,35.74365],[128.68912,35.73973],[128.692,35.73326],[128.69056,35.73047],[128.68328,35.72565],[128.68324,35.72145],[128.67335,35.721],[128.67067,35.71886],[128.66086,35.71994],[128.65659,35.71778],[128.65345,35.71388],[128.64738,35.71141],[128.6462,35.70816],[128.63825,35.70579],[128.63094,35.70674],[128.62399,35.7023],[128.61978,35.70285],[128.61384,35.71016],[128.61395,35.71417],[128.61692,35.71747],[128.61414,35.72201],[128.60993,35.72488],[128.61489,35.7303],[128.61246,35.73845],[128.60753,35.73897],[128.6,35.73634],[128.59442,35.73708],[128.59216,35.73266],[128.5896,35.7315],[128.58221,35.73837],[128.57172,35.73457],[128.56475,35.73673],[128.56098,35.7297],[128.55248,35.72658],[128.54613,35.72256],[128.54408,35.71943],[128.53332,35.71644],[128.52837,35.71276],[128.53389,35.70326],[128.53206,35.6966],[128.53526,35.69405],[128.53137,35.68793],[128.5318,35.68333],[128.51827,35.67943],[128.5148,35.67542],[128.50941,35.67467],[128.50758,35.67288],[128.50918,35.66904],[128.50892,35.66184],[128.50605,35.65453],[128.50688,35.65022],[128.51067,35.64536],[128.50624,35.63956],[128.49591,35.63899],[128.4892,35.63574],[128.48231,35.63499],[128.47843,35.64051],[128.47069,35.63661],[128.46626,35.63674],[128.46086,35.64059],[128.45769,35.63968],[128.45648,35.63741],[128.44665,35.63825],[128.44578,35.63495],[128.44133,35.63413],[128.44045,35.63059],[128.43749,35.63043],[128.43099,35.62165],[128.4252,35.62529],[128.42293,35.62506],[128.41904,35.6197],[128.41825,35.62157],[128.4162,35.62158],[128.41392,35.61723],[128.41016,35.6151],[128.4065,35.61419],[128.40336,35.61728],[128.40292,35.61521],[128.39928,35.61586],[128.38433,35.60985],[128.3824,35.60654],[128.38005,35.60897],[128.37709,35.60698],[128.37115,35.61023],[128.37341,35.61249],[128.38839,35.61796],[128.40119,35.63269],[128.40194,35.6358],[128.40003,35.64553],[128.39231,35.65342],[128.37475,35.66493],[128.36232,35.67557],[128.35596,35.68438],[128.35155,35.69746]]]}},{"type":"Feature","properties":{"sido":"대전","name":"대전광역시","rings":1,"vertices":233,"dropped_islands":0},"geometry":{"type":"Polygon","coordinates":[[[127.24665,36.29096],[127.25404,36.29687],[127.25928,36.2959],[127.26054,36.30178],[127.25842,36.30351],[127.25801,36.30993],[127.25842,36.31764],[127.26078,36.32173],[127.25975,36.32725],[127.2657,36.32836],[127.26789,36.33146],[127.26542,36.33722],[127.26865,36.341],[127.27313,36.34428],[127.27857,36.34495],[127.27774,36.34923],[127.27241,36.35412],[127.27057,36.36086],[127.27749,36.36518],[127.27705,36.36837],[127.27925,36.36945],[127.28094,36.37468],[127.27746,36.38702],[127.27884,36.38858],[127.27847,36.39676],[127.28212,36.4146],[127.2908,36.41622],[127.29113,36.41854],[127.29513,36.41969],[127.29425,36.42226],[127.29646,36.42327],[127.30123,36.42197],[127.3035,36.42468],[127.31029,36.42488],[127.31671,36.42063],[127.3217,36.4237],[127.3265,36.42224],[127.34061,36.43066],[127.34016,36.43616],[127.34303,36.4386],[127.34486,36.44425],[127.34965,36.44776],[127.35322,36.44764],[127.35601,36.45076],[127.35577,36.45357],[127.3585,36.45594],[127.35607,36.46402],[127.35976,36.46573],[127.35978,36.46983],[127.36201,36.47092],[127.36384,36.47488],[127.36057,36.4786],[127.36033,36.48149],[127.35776,36.48318],[127.36011,36.49003],[127.36869,36.48841],[127.38034,36.49954],[127.38385,36.50023],[127.38693,36.49864],[127.40301,36.48548],[127.40416,36.47657],[127.40249,36.47322],[127.3988,36.47273],[127.39816,36.46855],[127.39972,36.46581],[127.39933,36.45667],[127.40068,36.45511],[127.43677,36.4564],[127.44251,36.45124],[127.45141,36.44927],[127.45837,36.45229],[127.46252,36.45612],[127.4637,36.46415],[127.46668,36.47007],[127.47126,36.47437],[127.4807,36.47721],[127.48403,36.47662],[127.48315,36.46967],[127.47793,36.4611],[127.47892,36.45655],[127.48214,36.45387],[127.4869,36.45278],[127.50059,36.4562],[127.50279,36.45551],[127.50447,36.45183],[127.50348,36.44936],[127.49352,36.44122],[127.48974,36.43407],[127.50151,36.40879],[127.50962,36.40876],[127.51451,36.42247],[127.51967,36.41991],[127.52432,36.42343],[127.52945,36.41925],[127.5353,36.419],[127.53962,36.42061],[127.54228,36.41928],[127.54286,36.4122],[127.5454,36.40903],[127.55011,36.40711],[127.55332,36.40117],[127.55878,36.39986],[127.55968,36.39822],[127.55402,36.39487],[127.55135,36.39502],[127.54982,36.39689],[127.54361,36.3961],[127.5395,36.39744],[127.53375,36.39369],[127.53342,36.39175],[127.5248,36.38709],[127.52589,36.37896],[127.52484,36.37541],[127.52658,36.37007],[127.52435,36.36604],[127.5224,36.35434],[127.51762,36.34815],[127.50776,36.34637],[127.50807,36.34324],[127.50063,36.33939],[127.50296,36.32562],[127.49997,36.32077],[127.49694,36.31991],[127.49768,36.31568],[127.49476,36.31224],[127.49898,36.30567],[127.49602,36.29941],[127.49409,36.30099],[127.49158,36.29908],[127.4913,36.29656],[127.49899,36.28308],[127.49678,36.27923],[127.48892,36.27277],[127.49026,36.26837],[127.48829,36.26705],[127.48613,36.26143],[127.48634,36.25925],[127.48998,36.25733],[127.49038,36.25403],[127.48776,36.25128],[127.48949,36.24592],[127.49232,36.24436],[127.49254,36.23732],[127.48995,36.23698],[127.48997,36.23348],[127.48847,36.23253],[127.47832,36.22976],[127.47683,36.226],[127.46765,36.22275],[127.4678,36.21724],[127.46963,36.21524],[127.46042,36.21291],[127.45924,36.20975],[127.45419,36.20697],[127.45638,36.2036],[127.45587,36.20108],[127.44369,36.19475],[127.4411,36.19479],[127.4406,36.19667],[127.43665,36.19848],[127.43353,36.19858],[127.42941,36.20514],[127.42395,36.20602],[127.42217,36.20807],[127.41959,36.20714],[127.40802,36.21292],[127.41062,36.21748],[127.40761,36.22129],[127.40473,36.22225],[127.40051,36.2327],[127.39657,36.23213],[127.38734,36.23415],[127.38725,36.23731],[127.39029,36.23957],[127.3906,36.24286],[127.38788,36.24589],[127.38656,36.25253],[127.38865,36.255],[127.39015,36.26223],[127.38307,36.26861],[127.37272,36.27215],[127.36987,36.26951],[127.36344,36.26935],[127.35974,36.2629],[127.36086,36.25805],[127.35983,36.25427],[127.36416,36.25156],[127.36514,36.24363],[127.36131,36.23494],[127.3634,36.2323],[127.3623,36.22834],[127.36015,36.22644],[127.36355,36.2229],[127.3642,36.2189],[127.36059,36.21826],[127.35943,36.21392],[127.35308,36.21184],[127.34686,36.20407],[127.34759,36.19757],[127.34411,36.1965],[127.34117,36.18949],[127.33827,36.18897],[127.33551,36.18337],[127.3317,36.18406],[127.33169,36.19267],[127.32981,36.19418],[127.33351,36.20054],[127.32811,36.20401],[127.32304,36.20373],[127.32087,36.20893],[127.32148,36.21348],[127.31807,36.21593],[127.31561,36.22084],[127.30386,36.22913],[127.30256,36.22188],[127.29885,36.22128],[127.29357,36.22312],[127.29161,36.22662],[127.29308,36.22812],[127.29235,36.22973],[127.28724,36.23447],[127.28183,36.2358],[127.28308,36.23866],[127.28028,36.24434],[127.28129,36.24584],[127.27914,36.2531],[127.28454,36.25989],[127.29174,36.26346],[127.29118,36.26533],[127.28123,36.26519],[127.26481,36.2746],[127.25877,36.27605],[127.24665,36.29096]]]}},{"type":"Feature","properties":{"sido":"부산","name":"부산광역시","rings":2,"vertices":549,"dropped_islands":34},"geometry":{"type":"MultiPolygon","coordinates":[[[[129.03313,35.09434],[129.03614,35.09232],[129.03606,35.0945],[129.04717,35.09662],[129.04968,35.09844],[129.05126,35.09758],[129.05119,35.09947],[129.05921,35.1006],[129.06342,35.10359],[129.05972,35.10021],[129.06839,35.09594],[129.07732,35.08714],[129.07895,35.08801],[129.07761,35.0896],[129.07955,35.0881],[129.07793,35.08673],[129.07926,35.08479],[129.07826,35.08348],[129.08424,35.07395],[129.08738,35.07753],[129.09601,35.08014],[129.09474,35.0766],[129.0909,35.07406],[129.08693,35.07279],[129.08556,35.07408],[129.07993,35.07116],[129.08372,35.06983],[129.08395,35.07145],[129.08746,35.06288],[129.09621,35.05976],[129.0922,35.05411],[129.09286,35.05217],[129.08776,35.04955],[129.08284,35.05045],[129.08176,35.05595],[129.07957,35.05641],[129.07706,35.06066],[129.07093,35.0586],[129.07001,35.06037],[129.06515,35.06138],[129.0654,35.06832],[129.05702,35.06964],[129.04688,35.07562],[129.04152,35.08093],[129.03983,35.08059],[129.03317,35.08485],[129.03436,35.08692],[129.03218,35.08875],[129.03342,35.08954],[129.031,35.09341],[129.03313,35.09434]]],[[[128.79452,35.15854],[128.80067,35.15812],[128.80586,35.16044],[128.80877,35.15899],[128.81597,35.16016],[128.82305,35.15623],[128.82739,35.15561],[128.83603,35.15914],[128.8431,35.15813],[128.8463,35.16469],[128.85974,35.16817],[128.86739,35.16772],[128.87295,35.16253],[128.86932,35.15859],[128.86596,35.15951],[128.86533,35.15802],[128.8689,35.15535],[128.87147,35.15073],[128.87581,35.15124],[128.87417,35.15859],[128.88078,35.15959],[128.88139,35.16148],[128.87604,35.16554],[128.87691,35.17005],[128.87235,35.17227],[128.87348,35.17414],[128.88071,35.1719],[128.88004,35.17887],[128.88166,35.18193],[128.87606,35.18809],[128.87611,35.19273],[128.87035,35.20156],[128.87906,35.21004],[128.88164,35.21043],[128.88607,35.2144],[128.89664,35.21316],[128.90864,35.2153],[128.90502,35.22007],[128.90948,35.22306],[128.9125,35.22252],[128.9165,35.21723],[128.92019,35.21647],[128.94399,35.22832],[128.94821,35.22539],[128.9567,35.22525],[128.97606,35.22775],[128.98966,35.23167],[128.99882,35.23813],[129.01472,35.27029],[129.01348,35.27376],[129.02954,35.27689],[129.04735,35.27455],[129.04845,35.27805],[129.05378,35.28203],[129.05217,35.28586],[129.05836,35.29484],[129.07055,35.29452],[129.07419,35.2908],[129.08634,35.30155],[129.09054,35.30341],[129.10034,35.30399],[129.10561,35.30658],[129.10917,35.30561],[129.11237,35.31006],[129.11201,35.31673],[129.11366,35.32022],[129.11811,35.32247],[129.12107,35.32874],[129.1258,35.33227],[129.12403,35.33807],[129.12822,35.34338],[129.12738,35.34576],[129.1346,35.35173],[129.13072,35.35895],[129.12593,35.36313],[129.12226,35.36377],[129.11818,35.36903],[129.12126,35.36738],[129.12757,35.36773],[129.13214,35.36575],[129.13876,35.36618],[129.15013,35.36393],[129.16111,35.3594],[129.16284,35.3568],[129.16853,35.35386],[129.17619,35.35141],[129.18238,35.35402],[129.18573,35.35857],[129.19318,35.36117],[129.19378,35.36334],[129.19857,35.36649],[129.19783,35.37141],[129.19909,35.37606],[129.19359,35.38209],[129.19937,35.38904],[129.20804,35.38241],[129.21851,35.37897],[129.2302,35.38114],[129.23515,35.38035],[129.23702,35.38356],[129.24097,35.38507],[129.24215,35.38343],[129.24876,35.38315],[129.2508,35.38468],[129.25064,35.38737],[129.25803,35.38415],[129.26552,35.38714],[129.26808,35.38018],[129.27684,35.37214],[129.27941,35.36621],[129.28312,35.36515],[129.28062,35.35631],[129.28493,35.35073],[129.28344,35.34871],[129.28388,35.34608],[129.28003,35.34126],[129.28545,35.33925],[129.28909,35.34047],[129.29159,35.33738],[129.30366,35.33562],[129.30224,35.33351],[129.30481,35.32956],[129.30561,35.32458],[129.3041,35.32217],[129.29895,35.31843],[129.28902,35.31882],[129.2866,35.32033],[129.288,35.32341],[129.28507,35.32379],[129.28427,35.32638],[129.2815,35.32678],[129.26444,35.31923],[129.25925,35.30709],[129.26012,35.30583],[129.25871,35.30644],[129.258,35.30488],[129.25909,35.30313],[129.26145,35.30425],[129.25979,35.29961],[129.26129,35.29789],[129.26282,35.29923],[129.25916,35.28897],[129.25714,35.28907],[129.25915,35.28746],[129.26,35.28306],[129.25563,35.28093],[129.25551,35.27537],[129.25298,35.27147],[129.24812,35.27205],[129.24654,35.26995],[129.24562,35.27233],[129.24351,35.27009],[129.24433,35.26784],[129.24305,35.26481],[129.24125,35.26523],[129.24001,35.2637],[129.23583,35.26497],[129.23409,35.26321],[129.23365,35.26054],[129.23604,35.25768],[129.23955,35.25736],[129.24545,35.26018],[129.24612,35.25806],[129.24761,35.25966],[129.24607,35.26115],[129.25021,35.25886],[129.25217,35.25938],[129.25097,35.2553],[129.25308,35.24653],[129.24998,35.24386],[129.24758,35.24584],[129.24486,35.24365],[129.24581,35.24202],[129.24804,35.24382],[129.24845,35.24038],[129.24322,35.23719],[129.24516,35.23083],[129.24045,35.22917],[129.23908,35.22254],[129.23556,35.21974],[129.22932,35.22135],[129.23014,35.22412],[129.22762,35.22362],[129.2279,35.21905],[129.22979,35.21752],[129.22701,35.2176],[129.22213,35.21291],[129.22355,35.20895],[129.2301,35.20359],[129.22923,35.19695],[129.22491,35.19583],[129.22364,35.18577],[129.21915,35.18431],[129.21624,35.18731],[129.21319,35.18567],[129.21153,35.18162],[129.20716,35.18173],[129.20653,35.17904],[129.20434,35.18062],[129.20036,35.17954],[129.19732,35.17563],[129.19664,35.16506],[129.19397,35.16103],[129.1918,35.1595],[129.18695,35.15948],[129.18093,35.15485],[129.17101,35.15758],[129.16978,35.1592],[129.16469,35.15958],[129.15543,35.15721],[129.15271,35.15186],[129.15048,35.15195],[129.15085,35.15697],[129.14806,35.15626],[129.1468,35.1535],[129.14223,35.15471],[129.13575,35.16129],[129.12683,35.16587],[129.13492,35.15565],[129.13018,35.15235],[129.12446,35.15289],[129.1232,35.15547],[129.11908,35.15378],[129.11445,35.14719],[129.11771,35.14603],[129.11758,35.13994],[129.1111,35.13537],[129.11826,35.1319],[129.12151,35.13535],[129.12236,35.12649],[129.12872,35.11765],[129.12706,35.11335],[129.12801,35.11077],[129.12356,35.10211],[129.12478,35.10073],[129.12381,35.09935],[129.11581,35.10037],[129.11318,35.10303],[129.11092,35.10149],[129.11435,35.09794],[129.10935,35.09138],[129.11379,35.09765],[129.11071,35.10049],[129.1027,35.09477],[129.10599,35.09142],[129.09968,35.09126],[129.09569,35.09359],[129.09357,35.10797],[129.09048,35.10794],[129.09034,35.10361],[129.075,35.10361],[129.06541,35.10906],[129.0652,35.10963],[129.06685,35.1114],[129.06547,35.10934],[129.0676,35.10847],[129.06951,35.11396],[129.07365,35.11685],[129.07256,35.11859],[129.07102,35.11741],[129.06956,35.11829],[129.07237,35.12239],[129.07003,35.12304],[129.06865,35.12168],[129.06563,35.12297],[129.06634,35.1298],[129.06459,35.12957],[129.06464,35.12722],[129.05598,35.11831],[129.05284,35.12046],[129.05542,35.12268],[129.05566,35.1252],[129.05291,35.1258],[129.04884,35.1208],[129.05531,35.11602],[129.05436,35.11498],[129.04974,35.11728],[129.04865,35.11546],[129.05233,35.11307],[129.04641,35.1077],[129.04436,35.10811],[129.04475,35.10596],[129.04688,35.10682],[129.04462,35.10437],[129.04276,35.10602],[129.04147,35.10536],[129.04274,35.10294],[129.03816,35.10418],[129.03806,35.09728],[129.02563,35.09525],[129.0256,35.0907],[129.02716,35.08958],[129.02585,35.0885],[129.02741,35.08737],[129.02613,35.08614],[129.03113,35.08608],[129.02652,35.08525],[129.02445,35.07618],[129.02218,35.07499],[129.01995,35.07761],[129.01684,35.07568],[129.01646,35.07404],[129.02128,35.06967],[129.02035,35.06446],[129.02324,35.06187],[129.01581,35.05699],[129.0155,35.05314],[129.00851,35.05121],[129.01149,35.05283],[129.00914,35.0554],[129.01012,35.05681],[129.00837,35.05762],[129.00954,35.05844],[129.00829,35.06275],[129.01104,35.06306],[129.01181,35.06485],[129.0055,35.07109],[129.00397,35.0862],[128.9993,35.08316],[129.00169,35.08121],[129.00123,35.07982],[128.99828,35.08047],[128.99716,35.08306],[128.99335,35.08378],[128.99264,35.0802],[128.99494,35.07575],[128.99368,35.0733],[128.99533,35.07135],[128.99534,35.06338],[129.00049,35.05018],[129.00184,35.04847],[129.00697,35.04895],[129.00068,35.04775],[128.99826,35.04636],[128.99853,35.04439],[128.99627,35.04429],[128.99226,35.04538],[128.99234,35.04936],[128.98858,35.0577],[128.98515,35.05977],[128.98006,35.05794],[128.98053,35.05613],[128.98003,35.05593],[128.97927,35.05756],[128.97699,35.0555],[128.97346,35.05672],[128.97249,35.05437],[128.97573,35.05271],[128.98249,35.05183],[128.98362,35.05388],[128.98175,35.04886],[128.98275,35.04677],[128.97768,35.04843],[128.97496,35.0476],[128.9729,35.04939],[128.96968,35.0475],[128.96963,35.04501],[128.97608,35.04244],[128.97746,35.04025],[128.97329,35.04123],[128.97109,35.03939],[128.97133,35.03763],[128.96771,35.03694],[128.96744,35.03333],[128.96439,35.0339],[128.96445,35.03651],[128.96895,35.04489],[128.96712,35.04738],[128.95816,35.05065],[128.95077,35.08002],[128.95114,35.08493],[128.95462,35.09225],[128.95633,35.10598],[128.94984,35.10669],[128.94849,35.10254],[128.94732,35.10274],[128.94408,35.08885],[128.93969,35.08213],[128.94131,35.08795],[128.939,35.08837],[128.93467,35.08519],[128.93261,35.09113],[128.93653,35.10665],[128.93917,35.10856],[128.9334,35.11032],[128.92983,35.10156],[128.93109,35.0977],[128.93019,35.09272],[128.92457,35.09236],[128.9132,35.08763],[128.91111,35.07905],[128.89538,35.07904],[128.89537,35.08638],[128.90047,35.10403],[128.90059,35.11126],[128.90542,35.11765],[128.89755,35.12017],[128.8895,35.10792],[128.88758,35.08895],[128.88333,35.08249],[128.88414,35.07934],[128.87031,35.08078],[128.86912,35.08384],[128.83761,35.08339],[128.83543,35.08824],[128.83208,35.0881],[128.8352,35.08621],[128.83589,35.0824],[128.83422,35.06648],[128.83521,35.06306],[128.83321,35.06157],[128.83265,35.0579],[128.83799,35.0537],[128.84204,35.05407],[128.84626,35.05744],[128.85059,35.05031],[128.8509,35.04208],[128.849,35.03726],[128.84405,35.03349],[128.84177,35.02957],[128.84312,35.02439],[128.83474,35.0158],[128.83418,35.01146],[128.83974,35.00841],[128.84031,35.00661],[128.83751,35.00013],[128.83874,34.99759],[128.83664,34.99724],[128.83657,34.99576],[128.83433,34.9951],[128.83443,34.99299],[128.82823,34.98921],[128.82968,34.99528],[128.8278,34.99621],[128.82248,34.99489],[128.82244,35.00116],[128.81851,35.00408],[128.82343,35.00489],[128.82375,35.00684],[128.82023,35.00904],[128.82669,35.01064],[128.82696,35.01213],[128.8251,35.01178],[128.82726,35.01359],[128.82352,35.01679],[128.81138,35.01973],[128.81068,35.02214],[128.80607,35.02159],[128.80556,35.02455],[128.81323,35.02364],[128.81567,35.02699],[128.81441,35.02996],[128.80751,35.03171],[128.80755,35.03345],[128.81152,35.03413],[128.81248,35.03972],[128.80511,35.04799],[128.79872,35.049],[128.79738,35.05373],[128.80539,35.05556],[128.80606,35.05975],[128.80773,35.05876],[128.8111,35.06034],[128.82149,35.06075],[128.82391,35.06382],[128.82284,35.06498],[128.80629,35.06145],[128.80499,35.06675],[128.83225,35.07142],[128.83238,35.07491],[128.83483,35.07509],[128.83476,35.07756],[128.81152,35.07758],[128.8115,35.08299],[128.81801,35.08301],[128.82154,35.08585],[128.82626,35.08638],[128.82913,35.09063],[128.82176,35.09765],[128.82357,35.10195],[128.83491,35.10188],[128.84217,35.1071],[128.84281,35.11331],[128.83849,35.1152],[128.83599,35.11887],[128.83801,35.12339],[128.83435,35.1289],[128.8328,35.12987],[128.82727,35.12816],[128.82428,35.13099],[128.81536,35.13264],[128.80764,35.1391],[128.80692,35.14232],[128.80213,35.1419],[128.80178,35.14645],[128.79431,35.1539],[128.79367,35.15716],[128.79452,35.15854]]]]}},{"type":"Feature","properties":{"sido":"서울","name":"서울특별시","rings":1,"vertices":273,"dropped_islands":0},"geometry":{"type":"Polygon","coordinates":[[[126.76449,37.55528],[126.76628,37.55692],[126.7723,37.55709],[126.77177,37.55863],[126.77468,37.56132],[126.77745,37.5612],[126.77476,37.56771],[126.777,37.56647],[126.78028,37.56802],[126.78241,37.57361],[126.79041,37.57778],[126.79135,37.58141],[126.79327,37.58038],[126.79344,37.58452],[126.80075,37.58806],[126.79708,37.59774],[126.80258,37.60503],[126.8194,37.59279],[126.85291,37.57236],[126.85363,37.5738],[126.86494,37.57747],[126.87711,37.57903],[126.87654,37.58444],[126.88514,37.59375],[126.88734,37.59392],[126.88557,37.59107],[126.88717,37.58858],[126.89938,37.58982],[126.89896,37.59268],[126.9017,37.59537],[126.89998,37.60204],[126.90193,37.60409],[126.9003,37.61119],[126.90336,37.61884],[126.9071,37.62205],[126.90663,37.6245],[126.90881,37.62898],[126.9062,37.63322],[126.91105,37.63565],[126.91009,37.63851],[126.91211,37.64394],[126.9048,37.6492],[126.91369,37.64478],[126.92403,37.6461],[126.9297,37.65005],[126.93619,37.65153],[126.94035,37.65678],[126.94756,37.65922],[126.9499,37.65584],[126.95419,37.65521],[126.95711,37.65284],[126.95932,37.64218],[126.96333,37.63325],[126.96092,37.63005],[126.97546,37.63179],[126.98157,37.63482],[126.98481,37.63681],[126.98585,37.64038],[126.98325,37.64368],[126.98494,37.64582],[126.9839,37.64952],[126.97966,37.65604],[126.98653,37.65949],[126.98827,37.66439],[126.99392,37.66676],[126.9922,37.67963],[126.99731,37.68347],[127.00848,37.68467],[127.00762,37.69162],[127.00966,37.69341],[127.00967,37.6967],[127.01379,37.69873],[127.01542,37.70146],[127.02523,37.69961],[127.02769,37.70094],[127.03267,37.69193],[127.04112,37.6953],[127.04307,37.69523],[127.04532,37.69251],[127.04863,37.69406],[127.05113,37.68623],[127.0596,37.6903],[127.06338,37.69491],[127.0725,37.69379],[127.07821,37.69599],[127.08384,37.69427],[127.08532,37.69034],[127.096,37.68907],[127.09642,37.68564],[127.09208,37.67895],[127.09645,37.66969],[127.0946,37.66622],[127.09541,37.66389],[127.0912,37.65921],[127.09401,37.65273],[127.09257,37.64939],[127.09477,37.64454],[127.10658,37.64538],[127.11115,37.64256],[127.1122,37.63264],[127.10594,37.62752],[127.10418,37.62205],[127.10587,37.62044],[127.11571,37.61963],[127.11715,37.61789],[127.11674,37.60901],[127.11848,37.60761],[127.11805,37.6046],[127.11406,37.59983],[127.11666,37.59402],[127.11322,37.59307],[127.10897,37.58338],[127.10343,37.58057],[127.10121,37.57615],[127.10159,37.57253],[127.10423,37.57139],[127.10135,37.56038],[127.10511,37.55645],[127.1123,37.559],[127.11502,37.5568],[127.12296,37.56349],[127.12859,37.56615],[127.13765,37.56842],[127.14897,37.56846],[127.16675,37.57898],[127.17715,37.5812],[127.17567,37.57502],[127.182,37.56099],[127.18137,37.55318],[127.18293,37.55174],[127.1838,37.54557],[127.17939,37.54656],[127.16306,37.54483],[127.15371,37.53387],[127.15316,37.52911],[127.1478,37.52215],[127.14556,37.52164],[127.14544,37.51606],[127.14227,37.51537],[127.14353,37.51266],[127.14026,37.50988],[127.14103,37.50553],[127.14586,37.5033],[127.1502,37.50474],[127.1561,37.50195],[127.15773,37.50318],[127.16142,37.49971],[127.15851,37.48967],[127.14854,37.48372],[127.14714,37.47722],[127.14449,37.47714],[127.14353,37.47393],[127.13305,37.47447],[127.1328,37.46839],[127.12537,37.46898],[127.12422,37.46653],[127.11742,37.46212],[127.1169,37.45864],[127.11182,37.46164],[127.10493,37.46219],[127.09889,37.45612],[127.09359,37.45583],[127.08846,37.44878],[127.08786,37.44489],[127.08409,37.44395],[127.0821,37.44135],[127.07196,37.44208],[127.07384,37.43741],[127.07137,37.43544],[127.07095,37.43021],[127.06812,37.43063],[127.06568,37.42898],[127.05799,37.42999],[127.05217,37.42834],[127.04737,37.4307],[127.041,37.4378],[127.03557,37.439],[127.03517,37.44094],[127.03822,37.44554],[127.0377,37.44947],[127.03475,37.45262],[127.03705,37.45537],[127.03401,37.46031],[127.03432,37.46432],[127.02989,37.46536],[127.02836,37.45989],[127.02599,37.45782],[127.01507,37.45483],[127.01082,37.45542],[127.00496,37.4632],[127.00357,37.46754],[126.99663,37.46696],[126.99677,37.46187],[126.99347,37.46148],[126.98949,37.45851],[126.9746,37.45438],[126.97057,37.44945],[126.96434,37.44627],[126.96463,37.44204],[126.96294,37.44028],[126.93862,37.43603],[126.93761,37.44053],[126.93055,37.44547],[126.92871,37.44958],[126.92332,37.44578],[126.92026,37.44046],[126.9123,37.43854],[126.90941,37.43386],[126.90299,37.43407],[126.89898,37.4387],[126.8973,37.44535],[126.89465,37.4467],[126.89564,37.44891],[126.89407,37.45249],[126.88964,37.45231],[126.88626,37.45636],[126.88534,37.45964],[126.88809,37.46178],[126.88274,37.46439],[126.88436,37.4663],[126.87274,37.48242],[126.87176,37.48527],[126.87458,37.48545],[126.87666,37.48857],[126.87275,37.48843],[126.87209,37.49063],[126.87023,37.4896],[126.86857,37.49489],[126.8527,37.48182],[126.84689,37.48179],[126.84495,37.47347],[126.8384,37.47535],[126.83464,37.47436],[126.83469,37.47593],[126.83181,37.47762],[126.82172,37.47522],[126.81961,37.47625],[126.81764,37.47319],[126.81463,37.47465],[126.81937,37.47986],[126.81929,37.48548],[126.8233,37.48783],[126.82257,37.49004],[126.81458,37.49319],[126.81301,37.4964],[126.81428,37.49827],[126.8193,37.49899],[126.82159,37.50233],[126.82222,37.50769],[126.8241,37.50859],[126.8231,37.51622],[126.82559,37.52002],[126.82516,37.52305],[126.82839,37.52661],[126.828,37.5291],[126.82531,37.52996],[126.82187,37.5349],[126.82163,37.54037],[126.81233,37.54074],[126.80721,37.54357],[126.80154,37.54254],[126.79902,37.53988],[126.79946,37.53773],[126.79443,37.53583],[126.79326,37.5397],[126.79462,37.54111],[126.79181,37.5419],[126.79136,37.54372],[126.78713,37.54607],[126.77756,37.54671],[126.77528,37.54895],[126.77155,37.54832],[126.76449,37.55528]]]}},{"type":"Feature","properties":{"sido":"세종","name":"세종특별자치시","rings":1,"vertices":232,"dropped_islands":0},"geometry":{"type":"Polygon","coordinates":[[[127.12773,36.70852],[127.14831,36.71998],[127.14762,36.7223],[127.14929,36.72593],[127.15192,36.72686],[127.15193,36.72895],[127.15734,36.72747],[127.15964,36.73284],[127.16471,36.73382],[127.17122,36.73223],[127.17371,36.72885],[127.18322,36.73032],[127.1874,36.72798],[127.19541,36.7286],[127.20312,36.72615],[127.20469,36.72108],[127.20829,36.71891],[127.21456,36.71883],[127.21639,36.71604],[127.22363,36.71572],[127.22364,36.71179],[127.2251,36.7104],[127.22985,36.70784],[127.23224,36.70905],[127.23641,36.70745],[127.23724,36.70429],[127.24476,36.70077],[127.24397,36.69804],[127.24584,36.69602],[127.2482,36.69525],[127.25216,36.69676],[127.25824,36.6923],[127.26686,36.69248],[127.27348,36.69527],[127.27759,36.69142],[127.27997,36.69214],[127.28155,36.69045],[127.28695,36.69042],[127.29212,36.6871],[127.30442,36.68504],[127.30763,36.68202],[127.30509,36.66757],[127.30231,36.66572],[127.30102,36.66205],[127.29593,36.65957],[127.28905,36.65917],[127.28649,36.65105],[127.28172,36.64518],[127.28278,36.64229],[127.27952,36.6407],[127.27696,36.64169],[127.27582,36.63962],[127.27944,36.63368],[127.28554,36.63402],[127.28921,36.63689],[127.29203,36.63583],[127.29072,36.63098],[127.29197,36.62516],[127.2963,36.62424],[127.29595,36.61965],[127.29933,36.61828],[127.3002,36.6138],[127.30181,36.61281],[127.30105,36.60783],[127.30663,36.60062],[127.30484,36.59139],[127.29973,36.58619],[127.30512,36.58311],[127.32144,36.58378],[127.32659,36.57652],[127.33124,36.57492],[127.33576,36.57106],[127.33529,36.56788],[127.33809,36.56242],[127.34325,36.56466],[127.35652,36.56172],[127.36037,36.56229],[127.3624,36.56443],[127.36639,36.56401],[127.36836,36.56627],[127.37755,36.56783],[127.37368,36.56469],[127.37797,36.56289],[127.37294,36.55941],[127.3781,36.55517],[127.37865,36.54976],[127.38319,36.54787],[127.38395,36.54155],[127.3955,36.54004],[127.40019,36.54178],[127.40501,36.53731],[127.40571,36.53134],[127.40852,36.52883],[127.4086,36.52369],[127.40173,36.52371],[127.39792,36.5208],[127.40375,36.51738],[127.40507,36.51215],[127.40904,36.50975],[127.40799,36.50006],[127.4108,36.49775],[127.41056,36.49628],[127.39612,36.49172],[127.3837,36.5002],[127.38032,36.49947],[127.36915,36.48858],[127.36071,36.49062],[127.3578,36.48316],[127.36026,36.48162],[127.36058,36.47864],[127.36399,36.47482],[127.36236,36.47069],[127.35993,36.46981],[127.35927,36.46383],[127.35637,36.46396],[127.35862,36.4559],[127.3559,36.45371],[127.3558,36.45027],[127.3533,36.44768],[127.34967,36.44762],[127.34483,36.44411],[127.3431,36.43872],[127.34034,36.4361],[127.34101,36.43097],[127.32631,36.42212],[127.32155,36.42363],[127.31645,36.42046],[127.31082,36.42473],[127.30365,36.42469],[127.30147,36.42183],[127.29822,36.42319],[127.29453,36.42238],[127.29531,36.41977],[127.29141,36.4185],[127.29108,36.41616],[127.28681,36.41531],[127.2799,36.41539],[127.27657,36.41386],[127.26685,36.41706],[127.26289,36.41675],[127.2587,36.41425],[127.25912,36.40911],[127.2508,36.40676],[127.24328,36.41505],[127.24339,36.41866],[127.23563,36.41881],[127.23193,36.41991],[127.23076,36.42239],[127.22693,36.42122],[127.22498,36.42676],[127.21772,36.43364],[127.19893,36.43988],[127.20127,36.44193],[127.20174,36.44625],[127.20122,36.44928],[127.1984,36.45221],[127.20295,36.45443],[127.20464,36.45945],[127.20319,36.46504],[127.20113,36.46668],[127.19791,36.46597],[127.19474,36.46877],[127.19202,36.47467],[127.19048,36.47947],[127.19483,36.4847],[127.19469,36.48825],[127.18822,36.49263],[127.17683,36.49248],[127.17324,36.49745],[127.17347,36.49921],[127.17714,36.5],[127.17806,36.50206],[127.17585,36.50344],[127.17628,36.50512],[127.16999,36.50904],[127.17026,36.51175],[127.17399,36.51551],[127.18223,36.52123],[127.17573,36.52888],[127.17482,36.53286],[127.17302,36.53346],[127.17424,36.54219],[127.17896,36.54556],[127.18496,36.5437],[127.18701,36.5458],[127.19149,36.5462],[127.18611,36.55232],[127.18881,36.55385],[127.19379,36.56481],[127.19903,36.56491],[127.20293,36.56737],[127.20373,36.57265],[127.20771,36.57802],[127.20565,36.58076],[127.20043,36.58256],[127.19296,36.58082],[127.18926,36.58684],[127.19087,36.59418],[127.18913,36.59451],[127.18446,36.59116],[127.18193,36.59302],[127.18159,36.59555],[127.17769,36.59665],[127.17272,36.59545],[127.16728,36.60274],[127.15587,36.60602],[127.15575,36.6157],[127.15005,36.61901],[127.15432,36.62389],[127.16039,36.62456],[127.15649,36.62862],[127.15737,36.63924],[127.15314,36.64521],[127.15429,36.65245],[127.16052,36.65645],[127.15881,36.66138],[127.15436,36.66442],[127.15856,36.67303],[127.16406,36.67831],[127.162,36.68577],[127.15987,36.68816],[127.16135,36.69048],[127.15772,36.69538],[127.15622,36.69076],[127.15089,36.68945],[127.14758,36.69068],[127.14383,36.689],[127.14175,36.68998],[127.14237,36.6932],[127.13603,36.70294],[127.13605,36.70512],[127.12773,36.70852]]]}},{"type":"Feature","properties":{"sido":"울산","name":"울산광역시","rings":1,"vertices":380,"dropped_islands":6},"geometry":{"type":"Polygon","coordinates":[[[128.97119,35.5603],[128.98317,35.56509],[128.99432,35.56712],[129.00793,35.58019],[129.01899,35.58399],[129.01894,35.58677],[129.0227,35.59121],[129.02268,35.59598],[129.02459,35.59992],[129.02265,35.60295],[129.02296,35.61351],[129.01678,35.61626],[129.0085,35.61594],[129.00274,35.62026],[129.00967,35.62589],[129.01795,35.62963],[129.02091,35.63508],[129.02661,35.6364],[129.03686,35.63245],[129.04334,35.64097],[129.0469,35.65052],[129.0693,35.64541],[129.07554,35.64051],[129.08082,35.64328],[129.07984,35.64901],[129.07618,35.65092],[129.07039,35.65851],[129.06789,35.6588],[129.06894,35.66901],[129.06715,35.67135],[129.07263,35.67712],[129.07001,35.67997],[129.06988,35.68237],[129.08029,35.69628],[129.08731,35.69898],[129.09029,35.70267],[129.10177,35.70607],[129.11275,35.70838],[129.1157,35.70848],[129.11769,35.70671],[129.1239,35.70817],[129.12707,35.71408],[129.13571,35.71256],[129.13922,35.71816],[129.13753,35.7207],[129.13839,35.72178],[129.14205,35.72435],[129.14613,35.72492],[129.15405,35.72197],[129.16045,35.71495],[129.16813,35.71554],[129.17242,35.71391],[129.1784,35.7172],[129.18129,35.72379],[129.18624,35.72128],[129.18688,35.71951],[129.19214,35.71863],[129.19837,35.71475],[129.20525,35.72109],[129.20894,35.72108],[129.20954,35.71868],[129.21788,35.71331],[129.22049,35.71391],[129.22442,35.70954],[129.23297,35.70764],[129.23416,35.70394],[129.25685,35.7007],[129.26259,35.69113],[129.26218,35.68592],[129.25867,35.68289],[129.26103,35.67907],[129.25972,35.67228],[129.25482,35.6662],[129.25556,35.66047],[129.26019,35.65482],[129.2697,35.65122],[129.27495,35.65309],[129.28024,35.65018],[129.2829,35.65173],[129.29015,35.64787],[129.29159,35.64522],[129.29551,35.64399],[129.29837,35.64765],[129.30285,35.64819],[129.30208,35.65116],[129.30392,35.65213],[129.30427,35.65701],[129.30746,35.65734],[129.31114,35.66052],[129.31474,35.65844],[129.31805,35.65881],[129.31969,35.65648],[129.32364,35.65859],[129.32923,35.65835],[129.32864,35.66269],[129.33253,35.66557],[129.33409,35.66976],[129.34011,35.66967],[129.34875,35.67718],[129.35356,35.67938],[129.36407,35.67894],[129.36498,35.67581],[129.37056,35.6729],[129.37318,35.66942],[129.38185,35.67119],[129.4,35.66757],[129.40353,35.66299],[129.41097,35.66383],[129.42854,35.65572],[129.4328,35.65665],[129.43491,35.65252],[129.43927,35.65525],[129.44204,35.65496],[129.44969,35.6509],[129.4458,35.64565],[129.44244,35.64588],[129.44127,35.64455],[129.44097,35.63902],[129.44292,35.63529],[129.44061,35.63237],[129.44113,35.62893],[129.44416,35.62301],[129.45231,35.61849],[129.45404,35.61633],[129.45067,35.61804],[129.45024,35.61457],[129.45272,35.61602],[129.45188,35.61369],[129.45821,35.61326],[129.45719,35.60857],[129.45904,35.60648],[129.46131,35.60704],[129.46386,35.59959],[129.46379,35.59347],[129.46266,35.59307],[129.46364,35.58583],[129.46081,35.58429],[129.45756,35.58505],[129.45597,35.58069],[129.45329,35.5806],[129.45237,35.57872],[129.45386,35.57808],[129.452,35.57193],[129.45573,35.56489],[129.45788,35.56407],[129.45668,35.56173],[129.45822,35.55542],[129.4551,35.55117],[129.45501,35.54778],[129.45317,35.54661],[129.45362,35.54221],[129.45103,35.53684],[129.45062,35.52983],[129.45411,35.52601],[129.44704,35.52927],[129.4387,35.52838],[129.43909,35.51986],[129.44023,35.52226],[129.44599,35.5225],[129.44646,35.52411],[129.44419,35.52545],[129.44656,35.5247],[129.44734,35.52614],[129.45043,35.52468],[129.44516,35.51103],[129.44208,35.50924],[129.44145,35.51091],[129.43289,35.51072],[129.43241,35.50528],[129.43402,35.50439],[129.44146,35.50704],[129.44354,35.50559],[129.44361,35.50227],[129.43926,35.5001],[129.43318,35.50051],[129.43047,35.49673],[129.43244,35.49242],[129.43934,35.4932],[129.4403,35.49523],[129.44573,35.49056],[129.44347,35.49225],[129.44009,35.49104],[129.4393,35.48721],[129.43196,35.48],[129.43178,35.47802],[129.42781,35.47815],[129.43128,35.47866],[129.43064,35.48364],[129.42522,35.48499],[129.42489,35.48164],[129.42758,35.48103],[129.42868,35.47996],[129.41841,35.48243],[129.41479,35.4794],[129.41571,35.47564],[129.41118,35.47187],[129.40604,35.4724],[129.40686,35.47371],[129.40303,35.47721],[129.40436,35.47773],[129.40429,35.48662],[129.40834,35.49333],[129.40324,35.49976],[129.39576,35.50124],[129.39757,35.50762],[129.39663,35.51516],[129.37895,35.53721],[129.3746,35.53943],[129.36975,35.53911],[129.36624,35.54246],[129.36354,35.5417],[129.37806,35.52804],[129.37457,35.52902],[129.37299,35.5247],[129.37095,35.52378],[129.37595,35.5224],[129.37547,35.51755],[129.38482,35.51595],[129.38858,35.50469],[129.38576,35.50088],[129.37987,35.50289],[129.37255,35.50091],[129.36992,35.50105],[129.36519,35.5052],[129.3625,35.50478],[129.36725,35.49778],[129.37932,35.49986],[129.3889,35.48769],[129.38511,35.4845],[129.38697,35.48371],[129.38398,35.48009],[129.38429,35.4776],[129.38802,35.47783],[129.38454,35.47657],[129.37931,35.47124],[129.38322,35.46823],[129.37754,35.46093],[129.37342,35.46195],[129.37126,35.4576],[129.3739,35.45598],[129.37036,35.45709],[129.36868,35.45425],[129.35434,35.45927],[129.35025,35.46845],[129.34125,35.47554],[129.33698,35.47395],[129.34735,35.46426],[129.34987,35.44827],[129.35244,35.44974],[129.35333,35.44843],[129.35979,35.44791],[129.35881,35.44283],[129.35414,35.4409],[129.35515,35.43852],[129.36524,35.4415],[129.36668,35.44418],[129.36542,35.44586],[129.36919,35.44868],[129.37342,35.44727],[129.36675,35.43733],[129.37144,35.43529],[129.37168,35.43135],[129.37414,35.43122],[129.36749,35.43104],[129.36317,35.4284],[129.36207,35.42581],[129.36394,35.42467],[129.36261,35.40192],[129.35847,35.39869],[129.35425,35.39859],[129.35435,35.39303],[129.34673,35.39024],[129.34751,35.38559],[129.34454,35.38086],[129.34551,35.37412],[129.35026,35.37414],[129.35512,35.37137],[129.35745,35.36864],[129.35522,35.36877],[129.35462,35.36669],[129.36123,35.36322],[129.35967,35.36194],[129.36168,35.35992],[129.35853,35.3555],[129.35033,35.35546],[129.34498,35.35226],[129.34389,35.35473],[129.34176,35.35413],[129.34199,35.35644],[129.33422,35.35563],[129.33192,35.34765],[129.32237,35.34654],[129.32008,35.33871],[129.31616,35.33828],[129.31227,35.33016],[129.30981,35.32933],[129.30746,35.33131],[129.30414,35.33016],[129.30196,35.33663],[129.29601,35.33647],[129.29381,35.33788],[129.29189,35.33682],[129.28903,35.3403],[129.28551,35.33922],[129.27966,35.34137],[129.2838,35.34597],[129.28472,35.35081],[129.28052,35.35622],[129.28315,35.36487],[129.27943,35.36614],[129.27684,35.37214],[129.26798,35.3801],[129.26534,35.3869],[129.25783,35.38415],[129.25095,35.38725],[129.25088,35.38472],[129.24879,35.38315],[129.24198,35.38335],[129.24078,35.38468],[129.23694,35.38348],[129.2354,35.38026],[129.23017,35.38112],[129.21854,35.37895],[129.20796,35.38244],[129.20117,35.38778],[129.20281,35.39261],[129.20764,35.39569],[129.20892,35.39943],[129.21155,35.39994],[129.21906,35.40779],[129.21819,35.41142],[129.21478,35.41303],[129.21122,35.41918],[129.20327,35.42102],[129.20016,35.42415],[129.20107,35.42806],[129.19994,35.43045],[129.20191,35.43223],[129.19791,35.43737],[129.1938,35.43756],[129.19024,35.43497],[129.18555,35.43517],[129.17844,35.43183],[129.17681,35.43371],[129.16565,35.43212],[129.15199,35.4419],[129.14315,35.44565],[129.13071,35.4583],[129.12177,35.46344],[129.12058,35.46549],[129.12127,35.47001],[129.11711,35.47593],[129.10832,35.48107],[129.10934,35.48645],[129.10679,35.48948],[129.10655,35.49492],[129.10502,35.49663],[129.09046,35.49838],[129.0862,35.50202],[129.07169,35.50564],[129.05264,35.51445],[129.05106,35.51984],[129.05211,35.5244],[129.05655,35.52727],[129.05581,35.53199],[129.03245,35.52568],[129.02728,35.52707],[129.01296,35.52314],[129.00903,35.52399],[129.00957,35.52788],[129.00762,35.52909],[128.99538,35.52783],[128.99592,35.53525],[128.99892,35.54],[128.99664,35.54497],[128.99229,35.54737],[128.9892,35.55141],[128.98092,35.54637],[128.97201,35.55642],[128.97119,35.5603]]]}},{"type":"Feature","properties":{"sido":"인천","name":"인천광역시","rings":26,"vertices":1315,"dropped_islands":137},"geometry":{"type":"MultiPolygon","coordinates":[[[[125.98858,37.04027],[125.99224,37.03683],[125.99417,37.03713],[125.99442,37.03492],[125.99056,37.03069],[125.99215,37.02793],[125.9947,37.02664],[125.99921,37.02845],[126.00251,37.02927],[126.00391,37.02916],[125.99972,37.02853],[125.99765,37.02591],[126.00468,37.02303],[126.00982,37.02477],[126.01019,37.02684],[126.01656,37.02595],[126.0051,37.02127],[126.00356,37.019],[125.99459,37.0187],[125.99245,37.02087],[125.99416,37.02482],[125.98915,37.0251],[125.98948,37.02721],[125.98485,37.02824],[125.98532,37.02958],[125.98299,37.03208],[125.98007,37.0319],[125.98069,37.03313],[125.97914,37.03344],[125.97801,37.03717],[125.98065,37.03679],[125.9802,37.03954],[125.98162,37.04054],[125.98858,37.04027]]],[[[126.07707,37.10577],[126.07858,37.10792],[126.08509,37.10706],[126.0867,37.10577],[126.08485,37.10436],[126.08561,37.10236],[126.08987,37.09951],[126.0889,37.09637],[126.08441,37.09294],[126.08494,37.09128],[126.0833,37.09211],[126.07549,37.08407],[126.07307,37.08368],[126.07088,37.08521],[126.06788,37.08336],[126.06733,37.08495],[126.06443,37.08561],[126.06293,37.08884],[126.06638,37.09296],[126.06967,37.09133],[126.07309,37.09182],[126.07442,37.09586],[126.07144,37.09763],[126.06675,37.09699],[126.06606,37.09844],[126.06052,37.09553],[126.06705,37.10351],[126.06734,37.10688],[126.07128,37.1046],[126.07499,37.10651],[126.07707,37.10577]]],[[[126.25046,37.17684],[126.25346,37.17713],[126.25305,37.18106],[126.26164,37.18077],[126.2652,37.17806],[126.26588,37.17513],[126.27108,37.17603],[126.27118,37.16877],[126.27313,37.16505],[126.28314,37.16283],[126.28197,37.15918],[126.28002,37.15772],[126.2766,37.16001],[126.27415,37.1596],[126.27275,37.16428],[126.26306,37.16965],[126.25959,37.16854],[126.2579,37.1715],[126.25554,37.17184],[126.24863,37.1706],[126.24379,37.17412],[126.24444,37.17581],[126.24634,37.17561],[126.2476,37.1787],[126.24975,37.17883],[126.25046,37.17684]]],[[[126.09591,37.18864],[126.10278,37.18462],[126.10547,37.1788],[126.11067,37.17917],[126.11304,37.18279],[126.1147,37.18019],[126.11198,37.17744],[126.10773,37.17626],[126.10869,37.17117],[126.11339,37.17087],[126.11066,37.16808],[126.10876,37.16851],[126.1088,37.16588],[126.09423,37.16748],[126.09313,37.1702],[126.09038,37.17069],[126.08488,37.17661],[126.08711,37.18022],[126.0914,37.18173],[126.08884,37.18362],[126.09591,37.18864]]],[[[126.17325,37.22362],[126.17285,37.2214],[126.18004,37.21733],[126.18168,37.21247],[126.18034,37.20971],[126.18258,37.20857],[126.19447,37.20967],[126.19337,37.20792],[126.18916,37.20772],[126.18978,37.20525],[126.18748,37.20491],[126.18762,37.2028],[126.1851,37.20179],[126.18334,37.19548],[126.18024,37.19961],[126.17895,37.20832],[126.17768,37.20874],[126.17825,37.21152],[126.17411,37.21253],[126.16976,37.20926],[126.16897,37.21149],[126.1665,37.21218],[126.16155,37.21122],[126.16288,37.21419],[126.16076,37.21528],[126.16036,37.21802],[126.16228,37.22151],[126.15932,37.22411],[126.16142,37.22531],[126.16115,37.22381],[126.16405,37.22346],[126.16971,37.22805],[126.17325,37.22362]]],[[[126.09305,37.23884],[126.09019,37.23848],[126.08964,37.24727],[126.09608,37.25399],[126.09839,37.26219],[126.10297,37.2653],[126.10321,37.26905],[126.10046,37.27229],[126.10212,37.27358],[126.10907,37.27231],[126.11019,37.27054],[126.10846,37.2685],[126.11077,37.26758],[126.10904,37.26558],[126.11156,37.25772],[126.1176,37.25798],[126.11775,37.25476],[126.12224,37.25374],[126.11593,37.2511],[126.11853,37.24732],[126.12033,37.24697],[126.1251,37.25117],[126.1278,37.25146],[126.13015,37.24723],[126.13607,37.24662],[126.13812,37.24303],[126.14109,37.24138],[126.14447,37.24252],[126.14461,37.24066],[126.14235,37.24079],[126.14054,37.23776],[126.14811,37.23936],[126.15211,37.23825],[126.15485,37.23518],[126.16034,37.23473],[126.16553,37.23153],[126.15818,37.22762],[126.15571,37.22784],[126.15649,37.22641],[126.15426,37.22659],[126.15327,37.22255],[126.1495,37.22555],[126.14346,37.22254],[126.14591,37.22129],[126.14387,37.21921],[126.14635,37.2178],[126.1476,37.21448],[126.14191,37.21545],[126.1389,37.21435],[126.13821,37.21232],[126.13441,37.21386],[126.12582,37.21329],[126.12373,37.21156],[126.11965,37.21171],[126.11924,37.21008],[126.11428,37.21043],[126.11112,37.21365],[126.11651,37.2162],[126.11467,37.22251],[126.1113,37.2236],[126.10891,37.22046],[126.10744,37.22178],[126.1034,37.22068],[126.10156,37.22331],[126.10251,37.22577],[126.10574,37.22765],[126.103,37.22993],[126.09618,37.23054],[126.09023,37.22243],[126.08566,37.22286],[126.08695,37.22581],[126.09033,37.22749],[126.09082,37.23312],[126.09291,37.23491],[126.09305,37.23884]]],[[[126.23896,37.65214],[126.25345,37.65349],[126.2562,37.6518],[126.25681,37.65001],[126.25436,37.64896],[126.25092,37.6378],[126.25337,37.63211],[126.26026,37.62938],[126.26339,37.62549],[126.2615,37.62521],[126.25663,37.62922],[126.24618,37.63182],[126.23371,37.63877],[126.22279,37.65373],[126.22858,37.65168],[126.23284,37.6557],[126.23614,37.65518],[126.23896,37.65214]]],[[[125.70432,37.68069],[125.70692,37.68102],[125.71017,37.67867],[125.71442,37.68096],[125.71659,37.67437],[125.71076,37.67011],[125.70978,37.66615],[125.70642,37.66432],[125.7068,37.66325],[125.6933,37.65431],[125.69255,37.65216],[125.68675,37.65238],[125.68357,37.65361],[125.68473,37.65527],[125.68153,37.66231],[125.68577,37.66455],[125.68475,37.67078],[125.68036,37.67475],[125.67798,37.67427],[125.67779,37.67636],[125.6793,37.67747],[125.67834,37.67989],[125.68107,37.68066],[125.6925,37.67655],[125.70432,37.68069]]],[[[126.17072,37.67645],[126.17494,37.67694],[126.18355,37.68115],[126.1859,37.68428],[126.18892,37.68404],[126.1929,37.68831],[126.19586,37.68827],[126.19524,37.68489],[126.19736,37.67904],[126.20498,37.66947],[126.21104,37.66659],[126.21115,37.66484],[126.20459,37.65946],[126.20789,37.65524],[126.19473,37.65917],[126.18993,37.65759],[126.19256,37.66024],[126.19208,37.66214],[126.1851,37.66763],[126.17883,37.67056],[126.17503,37.67064],[126.17422,37.66934],[126.16869,37.6688],[126.16847,37.66675],[126.15961,37.67232],[126.15603,37.67276],[126.15495,37.67683],[126.15913,37.6756],[126.16182,37.67823],[126.16438,37.67749],[126.16771,37.67912],[126.17072,37.67645]]],[[[124.73968,37.77685],[124.74071,37.77814],[124.74554,37.77499],[124.747,37.77669],[124.7517,37.77754],[124.76031,37.77752],[124.76647,37.77957],[124.77058,37.77873],[124.77089,37.77651],[124.76809,37.77513],[124.76788,37.77092],[124.76626,37.76915],[124.76852,37.76794],[124.76533,37.76646],[124.76186,37.76769],[124.76141,37.76967],[124.75608,37.76866],[124.75495,37.77091],[124.75282,37.77116],[124.7523,37.76968],[124.7471,37.76965],[124.74042,37.76687],[124.73744,37.76213],[124.73179,37.76117],[124.7297,37.7586],[124.7275,37.76211],[124.73435,37.76618],[124.73417,37.77172],[124.74184,37.77288],[124.74229,37.77604],[124.73968,37.77685]]],[[[126.21785,37.78317],[126.22112,37.78537],[126.22085,37.78759],[126.2222,37.78726],[126.22278,37.79133],[126.2199,37.7922],[126.21876,37.79554],[126.22383,37.80024],[126.22322,37.80504],[126.2333,37.81067],[126.24052,37.8173],[126.24677,37.81456],[126.25678,37.81463],[126.26452,37.81779],[126.26657,37.81522],[126.27308,37.81377],[126.29387,37.80392],[126.2948,37.8019],[126.30116,37.80372],[126.30597,37.80219],[126.31484,37.80229],[126.32172,37.80444],[126.32429,37.8082],[126.33511,37.79761],[126.33048,37.79391],[126.33103,37.78914],[126.32541,37.78688],[126.31845,37.77914],[126.31653,37.77376],[126.30493,37.77048],[126.29084,37.76287],[126.28325,37.76769],[126.27323,37.76994],[126.26321,37.76767],[126.25999,37.76424],[126.24848,37.76551],[126.24366,37.76273],[126.24193,37.7636],[126.2403,37.75781],[126.23275,37.75108],[126.22201,37.75636],[126.20769,37.76824],[126.20319,37.76933],[126.20452,37.77008],[126.20409,37.77269],[126.21068,37.77415],[126.21622,37.77807],[126.21785,37.78317]]],[[[124.67997,37.82765],[124.68296,37.82899],[124.68349,37.83202],[124.68704,37.83327],[124.68796,37.8364],[124.69263,37.83922],[124.69971,37.83997],[124.70351,37.84321],[124.70202,37.84905],[124.70333,37.84962],[124.70864,37.84797],[124.7075,37.8461],[124.70982,37.84388],[124.71935,37.84584],[124.72804,37.83942],[124.71935,37.83691],[124.71385,37.8311],[124.71404,37.82944],[124.71643,37.82973],[124.71439,37.8288],[124.71591,37.82592],[124.71856,37.82927],[124.71605,37.82521],[124.71992,37.82099],[124.71788,37.81384],[124.70291,37.80483],[124.69811,37.80797],[124.69838,37.80919],[124.69565,37.80907],[124.69384,37.8065],[124.69039,37.80806],[124.68375,37.80303],[124.68716,37.8008],[124.68602,37.79971],[124.68121,37.79932],[124.67984,37.80271],[124.68411,37.80653],[124.68287,37.80844],[124.68542,37.81092],[124.68411,37.81423],[124.67997,37.8167],[124.6781,37.81446],[124.67473,37.81473],[124.67518,37.81673],[124.66272,37.8218],[124.66834,37.82239],[124.67448,37.81966],[124.67871,37.8213],[124.68104,37.82636],[124.67997,37.82765]]],[[[124.62163,37.97782],[124.62985,37.97457],[124.63868,37.96861],[124.64565,37.97022],[124.64742,37.97328],[124.64787,37.97201],[124.65146,37.97369],[124.65117,37.97508],[124.65546,37.97302],[124.65937,37.97407],[124.65967,37.97604],[124.66798,37.9772],[124.6708,37.98102],[124.67445,37.98161],[124.67586,37.9795],[124.68058,37.97976],[124.68462,37.9842],[124.68592,37.98421],[124.68494,37.98303],[124.68611,37.98091],[124.69094,37.97963],[124.69477,37.98007],[124.69836,37.98333],[124.71618,37.98293],[124.72167,37.9822],[124.72399,37.97938],[124.72972,37.97812],[124.73265,37.96586],[124.74026,37.96148],[124.74402,37.96256],[124.7462,37.95914],[124.74531,37.95747],[124.74099,37.95708],[124.73662,37.9616],[124.73292,37.96233],[124.7302,37.96098],[124.72965,37.95838],[124.73749,37.95452],[124.73532,37.95378],[124.73495,37.9515],[124.73077,37.95117],[124.72996,37.95457],[124.72431,37.95408],[124.71361,37.94638],[124.7079,37.94455],[124.70297,37.93733],[124.70351,37.931],[124.69805,37.925],[124.69993,37.91991],[124.6901,37.9152],[124.68135,37.92288],[124.67505,37.92309],[124.67497,37.92145],[124.67192,37.92018],[124.66451,37.92374],[124.65773,37.92164],[124.65573,37.92182],[124.65639,37.92361],[124.65481,37.9247],[124.65381,37.92304],[124.65217,37.92441],[124.6464,37.92297],[124.63739,37.92395],[124.63263,37.93638],[124.6286,37.94126],[124.62581,37.95432],[124.6229,37.95702],[124.6117,37.96141],[124.61183,37.9676],[124.60971,37.96995],[124.61365,37.9725],[124.61679,37.97953],[124.61801,37.9752],[124.62027,37.97528],[124.62163,37.97782]]],[[[126.30238,37.17305],[126.30638,37.17032],[126.31232,37.17163],[126.31503,37.16702],[126.32476,37.16147],[126.32088,37.15893],[126.31594,37.16115],[126.31146,37.15852],[126.30679,37.1584],[126.30945,37.16097],[126.30886,37.16214],[126.30187,37.1656],[126.29481,37.1649],[126.29551,37.16848],[126.2902,37.17054],[126.29116,37.17378],[126.29403,37.17503],[126.29553,37.1732],[126.30238,37.17305]]],[[[126.5215,37.25834],[126.52398,37.25782],[126.52877,37.25202],[126.52907,37.25029],[126.52659,37.24891],[126.5272,37.24752],[126.53364,37.24558],[126.53205,37.24289],[126.53399,37.2389],[126.53863,37.23521],[126.53775,37.23292],[126.53315,37.23289],[126.52454,37.23584],[126.5261,37.23967],[126.52585,37.24605],[126.52141,37.2503],[126.50986,37.25325],[126.51409,37.25627],[126.51383,37.25813],[126.51604,37.25719],[126.52196,37.25951],[126.5215,37.25834]]],[[[126.43446,37.26932],[126.43438,37.27376],[126.44818,37.27174],[126.45419,37.27734],[126.45302,37.27969],[126.45066,37.27995],[126.45145,37.28194],[126.45367,37.28201],[126.45557,37.28451],[126.45738,37.28264],[126.46657,37.28373],[126.47069,37.28742],[126.4706,37.28552],[126.47441,37.2826],[126.48156,37.28094],[126.48906,37.28374],[126.49037,37.28015],[126.49724,37.27707],[126.49414,37.27308],[126.4941,37.27039],[126.49646,37.26667],[126.49642,37.26327],[126.50177,37.25892],[126.50181,37.25854],[126.49874,37.25334],[126.49651,37.25378],[126.49638,37.25583],[126.49256,37.25898],[126.48689,37.25972],[126.48494,37.25862],[126.48727,37.25659],[126.48596,37.25496],[126.48695,37.25307],[126.48009,37.25532],[126.47646,37.25366],[126.47567,37.252],[126.48219,37.2478],[126.48011,37.24495],[126.48238,37.24202],[126.47552,37.24173],[126.47042,37.23922],[126.46862,37.23538],[126.47176,37.23334],[126.45839,37.2264],[126.45877,37.224],[126.45284,37.22846],[126.45413,37.23141],[126.45856,37.23304],[126.45686,37.23683],[126.45772,37.23871],[126.45157,37.24288],[126.44578,37.24192],[126.44534,37.23726],[126.44351,37.23518],[126.4432,37.23812],[126.44092,37.2393],[126.43922,37.23114],[126.43156,37.23303],[126.43167,37.24439],[126.43681,37.24465],[126.43777,37.24702],[126.43536,37.24886],[126.43615,37.25429],[126.43355,37.25659],[126.43362,37.25983],[126.42902,37.26183],[126.43,37.26348],[126.43209,37.26277],[126.43695,37.26569],[126.43683,37.26769],[126.43446,37.26932]]],[[[126.28437,37.2711],[126.28682,37.27182],[126.28937,37.26696],[126.30247,37.26573],[126.30637,37.26241],[126.30923,37.26467],[126.31092,37.26208],[126.31689,37.26263],[126.31764,37.26065],[126.32623,37.25653],[126.32833,37.25727],[126.32899,37.25984],[126.33109,37.25513],[126.33534,37.25608],[126.33419,37.25826],[126.33548,37.26269],[126.34141,37.2626],[126.34903,37.25921],[126.34032,37.24961],[126.33567,37.2492],[126.33039,37.24608],[126.32604,37.24615],[126.3255,37.24839],[126.32246,37.24792],[126.31843,37.24407],[126.31674,37.24485],[126.3167,37.24839],[126.31479,37.24982],[126.30849,37.24983],[126.30507,37.25349],[126.29673,37.25274],[126.29414,37.25651],[126.28972,37.25594],[126.28746,37.26023],[126.28146,37.25943],[126.27898,37.26255],[126.28,37.26416],[126.2828,37.2639],[126.28479,37.2682],[126.28437,37.2711]]],[[[126.64076,37.34186],[126.62271,37.34181],[126.62214,37.34748],[126.61526,37.34735],[126.61485,37.34313],[126.61416,37.34744],[126.58309,37.34729],[126.58305,37.35473],[126.6422,37.35494],[126.64215,37.34814],[126.64555,37.34818],[126.64085,37.34732],[126.64076,37.34186]]],[[[126.40439,37.40989],[126.40801,37.41238],[126.41427,37.40952],[126.41401,37.40381],[126.42259,37.40108],[126.42265,37.39812],[126.42882,37.39375],[126.42973,37.39101],[126.44199,37.38532],[126.44166,37.382],[126.43472,37.38157],[126.43617,37.37928],[126.4402,37.37833],[126.43936,37.37596],[126.43349,37.37445],[126.43343,37.37143],[126.43591,37.3724],[126.43366,37.3689],[126.42488,37.36879],[126.42306,37.36653],[126.41995,37.368],[126.41911,37.36585],[126.4161,37.36554],[126.40815,37.37256],[126.41093,37.37531],[126.40845,37.38056],[126.41021,37.38309],[126.40763,37.38931],[126.40423,37.39212],[126.39773,37.39139],[126.39649,37.39261],[126.40099,37.39586],[126.40193,37.39919],[126.40056,37.40093],[126.40501,37.40598],[126.40439,37.40989]]],[[[126.35947,37.47107],[126.35976,37.4734],[126.36417,37.47456],[126.36905,37.47361],[126.36948,37.47143],[126.37321,37.47147],[126.41748,37.49635],[126.44328,37.49875],[126.44662,37.49791],[126.4556,37.50028],[126.45571,37.49909],[126.47384,37.49885],[126.4941,37.50743],[126.49641,37.51275],[126.495,37.51374],[126.49706,37.52708],[126.4989,37.53057],[126.50239,37.53236],[126.50414,37.53057],[126.51139,37.53395],[126.51563,37.53423],[126.51757,37.53124],[126.52251,37.53043],[126.52555,37.52721],[126.52533,37.5248],[126.53161,37.52457],[126.5407,37.52145],[126.56442,37.53921],[126.56421,37.54062],[126.57636,37.5435],[126.57755,37.54184],[126.57723,37.53796],[126.57512,37.53699],[126.57501,37.52968],[126.5806,37.52561],[126.57898,37.52489],[126.57538,37.52743],[126.5751,37.52123],[126.55809,37.5212],[126.55143,37.52834],[126.54115,37.51999],[126.54701,37.51756],[126.55404,37.51808],[126.56219,37.51539],[126.56438,37.51658],[126.56326,37.51519],[126.56923,37.50783],[126.57669,37.50377],[126.58045,37.49328],[126.58285,37.49157],[126.58235,37.48975],[126.57656,37.48824],[126.56444,37.47958],[126.54887,37.47625],[126.53449,37.47536],[126.50522,37.46515],[126.49314,37.45544],[126.48527,37.44446],[126.44271,37.42134],[126.42816,37.42307],[126.41955,37.42207],[126.4161,37.42039],[126.41519,37.41629],[126.41338,37.41685],[126.41291,37.41973],[126.41555,37.41961],[126.41587,37.42032],[126.41662,37.42111],[126.41971,37.42236],[126.41993,37.42348],[126.41797,37.4299],[126.41156,37.43729],[126.40709,37.43863],[126.40203,37.43369],[126.40008,37.43428],[126.40423,37.43979],[126.39541,37.44614],[126.38967,37.4433],[126.39016,37.43975],[126.38434,37.44105],[126.38055,37.44],[126.38177,37.43649],[126.38096,37.43538],[126.37638,37.44168],[126.36459,37.44213],[126.36521,37.44387],[126.37204,37.44428],[126.37277,37.44697],[126.37078,37.44939],[126.36878,37.44865],[126.37055,37.45296],[126.36894,37.45664],[126.36508,37.45814],[126.36403,37.45684],[126.36034,37.45966],[126.35965,37.4618],[126.35704,37.46242],[126.35578,37.46757],[126.35947,37.47107]]],[[[126.60818,37.39401],[126.60816,37.39759],[126.60991,37.39895],[126.60968,37.4161],[126.59616,37.41583],[126.5897,37.41938],[126.58966,37.42668],[126.59226,37.42669],[126.59257,37.42273],[126.60077,37.41977],[126.60486,37.42527],[126.60807,37.42677],[126.63275,37.42685],[126.6345,37.41854],[126.63774,37.41946],[126.63437,37.43204],[126.63235,37.42999],[126.6102,37.43011],[126.61515,37.43782],[126.60811,37.44096],[126.61019,37.44422],[126.61645,37.44169],[126.61838,37.44434],[126.61062,37.44795],[126.61323,37.45338],[126.61067,37.45395],[126.60105,37.4387],[126.59427,37.43868],[126.5932,37.44935],[126.5911,37.45452],[126.59344,37.44953],[126.59651,37.44936],[126.59662,37.45131],[126.59341,37.45484],[126.5979,37.45404],[126.60295,37.45692],[126.6001,37.45971],[126.59487,37.45681],[126.59246,37.45813],[126.59093,37.46193],[126.59256,37.45824],[126.59485,37.45723],[126.59563,37.46377],[126.5935,37.46499],[126.59106,37.4642],[126.59382,37.46529],[126.59586,37.46422],[126.5998,37.46511],[126.60015,37.4668],[126.59784,37.46952],[126.59479,37.46889],[126.59761,37.47683],[126.60276,37.4843],[126.60643,37.48469],[126.60636,37.48628],[126.60805,37.48676],[126.6098,37.48295],[126.60503,37.48148],[126.60538,37.48021],[126.61682,37.4835],[126.61792,37.48526],[126.61168,37.48352],[126.6099,37.48735],[126.62627,37.49248],[126.62962,37.48966],[126.62748,37.49337],[126.6403,37.49565],[126.64075,37.49714],[126.63946,37.49829],[126.63925,37.5041],[126.63137,37.50425],[126.63076,37.50047],[126.62665,37.49741],[126.60454,37.49591],[126.60487,37.51051],[126.60305,37.51368],[126.60263,37.53275],[126.59929,37.53328],[126.59666,37.54858],[126.60674,37.55442],[126.60092,37.55864],[126.60103,37.56143],[126.59452,37.56147],[126.59392,37.56347],[126.59028,37.56239],[126.58667,37.56671],[126.58883,37.56981],[126.59119,37.5669],[126.60577,37.56763],[126.61449,37.56689],[126.617,37.56532],[126.63817,37.57104],[126.66124,37.57304],[126.66317,37.57866],[126.65718,37.57937],[126.65488,37.57741],[126.64791,37.58023],[126.64691,37.57919],[126.64297,37.58247],[126.64129,37.58154],[126.64018,37.58216],[126.64179,37.58297],[126.63969,37.58546],[126.63259,37.5863],[126.62699,37.58237],[126.6271,37.57988],[126.62033,37.57716],[126.61868,37.57764],[126.62179,37.57856],[126.62209,37.58609],[126.61354,37.58585],[126.6124,37.58788],[126.60603,37.58802],[126.60201,37.58515],[126.60223,37.58215],[126.59672,37.58213],[126.59363,37.58535],[126.59156,37.59301],[126.61436,37.60629],[126.61671,37.60371],[126.62546,37.60286],[126.63157,37.61376],[126.63166,37.61734],[126.63653,37.62059],[126.63646,37.62768],[126.64706,37.62776],[126.65256,37.63949],[126.67242,37.63384],[126.67488,37.6299],[126.68055,37.62931],[126.6827,37.62506],[126.69819,37.61783],[126.70095,37.61427],[126.70545,37.61215],[126.70613,37.60768],[126.70404,37.60477],[126.7045,37.60273],[126.7096,37.60513],[126.71563,37.60381],[126.71636,37.59946],[126.7261,37.59184],[126.72921,37.59275],[126.7362,37.59067],[126.73677,37.59297],[126.73901,37.5937],[126.74432,37.59249],[126.74524,37.5889],[126.74942,37.58468],[126.74964,37.58122],[126.7517,37.5797],[126.75562,37.58047],[126.75565,37.58289],[126.75799,37.58533],[126.76319,37.58507],[126.76752,37.58839],[126.77258,37.58518],[126.78392,37.58276],[126.78705,37.58558],[126.79369,37.58159],[126.79322,37.57689],[126.79104,37.58079],[126.7892,37.57558],[126.78244,37.57354],[126.78263,37.57055],[126.78024,37.56744],[126.77672,37.56605],[126.77511,37.56703],[126.77784,37.55993],[126.77578,37.56169],[126.7726,37.55903],[126.77243,37.55701],[126.76575,37.55577],[126.76653,37.55311],[126.76341,37.54672],[126.76389,37.5429],[126.76029,37.53543],[126.76028,37.51592],[126.7536,37.51678],[126.74988,37.51398],[126.74583,37.51489],[126.74166,37.50884],[126.74376,37.50162],[126.74177,37.49508],[126.74251,37.48695],[126.75387,37.48393],[126.75915,37.47695],[126.76516,37.47518],[126.76806,37.47181],[126.7782,37.4718],[126.77982,37.46583],[126.77795,37.46305],[126.77884,37.4597],[126.77748,37.45756],[126.78043,37.45498],[126.77902,37.45102],[126.77103,37.44882],[126.77111,37.44641],[126.76857,37.44379],[126.7712,37.43648],[126.76961,37.43224],[126.7711,37.4315],[126.77076,37.42981],[126.76916,37.42747],[126.76453,37.42603],[126.75899,37.42687],[126.75838,37.42501],[126.75363,37.42278],[126.75506,37.41814],[126.75266,37.41625],[126.75071,37.40799],[126.74366,37.40528],[126.744,37.40099],[126.7372,37.39713],[126.72114,37.3825],[126.71888,37.38342],[126.71771,37.38147],[126.71464,37.38153],[126.68524,37.38667],[126.68351,37.38476],[126.69506,37.38273],[126.69783,37.37812],[126.69695,37.37499],[126.68737,37.36413],[126.68426,37.36215],[126.67846,37.36546],[126.66345,37.35054],[126.65476,37.35573],[126.64603,37.34836],[126.65415,37.35624],[126.61627,37.37945],[126.60997,37.38719],[126.60993,37.39271],[126.60818,37.39401]]],[[[126.45391,37.537],[126.45716,37.54412],[126.46075,37.54428],[126.4655,37.54118],[126.46625,37.53874],[126.47313,37.53725],[126.47317,37.52874],[126.46669,37.5282],[126.46656,37.52448],[126.47039,37.52212],[126.46742,37.51519],[126.46966,37.51216],[126.4629,37.51228],[126.46023,37.51638],[126.45357,37.51914],[126.44567,37.5198],[126.44455,37.51751],[126.43964,37.51622],[126.4393,37.51425],[126.43503,37.51767],[126.43163,37.51715],[126.42973,37.51869],[126.43217,37.52292],[126.43142,37.52553],[126.43853,37.53063],[126.44856,37.53335],[126.45391,37.537]]],[[[126.41895,37.53657],[126.42435,37.5442],[126.42402,37.54648],[126.42714,37.5483],[126.43256,37.54417],[126.43744,37.54579],[126.44138,37.5446],[126.43458,37.54258],[126.43186,37.53098],[126.42633,37.5259],[126.42794,37.52376],[126.42693,37.52224],[126.42521,37.5218],[126.42307,37.52373],[126.41612,37.52323],[126.4201,37.52557],[126.4191,37.52966],[126.42229,37.53336],[126.42166,37.53547],[126.41895,37.53657]]],[[[126.34017,37.5472],[126.33957,37.54417],[126.34345,37.5393],[126.35348,37.53493],[126.36513,37.53432],[126.38377,37.53905],[126.38342,37.53295],[126.38545,37.53168],[126.38231,37.53014],[126.38147,37.52793],[126.36139,37.53101],[126.35244,37.53008],[126.34919,37.52756],[126.34307,37.52832],[126.34234,37.52564],[126.34047,37.52618],[126.34022,37.52988],[126.33638,37.53069],[126.33423,37.52945],[126.33456,37.52711],[126.32986,37.52608],[126.32707,37.52292],[126.32532,37.52529],[126.32863,37.52725],[126.32776,37.53226],[126.32956,37.53331],[126.32966,37.54089],[126.32122,37.54567],[126.3185,37.55024],[126.30947,37.5565],[126.30813,37.5601],[126.32497,37.55388],[126.32933,37.55009],[126.33744,37.55129],[126.33787,37.54852],[126.34017,37.5472]]],[[[126.28956,37.72475],[126.28725,37.72822],[126.28873,37.72955],[126.28909,37.74263],[126.29252,37.74469],[126.30999,37.74799],[126.31797,37.75242],[126.3236,37.75173],[126.32836,37.74966],[126.32964,37.74634],[126.32121,37.73761],[126.31847,37.72983],[126.31707,37.71987],[126.3194,37.7123],[126.34301,37.69728],[126.35752,37.69557],[126.35992,37.69364],[126.3629,37.69569],[126.36761,37.69403],[126.36701,37.69131],[126.37488,37.68762],[126.37884,37.68233],[126.37535,37.66892],[126.37058,37.66367],[126.36148,37.66068],[126.35652,37.65565],[126.35223,37.65484],[126.34799,37.65109],[126.34326,37.65075],[126.34313,37.64605],[126.3446,37.64449],[126.34254,37.64345],[126.33766,37.6448],[126.3378,37.64823],[126.33332,37.6515],[126.32905,37.65299],[126.32742,37.65216],[126.32543,37.65396],[126.32685,37.65503],[126.32463,37.65951],[126.32788,37.66202],[126.32865,37.67],[126.32429,37.67315],[126.32015,37.67936],[126.3206,37.68079],[126.31474,37.68502],[126.30815,37.68655],[126.28878,37.69531],[126.28584,37.70063],[126.26935,37.71065],[126.27502,37.71209],[126.27693,37.71015],[126.28197,37.70903],[126.28759,37.7141],[126.28956,37.72475]]],[[[126.38815,37.8067],[126.39363,37.81938],[126.39265,37.82339],[126.40635,37.82166],[126.4119,37.82315],[126.41541,37.82147],[126.42542,37.82797],[126.42809,37.83163],[126.43726,37.82896],[126.43887,37.82444],[126.44172,37.82192],[126.44442,37.82171],[126.44472,37.81922],[126.45083,37.81148],[126.46853,37.80203],[126.47871,37.79449],[126.49815,37.78543],[126.50529,37.78496],[126.50466,37.78385],[126.50825,37.77968],[126.509,37.77395],[126.51303,37.77041],[126.5103,37.76705],[126.51133,37.76273],[126.5207,37.7507],[126.52642,37.74762],[126.52425,37.7421],[126.52486,37.73975],[126.51393,37.72588],[126.51257,37.71678],[126.51514,37.7096],[126.52535,37.70188],[126.52089,37.69641],[126.51883,37.68692],[126.52003,37.68261],[126.51682,37.67874],[126.51722,37.67335],[126.52299,37.6666],[126.53192,37.66449],[126.53306,37.6606],[126.52494,37.65886],[126.52287,37.65618],[126.52245,37.65211],[126.52596,37.64947],[126.52636,37.64402],[126.52926,37.63771],[126.5321,37.63619],[126.53169,37.63331],[126.53394,37.62934],[126.53668,37.62902],[126.53416,37.62721],[126.53531,37.62246],[126.53692,37.62234],[126.53764,37.62487],[126.53949,37.62562],[126.54359,37.61905],[126.54274,37.61781],[126.53594,37.61773],[126.53509,37.61404],[126.52185,37.61136],[126.52018,37.60916],[126.52133,37.60791],[126.51572,37.60513],[126.51489,37.60039],[126.5105,37.59656],[126.50433,37.59638],[126.49851,37.59846],[126.49605,37.59801],[126.49544,37.59629],[126.4942,37.59933],[126.47964,37.60491],[126.47727,37.60326],[126.47845,37.59919],[126.46403,37.59587],[126.46253,37.5944],[126.46286,37.58948],[126.46161,37.58924],[126.46021,37.59174],[126.45581,37.59369],[126.45081,37.59314],[126.44697,37.59459],[126.43898,37.59226],[126.40436,37.59404],[126.38781,37.60317],[126.38586,37.60485],[126.38547,37.60819],[126.37079,37.61238],[126.37099,37.61367],[126.37753,37.61578],[126.3776,37.61903],[126.37531,37.62109],[126.37536,37.62514],[126.37283,37.62663],[126.37489,37.62797],[126.37418,37.63107],[126.3659,37.6353],[126.36899,37.637],[126.37679,37.6363],[126.3803,37.63728],[126.38064,37.63874],[126.38488,37.63841],[126.3906,37.64123],[126.39412,37.63945],[126.40002,37.64088],[126.41049,37.64962],[126.41034,37.6543],[126.41234,37.65619],[126.40966,37.65684],[126.41001,37.65942],[126.4055,37.66719],[126.40583,37.67142],[126.4038,37.67616],[126.3915,37.685],[126.38828,37.68961],[126.3922,37.69368],[126.39183,37.69554],[126.38298,37.70075],[126.37884,37.6997],[126.37751,37.70098],[126.37392,37.70041],[126.3727,37.70228],[126.36679,37.70409],[126.35951,37.70343],[126.35559,37.70668],[126.3524,37.71323],[126.35141,37.71653],[126.35367,37.71847],[126.3541,37.72307],[126.3523,37.73649],[126.35265,37.74002],[126.35528,37.74138],[126.35382,37.74463],[126.35659,37.75803],[126.35586,37.76749],[126.3569,37.76819],[126.35464,37.77098],[126.3551,37.78116],[126.35325,37.78513],[126.35428,37.78606],[126.35058,37.78957],[126.35207,37.79194],[126.35531,37.79185],[126.37101,37.80116],[126.3832,37.80395],[126.38815,37.8067]]]]}},{"type":"Feature","properties":{"sido":"전남광주","name":"전남광주","rings":82,"vertices":7677,"dropped_islands":1415},"geometry":{"type":"MultiPolygon","coordinates":[[[[125.10934,34.09271],[125.1145,34.08631],[125.12356,34.08691],[125.12297,34.08282],[125.11889,34.07841],[125.12055,34.07265],[125.13023,34.06218],[125.14098,34.05588],[125.14312,34.05186],[125.12469,34.04771],[125.12904,34.05041],[125.12417,34.05125],[125.12242,34.04784],[125.11858,34.04847],[125.11373,34.05926],[125.11432,34.06348],[125.10251,34.06939],[125.09538,34.07079],[125.09113,34.06984],[125.08586,34.07352],[125.09396,34.07306],[125.09505,34.08461],[125.10014,34.0893],[125.10066,34.09216],[125.10602,34.0908],[125.10934,34.09271]]],[[[125.93995,34.24067],[125.94056,34.2387],[125.94463,34.24333],[125.94646,34.24231],[125.94929,34.24552],[125.95418,34.24452],[125.95586,34.24128],[125.94773,34.23698],[125.94381,34.23186],[125.94222,34.2323],[125.9373,34.22914],[125.93376,34.23086],[125.93358,34.23385],[125.93017,34.23006],[125.92839,34.2302],[125.92774,34.23186],[125.92964,34.23325],[125.92736,34.23666],[125.93143,34.23787],[125.92971,34.23904],[125.93595,34.2468],[125.93881,34.24682],[125.94184,34.24427],[125.93995,34.24067]]],[[[126.0443,34.23657],[126.04412,34.23933],[126.046,34.24061],[126.04784,34.23842],[126.04998,34.23963],[126.05454,34.24649],[126.04862,34.25389],[126.05093,34.25355],[126.05354,34.24987],[126.05833,34.2487],[126.06339,34.2511],[126.06132,34.24743],[126.06507,34.24028],[126.05968,34.23861],[126.06143,34.23412],[126.0605,34.23199],[126.05622,34.23134],[126.05762,34.225],[126.04314,34.23271],[126.03948,34.23041],[126.04034,34.22763],[126.03682,34.22294],[126.03472,34.22624],[126.03412,34.23198],[126.02616,34.23191],[126.0254,34.23061],[126.02419,34.23261],[126.02564,34.23847],[126.03094,34.23578],[126.03669,34.23895],[126.03964,34.23852],[126.04145,34.23548],[126.0443,34.23657]]],[[[125.92491,34.25527],[125.92178,34.25739],[125.91933,34.25542],[125.9191,34.24976],[125.91601,34.24762],[125.9174,34.24895],[125.91718,34.2539],[125.91368,34.25157],[125.91452,34.25018],[125.91309,34.24886],[125.91188,34.25086],[125.90899,34.25132],[125.91083,34.24913],[125.90973,34.24679],[125.91359,34.24562],[125.91513,34.24671],[125.91294,34.24221],[125.91075,34.24239],[125.91015,34.24611],[125.90677,34.24757],[125.90525,34.24624],[125.90154,34.24738],[125.89843,34.24544],[125.89721,34.24686],[125.90005,34.2483],[125.89809,34.25183],[125.9003,34.25246],[125.90142,34.25682],[125.92213,34.2617],[125.92568,34.25733],[125.92491,34.25527]]],[[[125.99518,34.27021],[125.99566,34.26752],[125.99321,34.26745],[125.99354,34.26408],[125.99702,34.26572],[125.99795,34.26417],[126.00068,34.2642],[126.00493,34.26957],[126.00645,34.26619],[126.00335,34.26432],[126.00281,34.26132],[125.99995,34.26161],[125.99786,34.25936],[125.99873,34.2574],[126.00178,34.25713],[126.00205,34.25286],[125.99878,34.25559],[125.9947,34.25554],[125.99296,34.25381],[125.9948,34.25704],[125.99401,34.26088],[125.98771,34.2638],[125.98994,34.26564],[125.99027,34.2707],[125.98742,34.2712],[125.98632,34.26775],[125.98369,34.26764],[125.98229,34.26381],[125.98018,34.26546],[125.97867,34.2757],[125.98252,34.2758],[125.98621,34.27835],[125.98875,34.27699],[125.99131,34.27894],[125.99575,34.27522],[125.99723,34.27069],[125.99518,34.27021]]],[[[126.02806,34.30313],[126.03322,34.30492],[126.03294,34.30746],[126.02747,34.30756],[126.02195,34.31009],[126.02513,34.31313],[126.02909,34.30975],[126.0342,34.31124],[126.03504,34.31294],[126.02996,34.31686],[126.03527,34.31788],[126.03683,34.31657],[126.03873,34.31895],[126.04013,34.3184],[126.04599,34.3084],[126.05337,34.30634],[126.0538,34.30388],[126.05877,34.30576],[126.06043,34.30409],[126.0665,34.30511],[126.06785,34.30776],[126.07053,34.30648],[126.08085,34.30716],[126.08806,34.3113],[126.08732,34.30705],[126.0892,34.30528],[126.08689,34.30424],[126.08557,34.29881],[126.08813,34.29668],[126.08715,34.29231],[126.0907,34.29127],[126.0925,34.28813],[126.08887,34.28566],[126.09128,34.28176],[126.09057,34.28047],[126.09545,34.27606],[126.09202,34.27721],[126.08657,34.2822],[126.08457,34.28006],[126.07994,34.28145],[126.08107,34.2844],[126.07552,34.28523],[126.07266,34.28351],[126.07384,34.28088],[126.07042,34.28138],[126.07064,34.2786],[126.06856,34.27779],[126.06767,34.27381],[126.06715,34.2773],[126.06189,34.27849],[126.06604,34.28722],[126.0656,34.28905],[126.06166,34.28952],[126.06,34.28559],[126.05642,34.28853],[126.05255,34.28704],[126.05873,34.27816],[126.05831,34.27591],[126.05552,34.27461],[126.05315,34.27596],[126.05208,34.28032],[126.04892,34.28409],[126.04408,34.28225],[126.038,34.28631],[126.03367,34.2828],[126.03268,34.285],[126.02868,34.28427],[126.02344,34.28601],[126.02403,34.28785],[126.02878,34.2902],[126.02425,34.29574],[126.01554,34.29237],[126.01678,34.29657],[126.01929,34.29848],[126.01818,34.29947],[126.02242,34.30289],[126.02571,34.29943],[126.02806,34.30313]]],[[[126.01133,34.33887],[126.01808,34.33998],[126.02144,34.33674],[126.0269,34.34248],[126.03311,34.33787],[126.05321,34.33189],[126.06042,34.32113],[126.05676,34.31991],[126.0508,34.32483],[126.04635,34.32247],[126.04658,34.32056],[126.04502,34.32248],[126.03857,34.32236],[126.03847,34.32511],[126.04553,34.3225],[126.0465,34.3238],[126.0389,34.32773],[126.03768,34.33028],[126.03374,34.32464],[126.03064,34.32855],[126.02361,34.33049],[126.02157,34.32817],[126.0231,34.32604],[126.02065,34.32278],[126.01543,34.32409],[126.01066,34.32127],[126.00023,34.32554],[125.99672,34.32491],[125.99487,34.32726],[125.99507,34.33341],[125.9955,34.33532],[125.99838,34.33494],[125.99863,34.33749],[125.99298,34.33689],[125.99151,34.33804],[125.99622,34.33778],[125.9989,34.33922],[126.00716,34.33369],[126.0159,34.33223],[126.01689,34.33376],[126.01133,34.33887]]],[[[126.05166,34.49212],[126.04681,34.49577],[126.05171,34.49612],[126.05455,34.4981],[126.05752,34.49691],[126.05877,34.49245],[126.06364,34.4927],[126.06494,34.49096],[126.06414,34.48909],[126.05961,34.48878],[126.05891,34.48363],[126.05515,34.48332],[126.05446,34.4816],[126.05776,34.47925],[126.06115,34.47953],[126.06624,34.48369],[126.07036,34.48167],[126.06465,34.47837],[126.06538,34.47523],[126.06325,34.47668],[126.0575,34.47297],[126.05287,34.4729],[126.05177,34.47063],[126.05315,34.4677],[126.04708,34.46576],[126.04742,34.46272],[126.04212,34.45945],[126.04082,34.46204],[126.0356,34.463],[126.03823,34.46346],[126.03902,34.466],[126.04216,34.46791],[126.04245,34.46979],[126.04018,34.47151],[126.04074,34.4738],[126.03179,34.48107],[126.03199,34.48349],[126.03442,34.47968],[126.04009,34.47933],[126.04452,34.48715],[126.04498,34.49162],[126.05166,34.49212]]],[[[126.04785,34.56497],[126.04929,34.5634],[126.05037,34.56453],[126.06372,34.55928],[126.07242,34.57038],[126.07122,34.57204],[126.07309,34.57365],[126.07679,34.5733],[126.08078,34.57693],[126.08113,34.58076],[126.0851,34.57991],[126.08709,34.58406],[126.08546,34.58523],[126.07447,34.58435],[126.07356,34.58835],[126.07176,34.58868],[126.06746,34.59716],[126.06908,34.59786],[126.0647,34.60754],[126.0656,34.60926],[126.06183,34.60983],[126.05935,34.61248],[126.05087,34.60939],[126.04959,34.61066],[126.04742,34.60895],[126.04616,34.61032],[126.04791,34.61051],[126.04772,34.6152],[126.0494,34.61587],[126.04831,34.6234],[126.05067,34.62985],[126.0561,34.63069],[126.05879,34.62745],[126.06813,34.62824],[126.07147,34.626],[126.07413,34.62639],[126.07649,34.62183],[126.08317,34.61839],[126.0829,34.61364],[126.08834,34.61021],[126.08752,34.60842],[126.09385,34.60615],[126.09577,34.60904],[126.09835,34.60779],[126.09915,34.60958],[126.10278,34.60555],[126.09858,34.60047],[126.09852,34.59677],[126.10413,34.59547],[126.10382,34.59163],[126.1082,34.59204],[126.10622,34.58928],[126.11138,34.58881],[126.10925,34.58555],[126.10266,34.58343],[126.10228,34.58171],[126.10501,34.57951],[126.09903,34.58032],[126.09922,34.57838],[126.10332,34.57561],[126.10204,34.57418],[126.09632,34.57428],[126.09221,34.56924],[126.09746,34.56669],[126.09549,34.56364],[126.09986,34.56383],[126.10263,34.55454],[126.10037,34.55235],[126.09873,34.55499],[126.09521,34.55393],[126.09021,34.55666],[126.08733,34.55499],[126.08283,34.55608],[126.08243,34.55369],[126.08546,34.55221],[126.08317,34.54908],[126.08649,34.54765],[126.08244,34.54352],[126.07975,34.54362],[126.07998,34.54157],[126.0693,34.5396],[126.06755,34.53782],[126.06269,34.54044],[126.06155,34.53844],[126.06456,34.53383],[126.05687,34.53484],[126.05544,34.53154],[126.05241,34.53231],[126.04832,34.53018],[126.04689,34.53277],[126.04374,34.53104],[126.04096,34.53391],[126.03163,34.53274],[126.03138,34.53087],[126.02613,34.53616],[126.02885,34.53889],[126.02782,34.54235],[126.03303,34.54289],[126.03709,34.54088],[126.03695,34.538],[126.04505,34.53762],[126.04728,34.53881],[126.04801,34.54184],[126.0378,34.54494],[126.04072,34.5457],[126.04532,34.54341],[126.04692,34.54486],[126.04597,34.54595],[126.04982,34.54478],[126.0505,34.54748],[126.05287,34.5486],[126.05542,34.54746],[126.05589,34.5496],[126.06032,34.54789],[126.06082,34.54908],[126.05714,34.5517],[126.06095,34.55313],[126.06087,34.55499],[126.05379,34.55715],[126.04878,34.55456],[126.03884,34.55836],[126.03357,34.54994],[126.03412,34.5518],[126.03223,34.55344],[126.02821,34.55145],[126.02591,34.55439],[126.02992,34.55771],[126.0311,34.56144],[126.03435,34.55937],[126.03291,34.56353],[126.03794,34.56254],[126.0387,34.5651],[126.04785,34.56497]]],[[[126.03049,34.63288],[126.03945,34.62995],[126.03871,34.62407],[126.04114,34.62179],[126.03857,34.6205],[126.03968,34.61789],[126.0368,34.61863],[126.03317,34.61118],[126.03587,34.60843],[126.03865,34.60865],[126.03952,34.60517],[126.04532,34.60185],[126.0526,34.60191],[126.05444,34.60443],[126.05601,34.60245],[126.05698,34.59819],[126.05989,34.59485],[126.05897,34.59293],[126.0614,34.59373],[126.06266,34.59243],[126.06105,34.59166],[126.06173,34.58544],[126.06492,34.58308],[126.05992,34.57413],[126.06079,34.572],[126.05488,34.56794],[126.05039,34.57131],[126.04792,34.56943],[126.04672,34.57112],[126.04446,34.56813],[126.04187,34.5676],[126.0417,34.57158],[126.03767,34.57186],[126.03795,34.57421],[126.03459,34.57587],[126.03328,34.57173],[126.03105,34.57189],[126.02926,34.56545],[126.01907,34.56481],[126.01817,34.57172],[126.02193,34.5744],[126.01702,34.57537],[126.02069,34.57799],[126.01584,34.57903],[126.01806,34.58156],[126.01472,34.58519],[126.01913,34.58984],[126.02046,34.58798],[126.02694,34.59221],[126.02615,34.59493],[126.01962,34.60068],[126.01624,34.59979],[126.01427,34.59638],[126.01108,34.5969],[126.01591,34.60256],[126.01312,34.60347],[126.01377,34.60583],[126.0121,34.60449],[126.01085,34.60661],[126.01437,34.61198],[126.01353,34.61438],[126.01695,34.61802],[126.01161,34.62392],[126.01253,34.62767],[126.00973,34.62846],[126.01112,34.63257],[126.01284,34.63201],[126.01323,34.63422],[126.01627,34.63531],[126.02293,34.634],[126.02922,34.63524],[126.03049,34.63288]]],[[[125.83741,34.61803],[125.84748,34.62567],[125.84683,34.62846],[125.85622,34.62884],[125.85799,34.62177],[125.85327,34.61886],[125.85413,34.61771],[125.85814,34.61854],[125.85997,34.61388],[125.85863,34.61001],[125.86215,34.60568],[125.86162,34.60409],[125.85486,34.60362],[125.85063,34.59806],[125.84813,34.5983],[125.84331,34.59416],[125.83158,34.59625],[125.82665,34.59909],[125.82192,34.59815],[125.82141,34.59564],[125.81742,34.59192],[125.81244,34.59229],[125.80888,34.59438],[125.81097,34.59796],[125.80936,34.60194],[125.81628,34.60199],[125.82213,34.59859],[125.8215,34.60136],[125.82287,34.60315],[125.82528,34.60314],[125.82606,34.60572],[125.82519,34.60924],[125.82217,34.61102],[125.81794,34.60916],[125.8115,34.61138],[125.81478,34.61318],[125.81446,34.61509],[125.80834,34.61738],[125.80603,34.62006],[125.81002,34.62194],[125.81718,34.61378],[125.82217,34.61148],[125.83009,34.6146],[125.83293,34.61883],[125.83741,34.61803]]],[[[125.99835,34.61831],[125.99514,34.62196],[125.9912,34.62161],[125.99364,34.62218],[125.99516,34.62497],[125.99393,34.62856],[125.99926,34.62877],[126.00017,34.6314],[126.00376,34.62985],[126.00335,34.62589],[126.00624,34.62517],[126.00954,34.61966],[126.00917,34.61098],[126.00238,34.60883],[126.00066,34.61025],[126.00058,34.60869],[125.99711,34.60643],[125.99898,34.6117],[125.99611,34.61337],[125.99281,34.61109],[125.99349,34.60859],[125.98981,34.60907],[125.98902,34.60729],[125.98663,34.60948],[125.98967,34.61123],[125.98806,34.61339],[125.98869,34.61701],[125.99097,34.61604],[125.99209,34.61861],[125.99835,34.61831]]],[[[125.9566,34.64162],[125.96107,34.6449],[125.96211,34.64279],[125.96867,34.64081],[125.96971,34.63546],[125.9747,34.6346],[125.97545,34.62946],[125.97865,34.6273],[125.97937,34.62493],[125.97849,34.62175],[125.97537,34.61902],[125.97065,34.62014],[125.97006,34.62306],[125.96452,34.62998],[125.96172,34.6292],[125.95974,34.62418],[125.95591,34.62446],[125.95643,34.62577],[125.95161,34.63003],[125.9503,34.63349],[125.94679,34.63555],[125.94772,34.63952],[125.94998,34.64048],[125.95266,34.6367],[125.95474,34.63735],[125.95791,34.64051],[125.9566,34.64162]]],[[[125.4069,34.68309],[125.40899,34.68185],[125.40948,34.68494],[125.40747,34.68629],[125.41019,34.68726],[125.40648,34.68971],[125.41218,34.69696],[125.4164,34.6984],[125.42184,34.69644],[125.42861,34.69765],[125.43099,34.69491],[125.43022,34.69225],[125.42678,34.69018],[125.42694,34.68847],[125.42993,34.68824],[125.42803,34.68692],[125.42972,34.68459],[125.43405,34.68529],[125.43398,34.68355],[125.44104,34.68363],[125.44277,34.68584],[125.44463,34.68567],[125.44339,34.6894],[125.43811,34.68868],[125.44283,34.68962],[125.44517,34.69237],[125.44444,34.69448],[125.4519,34.68894],[125.45499,34.69085],[125.45331,34.6935],[125.45497,34.69487],[125.45857,34.69236],[125.46225,34.69275],[125.46348,34.69014],[125.46327,34.68779],[125.45943,34.68664],[125.46002,34.68505],[125.45773,34.68099],[125.45484,34.6829],[125.45627,34.68506],[125.45429,34.68655],[125.45035,34.68557],[125.44818,34.68187],[125.44583,34.68282],[125.44371,34.68177],[125.4432,34.68045],[125.44589,34.67866],[125.44613,34.67659],[125.44306,34.67604],[125.4418,34.67296],[125.43956,34.67229],[125.43921,34.66772],[125.4374,34.66526],[125.43351,34.66894],[125.43579,34.66193],[125.43294,34.66228],[125.4318,34.66074],[125.43,34.66218],[125.4292,34.66049],[125.42504,34.6612],[125.42404,34.66293],[125.42123,34.66036],[125.4228,34.65295],[125.42091,34.65117],[125.42446,34.646],[125.41963,34.64351],[125.41746,34.64496],[125.41555,34.64055],[125.41258,34.64081],[125.40978,34.63546],[125.40991,34.63168],[125.40338,34.6289],[125.40058,34.62542],[125.39749,34.6299],[125.39984,34.62883],[125.39949,34.63161],[125.39335,34.63567],[125.38756,34.6421],[125.39112,34.64351],[125.39197,34.64579],[125.39825,34.64451],[125.39934,34.64777],[125.39695,34.65175],[125.39351,34.65019],[125.39102,34.65087],[125.38727,34.65702],[125.38884,34.66018],[125.39724,34.66166],[125.39585,34.6679],[125.39697,34.67338],[125.40027,34.67715],[125.40382,34.67758],[125.4069,34.68309]]],[[[125.19461,34.69811],[125.20144,34.70531],[125.19962,34.70934],[125.20134,34.71076],[125.20191,34.71622],[125.20242,34.71201],[125.21164,34.71587],[125.21468,34.7124],[125.2136,34.70924],[125.21609,34.70651],[125.21331,34.70457],[125.21213,34.7006],[125.2139,34.69725],[125.20841,34.69402],[125.20783,34.68927],[125.2025,34.68045],[125.20097,34.68007],[125.19887,34.6833],[125.19329,34.68426],[125.19047,34.67879],[125.19277,34.67494],[125.18759,34.67633],[125.18604,34.67512],[125.18747,34.67195],[125.18583,34.66685],[125.18339,34.6686],[125.18267,34.66702],[125.18091,34.66738],[125.1786,34.67235],[125.17908,34.67629],[125.17645,34.68001],[125.17692,34.6819],[125.18259,34.68283],[125.18313,34.68721],[125.18582,34.68476],[125.18853,34.68465],[125.19265,34.6881],[125.19461,34.69811]]],[[[125.91565,34.7114],[125.92804,34.71229],[125.93288,34.71559],[125.93711,34.71592],[125.94113,34.71346],[125.94644,34.71458],[125.94724,34.7231],[125.95879,34.73237],[125.96165,34.73706],[125.96478,34.73573],[125.96844,34.72686],[125.97219,34.72615],[125.97844,34.71613],[125.98203,34.72197],[125.9905,34.71924],[125.99011,34.71661],[125.99269,34.71387],[125.99036,34.71066],[125.99962,34.70283],[126.0098,34.70319],[126.0122,34.70163],[126.01343,34.70315],[126.01454,34.70097],[126.01239,34.70049],[126.01357,34.69816],[126.01033,34.69764],[126.0113,34.69618],[126.00921,34.69292],[126.01061,34.6904],[126.00748,34.68707],[126.00787,34.68557],[125.99737,34.68404],[125.99395,34.67964],[125.99134,34.6803],[125.98786,34.67874],[125.98703,34.67352],[125.98343,34.6746],[125.97882,34.67219],[125.97905,34.66841],[125.97665,34.66685],[125.97891,34.6653],[125.97841,34.66264],[125.97525,34.66164],[125.97439,34.65922],[125.96768,34.65892],[125.96498,34.65693],[125.96119,34.65812],[125.95903,34.65633],[125.95392,34.65839],[125.95308,34.66133],[125.95497,34.66232],[125.95323,34.66566],[125.95587,34.66549],[125.95777,34.66918],[125.95499,34.67236],[125.94814,34.67237],[125.94776,34.66935],[125.94957,34.66874],[125.94454,34.66626],[125.94052,34.66781],[125.94061,34.66427],[125.93389,34.67077],[125.93564,34.67369],[125.93348,34.67531],[125.93417,34.67735],[125.93238,34.68028],[125.92691,34.67896],[125.9242,34.67301],[125.92485,34.67121],[125.92245,34.67257],[125.92066,34.67169],[125.92278,34.67962],[125.91899,34.67926],[125.91833,34.6772],[125.91583,34.68087],[125.91725,34.685],[125.92098,34.68636],[125.92055,34.68933],[125.91934,34.68981],[125.91778,34.68715],[125.91466,34.68613],[125.91464,34.68949],[125.91633,34.69301],[125.91465,34.69643],[125.91731,34.70105],[125.91471,34.70402],[125.91739,34.70564],[125.91565,34.7114]]],[[[125.46189,34.73471],[125.45584,34.73787],[125.45487,34.74096],[125.45594,34.74205],[125.46029,34.74079],[125.46126,34.73735],[125.46793,34.73484],[125.46993,34.73575],[125.46815,34.73322],[125.47764,34.72937],[125.47628,34.72801],[125.47016,34.72862],[125.46745,34.72609],[125.46514,34.72854],[125.46191,34.72717],[125.46099,34.72295],[125.4658,34.72254],[125.46411,34.71928],[125.46625,34.71681],[125.46375,34.71513],[125.45866,34.71594],[125.46099,34.71725],[125.46066,34.72016],[125.45814,34.72145],[125.45625,34.72031],[125.45064,34.72566],[125.45335,34.72586],[125.45388,34.73033],[125.45765,34.72922],[125.4594,34.73216],[125.46377,34.73157],[125.46189,34.73471]]],[[[126.02933,34.72939],[126.02761,34.72548],[126.02821,34.72295],[126.02564,34.72307],[126.02467,34.72487],[126.01874,34.72418],[126.01698,34.72865],[126.01929,34.73103],[126.01774,34.73326],[126.01388,34.73273],[126.01547,34.73521],[126.01285,34.73687],[126.01437,34.74337],[126.0119,34.7451],[126.01425,34.74903],[126.01643,34.74823],[126.01707,34.74602],[126.02483,34.74543],[126.0239,34.7404],[126.02933,34.72939]]],[[[126.07414,34.76668],[126.07947,34.76868],[126.07883,34.764],[126.08364,34.76346],[126.0886,34.76689],[126.08693,34.77209],[126.08922,34.77448],[126.10586,34.76615],[126.11545,34.768],[126.11761,34.77054],[126.12422,34.77091],[126.12656,34.76933],[126.12691,34.76442],[126.12945,34.76141],[126.13444,34.75946],[126.13278,34.75828],[126.13465,34.75604],[126.14068,34.7554],[126.1441,34.75174],[126.14979,34.75262],[126.1511,34.75426],[126.15017,34.757],[126.15666,34.758],[126.16294,34.75709],[126.16323,34.75417],[126.16815,34.75197],[126.17089,34.75249],[126.17259,34.74962],[126.16791,34.74796],[126.16831,34.74584],[126.17547,34.74173],[126.17809,34.73529],[126.17954,34.72493],[126.18269,34.72376],[126.17646,34.71647],[126.17855,34.70937],[126.17783,34.70627],[126.17431,34.70389],[126.17528,34.70119],[126.16665,34.6999],[126.15766,34.7038],[126.15344,34.70348],[126.15126,34.70004],[126.14789,34.7004],[126.14583,34.70249],[126.14599,34.70503],[126.14917,34.70783],[126.14963,34.71435],[126.14699,34.71787],[126.13839,34.722],[126.13835,34.72483],[126.14183,34.7274],[126.13702,34.72867],[126.12402,34.72458],[126.12227,34.72137],[126.12295,34.71772],[126.11812,34.71436],[126.11625,34.71623],[126.11415,34.71538],[126.11404,34.71792],[126.10998,34.71836],[126.11164,34.72007],[126.11021,34.7219],[126.10617,34.72113],[126.10469,34.71873],[126.09994,34.72054],[126.09789,34.7192],[126.09748,34.72074],[126.08498,34.71663],[126.08166,34.71126],[126.08096,34.70575],[126.07905,34.70825],[126.07537,34.70858],[126.07464,34.71321],[126.08151,34.72004],[126.07205,34.73226],[126.07033,34.73734],[126.07116,34.74164],[126.07598,34.74354],[126.07402,34.74669],[126.0794,34.74767],[126.08203,34.75048],[126.07582,34.7636],[126.06737,34.76483],[126.06412,34.76679],[126.06521,34.76944],[126.06557,34.76736],[126.06922,34.76585],[126.07018,34.76754],[126.07264,34.76702],[126.07354,34.76921],[126.07414,34.76668]]],[[[125.8953,34.75144],[125.8911,34.75282],[125.89179,34.75897],[125.89305,34.75726],[125.89516,34.75985],[125.89928,34.75964],[125.89198,34.76378],[125.89055,34.76587],[125.89204,34.76634],[125.89158,34.76854],[125.89348,34.771],[125.89372,34.76855],[125.89943,34.76871],[125.90018,34.77068],[125.90354,34.77191],[125.9027,34.77406],[125.8992,34.77352],[125.89835,34.77469],[125.89931,34.78189],[125.90126,34.78122],[125.90015,34.77917],[125.90419,34.7792],[125.90693,34.77641],[125.90676,34.78151],[125.9082,34.78141],[125.90792,34.77663],[125.91239,34.77559],[125.917,34.77662],[125.91649,34.78117],[125.91767,34.77632],[125.92732,34.77627],[125.92835,34.77489],[125.93635,34.77589],[125.95405,34.78366],[125.95326,34.78805],[125.95947,34.78866],[125.96139,34.7858],[125.96551,34.78789],[125.96432,34.79084],[125.96518,34.7923],[125.96744,34.79116],[125.97038,34.79371],[125.97313,34.79814],[125.97062,34.79944],[125.97332,34.80161],[125.97604,34.80252],[125.98276,34.80037],[125.98401,34.80105],[125.98349,34.80427],[125.99134,34.80286],[125.99229,34.80629],[125.9968,34.80519],[126.00066,34.79407],[125.99833,34.79221],[126.00034,34.78958],[125.99861,34.78976],[125.99614,34.78627],[125.99673,34.78039],[125.99329,34.78078],[125.98524,34.77476],[125.98895,34.77219],[125.99688,34.77145],[125.99936,34.77352],[125.99911,34.761],[125.99447,34.76156],[125.99021,34.75969],[125.98874,34.7625],[125.98372,34.76085],[125.98118,34.75634],[125.97713,34.7536],[125.97242,34.75557],[125.97186,34.75898],[125.96873,34.75912],[125.96866,34.7574],[125.96298,34.75297],[125.96183,34.74666],[125.95869,34.74786],[125.95768,34.75617],[125.95893,34.76127],[125.96259,34.7628],[125.95961,34.76561],[125.95715,34.76466],[125.95355,34.76686],[125.95256,34.76496],[125.95742,34.75991],[125.9557,34.75771],[125.95599,34.7536],[125.95313,34.7535],[125.95238,34.75205],[125.94923,34.75752],[125.93915,34.75479],[125.93741,34.75],[125.93985,34.74832],[125.93993,34.74539],[125.93789,34.7463],[125.93773,34.74874],[125.93611,34.74802],[125.93963,34.74248],[125.94101,34.74288],[125.94038,34.74512],[125.94391,34.74461],[125.9462,34.74027],[125.94476,34.73925],[125.94232,34.74182],[125.94087,34.74137],[125.94349,34.737],[125.94951,34.73364],[125.94554,34.73233],[125.94254,34.73575],[125.9406,34.73558],[125.94283,34.73082],[125.94144,34.72846],[125.93838,34.72946],[125.93844,34.72737],[125.94179,34.72617],[125.94035,34.72268],[125.93784,34.72113],[125.92681,34.72094],[125.92443,34.71768],[125.92301,34.71701],[125.92066,34.71906],[125.91709,34.71614],[125.91439,34.7186],[125.9119,34.71764],[125.91103,34.72084],[125.90878,34.71888],[125.90387,34.72169],[125.90249,34.724],[125.90395,34.72637],[125.90294,34.7279],[125.89975,34.72687],[125.89779,34.72851],[125.89386,34.72813],[125.8968,34.72919],[125.89665,34.73086],[125.89198,34.73433],[125.88967,34.73304],[125.88914,34.73762],[125.88744,34.73858],[125.88823,34.74262],[125.89122,34.74376],[125.89053,34.74625],[125.89279,34.74594],[125.89331,34.74829],[125.89588,34.74815],[125.8953,34.75144]]],[[[126.10872,34.79122],[126.11317,34.79419],[126.11784,34.79108],[126.11949,34.79504],[126.12386,34.79779],[126.12562,34.79549],[126.13294,34.79714],[126.13679,34.79968],[126.13934,34.79954],[126.1403,34.79706],[126.14629,34.79706],[126.14834,34.7994],[126.14604,34.80379],[126.14213,34.80588],[126.14654,34.80848],[126.14728,34.81216],[126.15098,34.81005],[126.15348,34.81052],[126.15246,34.80131],[126.15697,34.79756],[126.16645,34.79891],[126.17256,34.79397],[126.16745,34.79229],[126.16688,34.78905],[126.16107,34.7907],[126.15865,34.78689],[126.15942,34.78495],[126.1573,34.7817],[126.16353,34.77967],[126.16221,34.77247],[126.16488,34.76978],[126.16507,34.76729],[126.16427,34.76479],[126.15804,34.76549],[126.15489,34.76346],[126.15462,34.76165],[126.15194,34.76158],[126.15069,34.764],[126.14535,34.76462],[126.1416,34.76096],[126.13565,34.76349],[126.13636,34.76666],[126.13373,34.76852],[126.13189,34.76749],[126.13366,34.7697],[126.13321,34.77206],[126.12833,34.77557],[126.12918,34.77667],[126.12742,34.78054],[126.11463,34.78096],[126.1124,34.7779],[126.10608,34.77802],[126.09907,34.7839],[126.0947,34.78399],[126.09151,34.78649],[126.08695,34.78708],[126.08532,34.78933],[126.08301,34.78735],[126.08225,34.78883],[126.08605,34.79293],[126.08864,34.78989],[126.09066,34.79068],[126.0934,34.78835],[126.10006,34.79199],[126.10872,34.79122]]],[[[126.04755,34.82803],[126.04919,34.82435],[126.05221,34.82522],[126.05392,34.82224],[126.05859,34.8218],[126.06089,34.8182],[126.06435,34.81903],[126.06661,34.81285],[126.07065,34.81277],[126.07102,34.81326],[126.07969,34.81895],[126.07716,34.8221],[126.07386,34.82308],[126.07645,34.8263],[126.07615,34.82851],[126.07102,34.83317],[126.07042,34.83638],[126.06413,34.84114],[126.06359,34.84361],[126.06053,34.84431],[126.06113,34.84668],[126.05854,34.84959],[126.06772,34.85019],[126.07029,34.85256],[126.07305,34.85062],[126.07506,34.85103],[126.07928,34.85406],[126.08113,34.85885],[126.08542,34.85892],[126.0869,34.86082],[126.08877,34.86042],[126.0915,34.85544],[126.10278,34.85099],[126.10853,34.84988],[126.11539,34.85078],[126.12009,34.8578],[126.11623,34.85824],[126.11342,34.86309],[126.11044,34.86501],[126.10936,34.86815],[126.11243,34.87447],[126.10816,34.87698],[126.10992,34.88023],[126.11411,34.87977],[126.11431,34.88289],[126.12183,34.88136],[126.12402,34.87894],[126.13109,34.8807],[126.13045,34.87931],[126.13206,34.879],[126.12998,34.87655],[126.1312,34.87549],[126.13944,34.87543],[126.14056,34.88051],[126.14462,34.88045],[126.14571,34.87742],[126.14287,34.8757],[126.14785,34.87272],[126.14684,34.86941],[126.1489,34.86808],[126.15182,34.87057],[126.15708,34.86634],[126.15725,34.86148],[126.1515,34.85946],[126.13679,34.86235],[126.13386,34.86103],[126.13486,34.85172],[126.13947,34.85215],[126.14782,34.84821],[126.15081,34.84563],[126.15115,34.8425],[126.14778,34.83854],[126.13958,34.83572],[126.13897,34.83043],[126.14188,34.82731],[126.13678,34.82706],[126.13316,34.83221],[126.1248,34.83593],[126.1204,34.83403],[126.12084,34.82957],[126.11843,34.83037],[126.11844,34.82813],[126.11425,34.82569],[126.11708,34.81685],[126.12284,34.81274],[126.11832,34.80579],[126.12024,34.80252],[126.11753,34.80016],[126.11528,34.80166],[126.10914,34.79926],[126.10533,34.80002],[126.10169,34.79704],[126.09405,34.79632],[126.09138,34.80132],[126.09558,34.80242],[126.09641,34.80579],[126.09339,34.80787],[126.09069,34.81518],[126.08656,34.81541],[126.08009,34.81892],[126.07152,34.81337],[126.07359,34.81249],[126.07478,34.80121],[126.07773,34.7968],[126.07348,34.79324],[126.06686,34.80096],[126.06738,34.8035],[126.06487,34.80911],[126.06244,34.80781],[126.0581,34.80868],[126.05564,34.81146],[126.05628,34.8141],[126.04759,34.81502],[126.04796,34.81732],[126.04437,34.81962],[126.0459,34.82069],[126.04564,34.82347],[126.04296,34.82522],[126.04435,34.8265],[126.04738,34.82476],[126.04755,34.82803]]],[[[125.99557,34.88115],[125.99529,34.88682],[125.99681,34.88796],[125.9999,34.88656],[126.00372,34.88869],[126.0052,34.89339],[126.00432,34.89469],[126.0101,34.89771],[126.01371,34.90575],[126.01096,34.90927],[126.01593,34.90901],[126.01416,34.91186],[126.01674,34.91256],[126.01749,34.90955],[126.02257,34.90727],[126.02634,34.90756],[126.02942,34.91016],[126.0312,34.90918],[126.03723,34.91416],[126.03457,34.91938],[126.03632,34.9194],[126.04031,34.91826],[126.04027,34.91521],[126.0436,34.91353],[126.04035,34.91225],[126.04137,34.91049],[126.04942,34.90996],[126.05524,34.91153],[126.06164,34.92082],[126.05861,34.92497],[126.06116,34.93066],[126.0561,34.93452],[126.05766,34.93804],[126.06312,34.93288],[126.06855,34.93639],[126.07138,34.93335],[126.07524,34.93384],[126.07893,34.93131],[126.07454,34.92436],[126.07678,34.9208],[126.08192,34.91905],[126.09043,34.92216],[126.09069,34.91797],[126.08287,34.91555],[126.08383,34.9114],[126.09213,34.91121],[126.09236,34.90905],[126.09422,34.90814],[126.09753,34.91046],[126.09879,34.90934],[126.0947,34.9044],[126.0852,34.9002],[126.08361,34.89546],[126.08999,34.89021],[126.0925,34.89129],[126.09372,34.88963],[126.09585,34.89051],[126.0991,34.88906],[126.09858,34.88518],[126.09357,34.88323],[126.09438,34.88048],[126.09707,34.88013],[126.09538,34.87606],[126.09141,34.87913],[126.08993,34.87582],[126.08679,34.87633],[126.08457,34.87421],[126.08249,34.87636],[126.08171,34.88091],[126.07905,34.88137],[126.07851,34.87128],[126.08246,34.86654],[126.08448,34.86627],[126.08454,34.86467],[126.08099,34.86411],[126.07779,34.86586],[126.07412,34.86374],[126.0683,34.86421],[126.06905,34.85812],[126.06708,34.85949],[126.0657,34.85671],[126.06012,34.85686],[126.05276,34.85415],[126.05011,34.85501],[126.04447,34.84878],[126.04722,34.84665],[126.04686,34.84492],[126.04343,34.84378],[126.03817,34.85102],[126.0354,34.8511],[126.03606,34.85302],[126.03245,34.85929],[126.02451,34.85939],[126.02458,34.85761],[126.02238,34.85665],[126.02332,34.85802],[126.02162,34.86246],[126.02438,34.86606],[126.02324,34.86856],[126.02443,34.87242],[126.02242,34.87211],[126.0176,34.86667],[126.01736,34.8638],[126.01224,34.86345],[126.01212,34.86164],[126.00871,34.85952],[126.00237,34.86328],[126.00197,34.86493],[125.99809,34.86612],[125.99233,34.86468],[125.99282,34.86157],[125.98808,34.86632],[125.98398,34.86369],[125.9775,34.86458],[125.97727,34.86564],[125.98284,34.86705],[125.98068,34.87331],[125.97844,34.87445],[125.97176,34.87119],[125.96868,34.87154],[125.96798,34.8734],[125.96871,34.87637],[125.97507,34.87408],[125.98114,34.87734],[125.98603,34.87396],[125.9931,34.87847],[125.99557,34.88115]]],[[[126.10799,35.00801],[126.10908,35.00926],[126.11432,35.00967],[126.11553,35.01124],[126.11351,35.01479],[126.11467,35.01805],[126.1173,35.01638],[126.12389,35.01798],[126.12808,35.02175],[126.12448,35.02386],[126.12725,35.02624],[126.13295,35.02261],[126.13376,35.02427],[126.13213,35.02664],[126.13761,35.02547],[126.14055,35.02223],[126.14271,35.02494],[126.14903,35.02066],[126.15429,35.02259],[126.16081,35.01737],[126.16423,35.01927],[126.16581,35.01753],[126.1622,35.01035],[126.16308,35.00868],[126.1664,35.00797],[126.1653,35.00372],[126.17605,34.99698],[126.18185,34.99682],[126.17838,34.99645],[126.17972,34.99445],[126.17722,34.98686],[126.1786,34.98228],[126.17757,34.97843],[126.17953,34.97796],[126.17902,34.97588],[126.18045,34.97428],[126.17545,34.97323],[126.16776,34.96736],[126.16258,34.97167],[126.15895,34.97138],[126.15513,34.96881],[126.15512,34.96655],[126.1531,34.9698],[126.14993,34.97082],[126.14438,34.96892],[126.14341,34.95804],[126.14517,34.95667],[126.14207,34.95519],[126.14593,34.95319],[126.13788,34.95352],[126.13664,34.94849],[126.12855,34.94968],[126.12444,34.94721],[126.12451,34.95096],[126.12775,34.95056],[126.12869,34.95189],[126.12742,34.9546],[126.13149,34.95573],[126.13067,34.95969],[126.13401,34.96044],[126.13453,34.96246],[126.13292,34.96461],[126.13667,34.96583],[126.13481,34.99138],[126.14036,34.989],[126.14155,34.98683],[126.14422,34.98651],[126.14526,34.98868],[126.14301,34.99279],[126.13791,34.99521],[126.13296,35.00168],[126.12892,35.0015],[126.12702,34.99983],[126.12187,35.00061],[126.12152,34.99751],[126.11986,34.99638],[126.11509,34.99603],[126.112,34.99809],[126.10704,34.99726],[126.10616,34.99411],[126.10439,34.99531],[126.1058,34.99622],[126.10431,35.00001],[126.09806,35.00082],[126.10067,35.00732],[126.10255,35.00723],[126.10307,35.00515],[126.10532,35.00616],[126.10732,35.00457],[126.10941,35.00639],[126.10799,35.00801]]],[[[126.02693,35.09196],[126.0301,35.09096],[126.02948,35.08732],[126.03164,35.08685],[126.03216,35.0862],[126.02983,35.0866],[126.03083,35.08429],[126.02762,35.07673],[126.02401,35.08027],[126.0208,35.08033],[126.01951,35.07858],[126.02009,35.08203],[126.01617,35.08383],[126.01803,35.08652],[126.01318,35.08631],[126.01053,35.09446],[126.01133,35.09692],[126.01376,35.09615],[126.01311,35.09945],[126.0187,35.09933],[126.01646,35.10303],[126.02114,35.10157],[126.02693,35.09196]]],[[[126.05668,35.07002],[126.05537,35.07343],[126.05759,35.07585],[126.05707,35.07715],[126.04819,35.08136],[126.04475,35.08001],[126.04254,35.085],[126.04681,35.08636],[126.04717,35.09096],[126.04949,35.09081],[126.0561,35.09561],[126.05566,35.09782],[126.05066,35.09835],[126.04963,35.10271],[126.05218,35.10424],[126.05429,35.10314],[126.06193,35.10453],[126.06706,35.10284],[126.08447,35.10943],[126.1032,35.12747],[126.10734,35.12853],[126.11288,35.13336],[126.11634,35.13895],[126.11587,35.14041],[126.11386,35.14046],[126.11449,35.14292],[126.11648,35.14269],[126.11612,35.14093],[126.11798,35.14027],[126.13039,35.14279],[126.13496,35.14186],[126.13667,35.14431],[126.14246,35.14008],[126.14489,35.14178],[126.14559,35.14525],[126.15018,35.14683],[126.1618,35.14551],[126.15652,35.1424],[126.14856,35.14387],[126.14755,35.1406],[126.14247,35.13601],[126.12995,35.13528],[126.12607,35.13645],[126.12215,35.13143],[126.12269,35.12809],[126.11916,35.12299],[126.11717,35.1159],[126.11905,35.11245],[126.11659,35.11078],[126.11829,35.10751],[126.11647,35.10644],[126.11897,35.10175],[126.11628,35.09643],[126.11803,35.09298],[126.12266,35.09253],[126.12265,35.08718],[126.11953,35.08496],[126.12279,35.08174],[126.12085,35.08091],[126.11928,35.0823],[126.11057,35.08308],[126.11892,35.08027],[126.12234,35.07745],[126.11954,35.07305],[126.1144,35.07125],[126.11249,35.07245],[126.10917,35.07019],[126.11369,35.06368],[126.11749,35.06134],[126.11554,35.05915],[126.11342,35.05882],[126.11094,35.06097],[126.10246,35.0569],[126.10754,35.05023],[126.10341,35.05182],[126.10028,35.05068],[126.10119,35.04825],[126.09593,35.04851],[126.09667,35.0505],[126.09185,35.05335],[126.08936,35.05404],[126.08558,35.05249],[126.08501,35.05531],[126.08061,35.057],[126.07734,35.05617],[126.07433,35.06054],[126.07681,35.06265],[126.07577,35.06426],[126.07676,35.06973],[126.06938,35.0667],[126.06673,35.06942],[126.06275,35.06961],[126.05954,35.06767],[126.05898,35.06585],[126.06391,35.05737],[126.06237,35.05561],[126.06059,35.05731],[126.05781,35.05682],[126.06051,35.06098],[126.05777,35.06421],[126.05359,35.06356],[126.05303,35.06158],[126.04876,35.06133],[126.04746,35.06562],[126.04249,35.0674],[126.04084,35.06503],[126.03773,35.06591],[126.03903,35.067],[126.03772,35.0688],[126.03948,35.07061],[126.04104,35.06835],[126.04447,35.0694],[126.04838,35.06706],[126.05486,35.06759],[126.05668,35.07002]]],[[[126.02063,35.35606],[126.02204,35.35701],[126.02059,35.36051],[126.02189,35.36357],[126.02516,35.35929],[126.02982,35.35956],[126.02789,35.35659],[126.02883,35.35456],[126.03674,35.35263],[126.0364,35.3482],[126.04098,35.34709],[126.03992,35.34377],[126.03786,35.3436],[126.03241,35.33757],[126.03081,35.33774],[126.03095,35.33512],[126.02659,35.33683],[126.025,35.3351],[126.02139,35.33639],[126.01932,35.33342],[126.01492,35.33299],[126.01561,35.33497],[126.02059,35.3371],[126.02037,35.33974],[126.01686,35.34217],[126.01281,35.34013],[126.00951,35.34391],[126.00834,35.34789],[126.00967,35.34483],[126.01192,35.34422],[126.01824,35.34571],[126.02246,35.34435],[126.02343,35.34747],[126.01918,35.3488],[126.01849,35.35227],[126.01252,35.35243],[126.00795,35.35594],[126.00374,35.35193],[126.00675,35.34813],[126.00296,35.35234],[125.99926,35.3526],[125.99782,35.35547],[126.00125,35.35394],[126.00322,35.35434],[126.00374,35.35623],[126.0068,35.35535],[126.00843,35.35873],[126.02063,35.35606]]],[[[126.92109,33.98959],[126.92614,33.98864],[126.93162,33.98544],[126.93374,33.98096],[126.93702,33.97875],[126.93443,33.97455],[126.93519,33.96946],[126.93327,33.96873],[126.92742,33.97094],[126.91578,33.96942],[126.91335,33.97187],[126.91421,33.97422],[126.90973,33.98084],[126.91248,33.98609],[126.91702,33.98881],[126.91912,33.98877],[126.9214,33.98608],[126.92363,33.98863],[126.92109,33.98959]]],[[[126.5166,34.1703],[126.52288,34.171],[126.52538,34.17433],[126.52929,34.17427],[126.53109,34.17653],[126.53248,34.17562],[126.53196,34.17962],[126.53673,34.1786],[126.53953,34.1818],[126.54959,34.17871],[126.55528,34.17406],[126.55521,34.16763],[126.55828,34.16727],[126.56348,34.16995],[126.57008,34.16962],[126.57272,34.16159],[126.57541,34.16385],[126.57636,34.16795],[126.58405,34.16988],[126.59226,34.16676],[126.59495,34.16858],[126.59764,34.16808],[126.60212,34.16412],[126.60602,34.16552],[126.60997,34.16136],[126.62078,34.16441],[126.62115,34.1601],[126.61895,34.15828],[126.62394,34.15713],[126.61569,34.14854],[126.61404,34.15328],[126.61159,34.15341],[126.60946,34.15762],[126.60295,34.16107],[126.60251,34.15978],[126.60413,34.15962],[126.60175,34.15761],[126.60346,34.15483],[126.60262,34.15069],[126.60531,34.14786],[126.60362,34.14624],[126.60199,34.15039],[126.59739,34.15389],[126.59673,34.15911],[126.59249,34.15944],[126.59307,34.16246],[126.58835,34.16278],[126.58767,34.15689],[126.58245,34.15906],[126.57787,34.15727],[126.58065,34.15298],[126.57368,34.14982],[126.57345,34.14756],[126.57576,34.14521],[126.56512,34.14448],[126.56285,34.14093],[126.56312,34.13731],[126.56456,34.13699],[126.56372,34.13538],[126.55896,34.13587],[126.55319,34.13164],[126.54937,34.13134],[126.54757,34.12751],[126.53724,34.12645],[126.53268,34.12298],[126.52628,34.12184],[126.52077,34.12567],[126.5175,34.12555],[126.51539,34.12271],[126.51298,34.12393],[126.51028,34.12855],[126.5129,34.12739],[126.51366,34.13023],[126.50473,34.13914],[126.50776,34.14096],[126.5091,34.14567],[126.50698,34.14758],[126.504,34.14725],[126.50429,34.14855],[126.50979,34.15041],[126.50918,34.15587],[126.50457,34.1587],[126.50526,34.16029],[126.51654,34.16575],[126.5166,34.1703]]],[[[126.64117,34.16143],[126.64578,34.16542],[126.64737,34.16504],[126.64774,34.16773],[126.65066,34.16663],[126.65218,34.16917],[126.65199,34.17176],[126.64801,34.17231],[126.64715,34.17514],[126.64243,34.17457],[126.64295,34.17635],[126.64651,34.1754],[126.64813,34.17668],[126.64668,34.1824],[126.64229,34.18183],[126.64153,34.17724],[126.63424,34.17995],[126.64028,34.18171],[126.64161,34.18363],[126.64076,34.18495],[126.63628,34.18507],[126.63339,34.18797],[126.63688,34.18848],[126.63757,34.18651],[126.64289,34.18654],[126.64303,34.18828],[126.64732,34.19124],[126.64698,34.19342],[126.64455,34.19275],[126.64627,34.19799],[126.65038,34.19977],[126.66097,34.19429],[126.66771,34.19454],[126.66942,34.19044],[126.67804,34.18686],[126.684,34.18082],[126.68253,34.17741],[126.67904,34.17585],[126.65913,34.17367],[126.65523,34.17004],[126.65732,34.16387],[126.66003,34.16243],[126.66361,34.16422],[126.66848,34.16151],[126.66629,34.15841],[126.66892,34.15583],[126.66933,34.14881],[126.673,34.14841],[126.67842,34.15118],[126.68248,34.14743],[126.67963,34.14577],[126.68214,34.14355],[126.67954,34.14318],[126.67956,34.1404],[126.67667,34.13949],[126.67717,34.1424],[126.67208,34.14558],[126.66817,34.14389],[126.66811,34.14226],[126.67121,34.14056],[126.67251,34.13325],[126.67169,34.13015],[126.66928,34.12997],[126.66915,34.12829],[126.66591,34.12692],[126.66996,34.11985],[126.66619,34.11912],[126.66579,34.1173],[126.66233,34.11723],[126.66307,34.11234],[126.65959,34.11127],[126.66057,34.11311],[126.65715,34.1154],[126.65033,34.11584],[126.65354,34.11858],[126.65018,34.12387],[126.65234,34.12845],[126.64909,34.13096],[126.64556,34.13103],[126.64414,34.12744],[126.64016,34.12615],[126.63769,34.1226],[126.63565,34.12843],[126.63726,34.13085],[126.63553,34.13456],[126.62957,34.13705],[126.63396,34.14046],[126.63388,34.14235],[126.62791,34.14668],[126.63074,34.15265],[126.6305,34.14976],[126.63523,34.14955],[126.63654,34.15315],[126.63176,34.1531],[126.63705,34.15345],[126.64117,34.16143]]],[[[126.8554,34.17631],[126.85768,34.17775],[126.8573,34.18028],[126.85197,34.18212],[126.85392,34.1834],[126.85312,34.1861],[126.85732,34.18829],[126.85667,34.19178],[126.86223,34.19469],[126.86157,34.19862],[126.85852,34.19869],[126.85775,34.20014],[126.86988,34.20297],[126.87346,34.2065],[126.8723,34.21008],[126.87741,34.2131],[126.87922,34.21181],[126.88425,34.2127],[126.88415,34.21623],[126.88951,34.21697],[126.89182,34.21651],[126.89165,34.21322],[126.89805,34.21158],[126.90671,34.21397],[126.91167,34.21285],[126.90935,34.21172],[126.91164,34.207],[126.9107,34.20384],[126.90455,34.20401],[126.90353,34.20258],[126.90711,34.19954],[126.90849,34.19603],[126.91084,34.19508],[126.91228,34.19164],[126.9101,34.19094],[126.91123,34.18764],[126.90992,34.18551],[126.90717,34.18408],[126.91088,34.18261],[126.91599,34.18685],[126.91931,34.18669],[126.92416,34.18014],[126.92515,34.17317],[126.92092,34.17142],[126.91789,34.16448],[126.91825,34.16183],[126.91547,34.15948],[126.91463,34.15537],[126.90906,34.15342],[126.90793,34.15117],[126.90621,34.15187],[126.90555,34.1551],[126.90207,34.15445],[126.89944,34.15619],[126.89194,34.15357],[126.89154,34.15214],[126.88853,34.15228],[126.88806,34.1509],[126.88624,34.15174],[126.88128,34.15003],[126.87869,34.15174],[126.88151,34.1534],[126.8815,34.15548],[126.87291,34.1605],[126.87224,34.16447],[126.86912,34.16676],[126.86798,34.16504],[126.8651,34.16605],[126.85935,34.1623],[126.86023,34.15792],[126.85635,34.15177],[126.85351,34.15714],[126.85549,34.16105],[126.84923,34.16347],[126.85194,34.16613],[126.85547,34.16623],[126.85974,34.17074],[126.85577,34.17337],[126.8509,34.16925],[126.84732,34.17438],[126.85021,34.17653],[126.84872,34.17845],[126.85098,34.1817],[126.85058,34.17821],[126.85333,34.17901],[126.8554,34.17631]]],[[[126.50567,34.20459],[126.50867,34.20276],[126.51011,34.19954],[126.51545,34.20056],[126.51775,34.19908],[126.51029,34.19341],[126.51006,34.18722],[126.50577,34.18507],[126.50381,34.18738],[126.49828,34.1863],[126.49191,34.17731],[126.48944,34.17941],[126.48532,34.17957],[126.48741,34.18225],[126.49419,34.18445],[126.49654,34.19408],[126.50213,34.19823],[126.5032,34.20235],[126.50567,34.20459]]],[[[126.75945,34.20859],[126.764,34.21108],[126.76933,34.20313],[126.76849,34.1992],[126.77338,34.19608],[126.76876,34.19532],[126.76911,34.18999],[126.76595,34.19028],[126.76347,34.18815],[126.7616,34.17771],[126.7602,34.17765],[126.75913,34.1809],[126.75325,34.1869],[126.74993,34.18764],[126.75251,34.19222],[126.75322,34.19857],[126.75089,34.20084],[126.75278,34.20508],[126.75539,34.20884],[126.75945,34.20859]]],[[[126.55603,34.20234],[126.55717,34.20077],[126.55882,34.20271],[126.55321,34.2056],[126.55978,34.20599],[126.5607,34.21065],[126.56486,34.21184],[126.55977,34.21503],[126.55757,34.21384],[126.55672,34.21053],[126.55446,34.21266],[126.55757,34.21584],[126.5569,34.21818],[126.56644,34.21903],[126.56731,34.22426],[126.5651,34.22653],[126.56137,34.22594],[126.56055,34.22851],[126.56271,34.23232],[126.5602,34.2334],[126.55777,34.23077],[126.55432,34.23348],[126.56224,34.23492],[126.5679,34.23417],[126.56536,34.22977],[126.57054,34.22818],[126.5728,34.22228],[126.57916,34.2286],[126.589,34.22255],[126.59437,34.22688],[126.60472,34.2227],[126.6077,34.22403],[126.60667,34.22067],[126.6077,34.21855],[126.61425,34.21615],[126.61687,34.2094],[126.62388,34.20609],[126.62495,34.2033],[126.62209,34.19979],[126.61537,34.19829],[126.61522,34.19604],[126.61287,34.19816],[126.61073,34.19656],[126.60643,34.20077],[126.60297,34.19977],[126.6045,34.19715],[126.60337,34.19463],[126.61132,34.19219],[126.61002,34.19088],[126.61662,34.18326],[126.61395,34.18158],[126.61003,34.1816],[126.60843,34.18311],[126.60733,34.18122],[126.60039,34.18206],[126.59649,34.18376],[126.5995,34.18901],[126.59838,34.19079],[126.59393,34.18968],[126.58629,34.19085],[126.58523,34.18732],[126.58658,34.18407],[126.58365,34.18398],[126.58258,34.18178],[126.58993,34.17459],[126.59079,34.17327],[126.58956,34.17289],[126.56106,34.1788],[126.56158,34.18536],[126.56357,34.18561],[126.5638,34.18805],[126.55767,34.19059],[126.54914,34.1892],[126.54704,34.19235],[126.55669,34.19461],[126.55642,34.19598],[126.55191,34.19624],[126.55167,34.19752],[126.55528,34.19741],[126.55465,34.20071],[126.55603,34.20234]]],[[[126.60782,34.24412],[126.60798,34.24887],[126.61246,34.24934],[126.61264,34.25057],[126.62116,34.24687],[126.62161,34.24164],[126.62563,34.23844],[126.61809,34.23917],[126.61327,34.23328],[126.6115,34.23374],[126.60973,34.2376],[126.6058,34.23726],[126.60041,34.23256],[126.59452,34.23348],[126.59376,34.23581],[126.59469,34.24265],[126.59872,34.2462],[126.60156,34.24335],[126.60167,34.2467],[126.60554,34.2494],[126.60546,34.24622],[126.60782,34.24412]]],[[[126.57199,34.28096],[126.57029,34.27676],[126.56785,34.27681],[126.56742,34.27543],[126.55313,34.27383],[126.54899,34.27698],[126.54491,34.27716],[126.54022,34.27499],[126.53914,34.2779],[126.54149,34.28267],[126.55425,34.28066],[126.56257,34.2838],[126.56659,34.2818],[126.57107,34.28235],[126.57199,34.28096]]],[[[126.7782,34.3324],[126.77922,34.33601],[126.78456,34.34026],[126.78344,34.34316],[126.7871,34.34601],[126.79195,34.34468],[126.79244,34.34194],[126.80012,34.33669],[126.80131,34.33362],[126.80533,34.33328],[126.80536,34.33504],[126.80687,34.33373],[126.82025,34.33901],[126.81811,34.34194],[126.81862,34.34526],[126.82062,34.34619],[126.81777,34.34781],[126.82098,34.35073],[126.82386,34.35019],[126.82716,34.35512],[126.83424,34.35827],[126.83925,34.35274],[126.84329,34.35272],[126.84207,34.34921],[126.84795,34.34417],[126.85182,34.34659],[126.85032,34.3481],[126.8513,34.34943],[126.85604,34.35128],[126.85654,34.34512],[126.85877,34.34359],[126.86577,34.34955],[126.87233,34.34924],[126.87654,34.34598],[126.87568,34.34318],[126.87855,34.34293],[126.87836,34.33824],[126.88083,34.3362],[126.89194,34.34355],[126.89686,34.34453],[126.89783,34.34138],[126.89703,34.33287],[126.8952,34.3314],[126.89086,34.33196],[126.88951,34.3345],[126.88049,34.33057],[126.8791,34.32606],[126.88232,34.32543],[126.88411,34.32237],[126.88566,34.32401],[126.88655,34.32283],[126.88573,34.31906],[126.88137,34.3142],[126.88288,34.30999],[126.87186,34.30969],[126.87501,34.31221],[126.87476,34.31414],[126.87003,34.32222],[126.86578,34.32234],[126.86282,34.32137],[126.86222,34.31961],[126.8657,34.31855],[126.86494,34.31673],[126.86662,34.31402],[126.86321,34.31424],[126.8599,34.31264],[126.85998,34.31099],[126.85734,34.31133],[126.85475,34.3092],[126.85589,34.30838],[126.85528,34.30573],[126.85055,34.3052],[126.84974,34.30188],[126.84791,34.30038],[126.845,34.3011],[126.84412,34.29911],[126.84116,34.29938],[126.83666,34.30639],[126.84021,34.3103],[126.83854,34.31251],[126.83988,34.31365],[126.83647,34.31477],[126.83338,34.32342],[126.83149,34.325],[126.8299,34.32361],[126.82973,34.32552],[126.81942,34.32723],[126.81854,34.32598],[126.81812,34.32734],[126.80494,34.32687],[126.79873,34.32391],[126.79764,34.32143],[126.79916,34.32],[126.79514,34.31912],[126.7939,34.31578],[126.79087,34.31832],[126.79044,34.32188],[126.78523,34.3239],[126.78037,34.32815],[126.77362,34.32772],[126.77113,34.33014],[126.7686,34.32874],[126.76674,34.33174],[126.76049,34.33339],[126.75663,34.33197],[126.75145,34.33545],[126.75841,34.33644],[126.76027,34.33504],[126.75983,34.33708],[126.75796,34.33716],[126.76208,34.33841],[126.7782,34.3324]]],[[[126.64715,34.39352],[126.65796,34.39366],[126.66457,34.39632],[126.66485,34.39907],[126.66694,34.3957],[126.66968,34.39583],[126.67214,34.39709],[126.67063,34.40026],[126.68001,34.39973],[126.68611,34.40317],[126.68768,34.40021],[126.69273,34.3973],[126.70216,34.39845],[126.7083,34.39389],[126.71077,34.39482],[126.71282,34.38877],[126.71508,34.3872],[126.71987,34.38728],[126.72125,34.3862],[126.71998,34.38444],[126.72702,34.38328],[126.72644,34.38148],[126.73215,34.37609],[126.73043,34.37406],[126.73326,34.36743],[126.72909,34.3621],[126.733,34.35914],[126.73113,34.35701],[126.73173,34.35134],[126.73777,34.34798],[126.73739,34.34469],[126.73882,34.34399],[126.73604,34.34243],[126.74071,34.3362],[126.74397,34.33599],[126.74356,34.33309],[126.74115,34.33185],[126.74596,34.33113],[126.74577,34.32801],[126.74895,34.32765],[126.75315,34.3256],[126.74997,34.32638],[126.7481,34.32153],[126.75457,34.31549],[126.7587,34.31537],[126.76601,34.31818],[126.76621,34.31632],[126.77187,34.31237],[126.7674,34.3073],[126.76694,34.30462],[126.7621,34.30372],[126.7615,34.30041],[126.76255,34.29838],[126.76762,34.29783],[126.76797,34.2958],[126.77187,34.29447],[126.77237,34.29165],[126.77754,34.28781],[126.76999,34.28726],[126.76689,34.29115],[126.7601,34.29292],[126.75745,34.29095],[126.75465,34.29206],[126.7521,34.2911],[126.75042,34.29309],[126.74881,34.29163],[126.73981,34.29667],[126.74409,34.29666],[126.74257,34.29893],[126.73536,34.30118],[126.73602,34.30352],[126.7345,34.30475],[126.73191,34.30147],[126.7349,34.29946],[126.73403,34.29672],[126.73593,34.29476],[126.73536,34.29007],[126.73837,34.28692],[126.7307,34.28773],[126.71896,34.29633],[126.70941,34.29816],[126.70199,34.2975],[126.6943,34.29322],[126.68831,34.29736],[126.68609,34.30194],[126.67925,34.30443],[126.68172,34.30801],[126.6775,34.31463],[126.67538,34.3147],[126.67044,34.31755],[126.66877,34.32397],[126.6572,34.32895],[126.65567,34.32693],[126.65368,34.32716],[126.65499,34.32965],[126.65345,34.33163],[126.65129,34.33076],[126.65292,34.32886],[126.65128,34.32626],[126.64799,34.32857],[126.64324,34.32751],[126.64859,34.33106],[126.64925,34.33416],[126.64659,34.33961],[126.64143,34.3414],[126.64479,34.34403],[126.64524,34.34645],[126.64335,34.3475],[126.64482,34.34806],[126.64524,34.35118],[126.64102,34.36499],[126.6455,34.3677],[126.63942,34.3751],[126.64091,34.37646],[126.63946,34.38268],[126.64617,34.38778],[126.64531,34.38914],[126.64708,34.38999],[126.64715,34.39352]]],[[[126.29173,34.3916],[126.29766,34.39092],[126.29826,34.39391],[126.30234,34.39548],[126.30434,34.38889],[126.29884,34.38763],[126.29655,34.38474],[126.29917,34.38205],[126.3035,34.38248],[126.30415,34.38474],[126.30737,34.38542],[126.31025,34.382],[126.30627,34.38028],[126.30819,34.37972],[126.30847,34.37389],[126.30433,34.37401],[126.30223,34.37104],[126.29632,34.36999],[126.2942,34.37198],[126.29472,34.3739],[126.29242,34.37432],[126.28879,34.37046],[126.29217,34.3665],[126.29073,34.36606],[126.28585,34.36571],[126.28543,34.36862],[126.28287,34.36773],[126.27962,34.36932],[126.28005,34.37202],[126.28214,34.37312],[126.28111,34.37661],[126.28535,34.3804],[126.28346,34.38908],[126.29093,34.3884],[126.29173,34.3916]]],[[[126.87025,34.40295],[126.87482,34.39888],[126.87896,34.39894],[126.88243,34.40262],[126.88209,34.40682],[126.89396,34.39588],[126.89646,34.39744],[126.89424,34.40098],[126.89473,34.40298],[126.89739,34.40219],[126.89881,34.40358],[126.89748,34.39887],[126.90015,34.39777],[126.90279,34.39824],[126.90194,34.40131],[126.90729,34.40232],[126.90614,34.39935],[126.91404,34.39501],[126.91259,34.39147],[126.9165,34.39145],[126.92116,34.39467],[126.9231,34.39351],[126.92236,34.39184],[126.92641,34.39386],[126.93075,34.39064],[126.93625,34.39213],[126.93529,34.3947],[126.93963,34.39909],[126.93973,34.40118],[126.9431,34.40297],[126.942,34.40412],[126.94301,34.40535],[126.94012,34.40728],[126.94416,34.40869],[126.94232,34.41172],[126.94327,34.41276],[126.94577,34.41254],[126.95111,34.40385],[126.94316,34.39546],[126.94396,34.3922],[126.94067,34.38424],[126.9392,34.38524],[126.93521,34.38377],[126.94048,34.38304],[126.9475,34.37754],[126.9492,34.37253],[126.94842,34.36956],[126.94347,34.36635],[126.93726,34.36558],[126.93533,34.36667],[126.93483,34.36954],[126.92807,34.37065],[126.92788,34.3679],[126.92338,34.36656],[126.92419,34.36081],[126.91751,34.35585],[126.91361,34.35575],[126.91189,34.3586],[126.9081,34.35869],[126.907,34.35744],[126.90849,34.35383],[126.89887,34.35845],[126.89382,34.35715],[126.89725,34.35875],[126.89337,34.36037],[126.88903,34.35856],[126.887,34.362],[126.88864,34.36533],[126.87024,34.36805],[126.86648,34.37249],[126.86347,34.37294],[126.86512,34.38389],[126.86792,34.39052],[126.87482,34.39241],[126.87158,34.39361],[126.87141,34.40039],[126.86988,34.40016],[126.86882,34.40289],[126.86209,34.4069],[126.86447,34.41089],[126.86644,34.41127],[126.86762,34.40816],[126.87189,34.40863],[126.87401,34.406],[126.87121,34.40502],[126.87025,34.40295]]],[[[126.76841,34.39926],[126.7641,34.4051],[126.76457,34.40944],[126.77166,34.41381],[126.77511,34.4218],[126.78277,34.42646],[126.78715,34.43194],[126.7939,34.43294],[126.80066,34.43131],[126.81275,34.43476],[126.81553,34.43346],[126.8151,34.43558],[126.81968,34.43889],[126.82824,34.43999],[126.83467,34.4437],[126.83414,34.44101],[126.83589,34.43984],[126.83335,34.43916],[126.83293,34.43304],[126.83487,34.43103],[126.83948,34.43404],[126.84555,34.43018],[126.84576,34.42842],[126.84262,34.42633],[126.84414,34.4245],[126.84201,34.42321],[126.8434,34.42081],[126.83687,34.42055],[126.83612,34.41874],[126.82837,34.42254],[126.82428,34.42127],[126.82407,34.41918],[126.83402,34.41538],[126.84003,34.41064],[126.84583,34.41391],[126.84641,34.41752],[126.84966,34.41842],[126.85335,34.41288],[126.85052,34.41233],[126.84994,34.40952],[126.84847,34.40985],[126.84843,34.40663],[126.85387,34.40593],[126.85483,34.408],[126.85716,34.4081],[126.85701,34.40615],[126.86142,34.39976],[126.859,34.39653],[126.86541,34.39716],[126.86641,34.39578],[126.86514,34.39508],[126.86599,34.39114],[126.86464,34.38935],[126.85496,34.39256],[126.85013,34.38852],[126.84728,34.38855],[126.84678,34.39008],[126.83595,34.38404],[126.83231,34.38378],[126.83111,34.38182],[126.83269,34.38189],[126.83248,34.38047],[126.83058,34.37879],[126.82811,34.37981],[126.82535,34.38602],[126.82335,34.38704],[126.81857,34.38224],[126.80881,34.38301],[126.80502,34.38561],[126.80139,34.38456],[126.80005,34.38251],[126.79783,34.38354],[126.79331,34.38239],[126.78345,34.36973],[126.78336,34.36739],[126.78033,34.36896],[126.78156,34.36276],[126.77614,34.35706],[126.78047,34.35337],[126.77937,34.35203],[126.7735,34.35432],[126.7724,34.35734],[126.76769,34.35742],[126.76582,34.36002],[126.76626,34.36419],[126.76993,34.36857],[126.7724,34.37512],[126.77545,34.37466],[126.77937,34.38183],[126.75676,34.38347],[126.74964,34.37919],[126.75154,34.38453],[126.7556,34.38635],[126.75565,34.3904],[126.75825,34.39377],[126.76377,34.39523],[126.76841,34.39926]]],[[[126.09276,34.42658],[126.09707,34.42972],[126.09706,34.43071],[126.09739,34.43162],[126.09941,34.42978],[126.10088,34.43126],[126.0965,34.43372],[126.09622,34.43559],[126.10163,34.43628],[126.10184,34.44114],[126.1074,34.44515],[126.11837,34.44965],[126.12234,34.44383],[126.12533,34.44232],[126.12785,34.44373],[126.12573,34.44665],[126.12726,34.45237],[126.11796,34.45337],[126.11701,34.45967],[126.12034,34.46002],[126.12426,34.46461],[126.1343,34.46541],[126.13805,34.4689],[126.14006,34.46851],[126.14284,34.47062],[126.14491,34.47558],[126.16149,34.48331],[126.17254,34.48456],[126.17178,34.48626],[126.17459,34.48712],[126.17567,34.49155],[126.17315,34.49473],[126.17713,34.49586],[126.17841,34.5011],[126.19067,34.51432],[126.19425,34.51227],[126.19451,34.51058],[126.19229,34.51079],[126.19026,34.50787],[126.1884,34.49608],[126.19185,34.49396],[126.20552,34.49625],[126.20776,34.50173],[126.20349,34.50655],[126.20024,34.50486],[126.19808,34.50739],[126.19857,34.50996],[126.20405,34.51495],[126.20817,34.51447],[126.21105,34.51669],[126.22332,34.51645],[126.22377,34.519],[126.21229,34.52434],[126.21193,34.52658],[126.21693,34.52816],[126.21871,34.53303],[126.22247,34.5299],[126.22479,34.5301],[126.22578,34.54119],[126.22938,34.53954],[126.22759,34.53894],[126.22747,34.53644],[126.23017,34.53477],[126.23599,34.53656],[126.25074,34.56104],[126.2503,34.56415],[126.24685,34.56453],[126.24579,34.56286],[126.24639,34.56506],[126.24474,34.56596],[126.24571,34.56741],[126.24453,34.56893],[126.24253,34.56882],[126.23962,34.56514],[126.24128,34.56897],[126.24008,34.57088],[126.24215,34.57382],[126.24018,34.57414],[126.24006,34.57554],[126.24471,34.58068],[126.2433,34.58325],[126.23809,34.5826],[126.24052,34.58676],[126.24296,34.58616],[126.24374,34.58776],[126.25002,34.58878],[126.25226,34.58775],[126.25028,34.58581],[126.25271,34.58392],[126.2546,34.58656],[126.25787,34.58708],[126.26041,34.58429],[126.26391,34.58338],[126.26656,34.58457],[126.26666,34.58184],[126.26827,34.58119],[126.27035,34.5837],[126.27591,34.58214],[126.27664,34.58047],[126.28024,34.58113],[126.28149,34.57993],[126.27911,34.57818],[126.28191,34.57664],[126.29063,34.57758],[126.29222,34.57567],[126.29158,34.57241],[126.29757,34.57395],[126.29814,34.57175],[126.29955,34.57262],[126.30358,34.57092],[126.3096,34.56299],[126.30732,34.55945],[126.301,34.55889],[126.30077,34.55628],[126.30421,34.5544],[126.30588,34.55509],[126.3068,34.55215],[126.31094,34.55059],[126.31456,34.5436],[126.32542,34.54068],[126.32695,34.5435],[126.32642,34.54626],[126.33175,34.54622],[126.33243,34.54848],[126.33902,34.55128],[126.34218,34.54894],[126.33817,34.54787],[126.33699,34.54342],[126.3393,34.54243],[126.34295,34.54351],[126.34521,34.54214],[126.34627,34.53977],[126.34523,34.53764],[126.348,34.53458],[126.35191,34.53417],[126.35351,34.53237],[126.3511,34.52765],[126.36014,34.52629],[126.36379,34.5219],[126.36406,34.51861],[126.36611,34.5184],[126.36899,34.51469],[126.37688,34.51293],[126.37657,34.5083],[126.38281,34.50532],[126.38319,34.50369],[126.38081,34.50124],[126.37841,34.50014],[126.37747,34.50237],[126.37295,34.50041],[126.37293,34.49659],[126.37546,34.49498],[126.37691,34.4957],[126.37601,34.49419],[126.37853,34.49248],[126.383,34.49274],[126.37937,34.49129],[126.37885,34.48639],[126.38285,34.48553],[126.38264,34.48359],[126.3853,34.48078],[126.38039,34.47832],[126.37796,34.47905],[126.37707,34.48459],[126.37457,34.48558],[126.37072,34.48308],[126.36804,34.4849],[126.36341,34.48472],[126.35787,34.48056],[126.35777,34.47637],[126.36056,34.47301],[126.36719,34.47139],[126.37221,34.47226],[126.37276,34.47093],[126.37019,34.46455],[126.36597,34.46484],[126.358,34.45636],[126.36002,34.45474],[126.35895,34.45384],[126.36006,34.45087],[126.36549,34.44582],[126.36435,34.44399],[126.36717,34.44434],[126.35653,34.43754],[126.35162,34.43134],[126.35153,34.4262],[126.34887,34.42258],[126.34444,34.4213],[126.34498,34.41881],[126.34294,34.41933],[126.34235,34.41552],[126.33795,34.41597],[126.33673,34.41505],[126.3375,34.41396],[126.33756,34.4134],[126.33559,34.41444],[126.33776,34.41289],[126.33501,34.41013],[126.33729,34.40706],[126.33658,34.40056],[126.3341,34.39967],[126.33019,34.40112],[126.32745,34.39753],[126.32019,34.4051],[126.3253,34.40407],[126.32753,34.4059],[126.32135,34.41264],[126.32653,34.41493],[126.3228,34.4165],[126.32241,34.41833],[126.32498,34.42077],[126.3188,34.42435],[126.31907,34.41914],[126.31603,34.41964],[126.31107,34.41586],[126.31395,34.41427],[126.31233,34.41081],[126.31511,34.40044],[126.31231,34.40022],[126.31249,34.40568],[126.30929,34.40693],[126.30208,34.41438],[126.30178,34.41061],[126.30399,34.40647],[126.30667,34.40494],[126.30624,34.40221],[126.30325,34.40398],[126.2996,34.40363],[126.29806,34.40898],[126.29262,34.40896],[126.29146,34.40298],[126.29685,34.3977],[126.29097,34.39567],[126.29001,34.39355],[126.28775,34.39284],[126.28369,34.3946],[126.28324,34.39204],[126.28008,34.39034],[126.27626,34.3909],[126.27601,34.39256],[126.27832,34.39448],[126.27623,34.39631],[126.26856,34.39604],[126.26543,34.39741],[126.26289,34.3955],[126.26067,34.39286],[126.25959,34.38678],[126.26695,34.38431],[126.26817,34.38512],[126.26837,34.38347],[126.26507,34.381],[126.26607,34.37942],[126.26861,34.37991],[126.26673,34.37831],[126.2564,34.38038],[126.25552,34.38177],[126.25413,34.38117],[126.25445,34.37914],[126.25207,34.37807],[126.24423,34.37949],[126.23925,34.37086],[126.23422,34.36881],[126.23335,34.37409],[126.23116,34.37495],[126.22835,34.37358],[126.22999,34.37034],[126.22451,34.37054],[126.22163,34.3677],[126.21559,34.36919],[126.21413,34.37111],[126.20246,34.37111],[126.19923,34.36784],[126.20249,34.36996],[126.20815,34.36824],[126.2102,34.36902],[126.20914,34.36673],[126.21301,34.3638],[126.21356,34.36073],[126.20683,34.3617],[126.20242,34.35797],[126.18691,34.35656],[126.18531,34.35505],[126.18556,34.35218],[126.18029,34.35096],[126.18246,34.3548],[126.18169,34.35943],[126.17947,34.35888],[126.17401,34.35238],[126.16202,34.3531],[126.16067,34.35566],[126.1567,34.3565],[126.15557,34.35977],[126.15971,34.3623],[126.15567,34.36193],[126.15677,34.36492],[126.15278,34.36673],[126.14383,34.36435],[126.14626,34.35828],[126.13946,34.35701],[126.13745,34.35954],[126.13003,34.35988],[126.13209,34.36343],[126.13136,34.36522],[126.13258,34.3638],[126.13606,34.36433],[126.13672,34.36598],[126.13425,34.36719],[126.13022,34.3657],[126.13834,34.3689],[126.13414,34.37417],[126.14123,34.3756],[126.14573,34.37876],[126.1431,34.38493],[126.1302,34.38555],[126.12615,34.38209],[126.12711,34.37856],[126.11927,34.38026],[126.11754,34.37873],[126.11378,34.38211],[126.11509,34.38349],[126.11407,34.3863],[126.1094,34.39109],[126.10917,34.39283],[126.11164,34.39483],[126.10922,34.39535],[126.10648,34.39899],[126.09935,34.40173],[126.10073,34.40361],[126.09791,34.40437],[126.09696,34.40973],[126.09088,34.41452],[126.09331,34.41611],[126.08947,34.41867],[126.0905,34.41998],[126.09391,34.41925],[126.09167,34.42138],[126.09391,34.42353],[126.09793,34.42206],[126.09276,34.42658]]],[[[126.12894,34.61976],[126.12945,34.62127],[126.12314,34.62578],[126.12165,34.62888],[126.1293,34.63399],[126.13224,34.64156],[126.12961,34.64454],[126.12385,34.64566],[126.12211,34.64263],[126.11704,34.643],[126.11443,34.6463],[126.11456,34.65103],[126.11927,34.65362],[126.12101,34.65194],[126.12738,34.65211],[126.12764,34.65714],[126.13105,34.65757],[126.12963,34.65974],[126.13392,34.65767],[126.13607,34.66057],[126.14154,34.66247],[126.14323,34.6669],[126.14765,34.67081],[126.15172,34.67118],[126.1533,34.67281],[126.15798,34.66935],[126.16308,34.66917],[126.16236,34.66663],[126.16985,34.66209],[126.17485,34.66348],[126.17697,34.65968],[126.17458,34.65888],[126.17432,34.65638],[126.17961,34.65562],[126.18148,34.65749],[126.18247,34.65397],[126.18501,34.65188],[126.18691,34.65233],[126.18654,34.64842],[126.18253,34.64409],[126.18748,34.64135],[126.18435,34.64014],[126.1853,34.63776],[126.19144,34.63806],[126.19196,34.63994],[126.19976,34.64181],[126.20166,34.63984],[126.2019,34.63535],[126.19815,34.63598],[126.19689,34.63458],[126.19788,34.63261],[126.18964,34.63331],[126.18642,34.62967],[126.18081,34.63055],[126.18024,34.62664],[126.17425,34.62148],[126.16672,34.62359],[126.16754,34.62724],[126.1632,34.62849],[126.15965,34.62598],[126.1574,34.62686],[126.15281,34.62447],[126.15112,34.62228],[126.15357,34.61941],[126.1514,34.61747],[126.15096,34.62045],[126.14634,34.62059],[126.14313,34.61884],[126.13815,34.61892],[126.13756,34.61612],[126.13518,34.61947],[126.13391,34.6186],[126.13457,34.6159],[126.12972,34.61341],[126.12219,34.61552],[126.12527,34.61862],[126.1196,34.61993],[126.11776,34.61746],[126.11488,34.61913],[126.10993,34.61889],[126.1084,34.62257],[126.11363,34.62458],[126.11632,34.62343],[126.1205,34.62468],[126.12582,34.62127],[126.12607,34.61847],[126.12894,34.61976]]],[[[126.1812,34.69605],[126.18047,34.69819],[126.18989,34.70279],[126.19159,34.70847],[126.19388,34.70784],[126.19394,34.7037],[126.19947,34.70324],[126.20217,34.70094],[126.20099,34.69875],[126.19274,34.6971],[126.19405,34.68862],[126.19761,34.6886],[126.19653,34.6855],[126.18917,34.68027],[126.18592,34.68483],[126.18133,34.68335],[126.18169,34.67957],[126.17841,34.68091],[126.1705,34.67958],[126.1635,34.6842],[126.16409,34.68701],[126.16023,34.68852],[126.16064,34.69057],[126.16417,34.68914],[126.16916,34.69176],[126.17259,34.68869],[126.17757,34.68825],[126.17845,34.69414],[126.1812,34.69605]]],[[[126.35462,34.77838],[126.35563,34.7845],[126.35806,34.77876],[126.36505,34.77423],[126.36688,34.77479],[126.37541,34.77062],[126.37294,34.76778],[126.37301,34.76506],[126.37102,34.76392],[126.37246,34.75932],[126.36961,34.75872],[126.3692,34.75723],[126.36459,34.76009],[126.36193,34.75184],[126.35871,34.75188],[126.35874,34.74945],[126.3607,34.7479],[126.3599,34.74526],[126.355,34.75056],[126.35171,34.74956],[126.35046,34.75058],[126.35037,34.76219],[126.35496,34.76169],[126.35554,34.75953],[126.35873,34.76008],[126.35866,34.77215],[126.3562,34.77456],[126.35714,34.7775],[126.35462,34.77838]]],[[[126.31983,34.7882],[126.32837,34.7819],[126.3311,34.78352],[126.32676,34.77973],[126.32911,34.77747],[126.32841,34.77534],[126.32227,34.77354],[126.32009,34.76482],[126.32102,34.76339],[126.31857,34.75923],[126.30962,34.76151],[126.30648,34.76386],[126.30659,34.76675],[126.30465,34.76825],[126.30899,34.78238],[126.31161,34.78057],[126.31498,34.78114],[126.3157,34.78486],[126.31961,34.78642],[126.31983,34.7882]]],[[[126.31523,34.80409],[126.31601,34.80843],[126.32421,34.81182],[126.32677,34.81566],[126.32899,34.81542],[126.33097,34.81284],[126.33124,34.80841],[126.33286,34.80747],[126.3311,34.80592],[126.3309,34.79984],[126.33272,34.79874],[126.33269,34.79641],[126.32945,34.79461],[126.32804,34.79599],[126.32107,34.79586],[126.31532,34.79241],[126.31383,34.79321],[126.31679,34.79602],[126.31737,34.80045],[126.31578,34.8013],[126.31859,34.80271],[126.31744,34.80478],[126.31523,34.80409]]],[[[126.23614,34.86388],[126.23777,34.86105],[126.242,34.859],[126.26117,34.85666],[126.26519,34.86042],[126.26814,34.87107],[126.26989,34.87281],[126.27388,34.86421],[126.28212,34.86179],[126.28426,34.86324],[126.2854,34.86673],[126.28431,34.86985],[126.28125,34.87038],[126.27857,34.87299],[126.27861,34.8781],[126.28117,34.88258],[126.28046,34.88712],[126.2864,34.88692],[126.28873,34.8853],[126.28943,34.88239],[126.29259,34.88131],[126.29792,34.88216],[126.29958,34.8833],[126.29902,34.88517],[126.30373,34.8875],[126.30209,34.89375],[126.29897,34.8956],[126.29902,34.89782],[126.29516,34.90156],[126.29126,34.90108],[126.28079,34.91054],[126.28838,34.91676],[126.29067,34.91573],[126.29639,34.92191],[126.29929,34.92169],[126.30327,34.91918],[126.30562,34.92036],[126.30606,34.91725],[126.30369,34.91547],[126.30396,34.91398],[126.30944,34.91484],[126.30786,34.91173],[126.31199,34.90711],[126.3143,34.90843],[126.31793,34.90639],[126.32108,34.90756],[126.31926,34.91311],[126.32571,34.9113],[126.32832,34.90902],[126.3359,34.90929],[126.34349,34.89948],[126.35149,34.89856],[126.35138,34.89173],[126.3493,34.88789],[126.34843,34.89246],[126.34605,34.89434],[126.33697,34.89331],[126.3357,34.88698],[126.33282,34.88709],[126.3334,34.88907],[126.33129,34.89058],[126.3263,34.89155],[126.32545,34.88466],[126.3293,34.87943],[126.32652,34.87893],[126.32551,34.88191],[126.3196,34.88381],[126.3168,34.88295],[126.31318,34.87781],[126.32529,34.87298],[126.32078,34.87164],[126.32064,34.86806],[126.31458,34.86864],[126.31449,34.86638],[126.32464,34.86116],[126.3328,34.86176],[126.3382,34.86419],[126.35026,34.8628],[126.35388,34.86453],[126.35817,34.86295],[126.36277,34.85633],[126.36825,34.85761],[126.36727,34.85177],[126.3712,34.84654],[126.37117,34.84355],[126.37065,34.8419],[126.36785,34.84205],[126.36547,34.84009],[126.36493,34.83818],[126.36625,34.83599],[126.37124,34.83856],[126.37146,34.8342],[126.37293,34.83299],[126.36633,34.83182],[126.36521,34.82864],[126.36754,34.82751],[126.36822,34.82498],[126.36156,34.82303],[126.36172,34.82001],[126.35808,34.81886],[126.35682,34.81427],[126.34974,34.8138],[126.34382,34.81843],[126.33766,34.81666],[126.3362,34.81923],[126.33328,34.81821],[126.3306,34.81981],[126.33095,34.82168],[126.32757,34.82218],[126.32694,34.82484],[126.3298,34.82412],[126.33588,34.82641],[126.33514,34.83071],[126.33686,34.83335],[126.34353,34.83273],[126.34599,34.83545],[126.34391,34.84204],[126.34159,34.84231],[126.33937,34.83856],[126.33698,34.83946],[126.33587,34.84197],[126.33744,34.84354],[126.33455,34.8483],[126.32908,34.85112],[126.32031,34.85051],[126.31655,34.8462],[126.31227,34.85327],[126.30213,34.85406],[126.29645,34.85219],[126.29424,34.84988],[126.2915,34.85493],[126.27658,34.85579],[126.27423,34.85364],[126.27261,34.84808],[126.26242,34.83965],[126.25188,34.84126],[126.24679,34.84564],[126.24064,34.84801],[126.23129,34.84898],[126.22666,34.84751],[126.22602,34.8503],[126.22993,34.85191],[126.23032,34.85442],[126.22849,34.8554],[126.23134,34.85837],[126.23284,34.86467],[126.23614,34.86388]]],[[[126.25194,34.92833],[126.25088,34.92475],[126.25199,34.91584],[126.25025,34.91497],[126.24808,34.91754],[126.23987,34.91514],[126.23707,34.91011],[126.23257,34.91037],[126.22307,34.91547],[126.22016,34.91874],[126.21981,34.92406],[126.22769,34.93754],[126.23867,34.93296],[126.24388,34.93561],[126.25149,34.93496],[126.2549,34.93141],[126.25687,34.93302],[126.25194,34.92833]]],[[[126.26861,34.96535],[126.27211,34.96459],[126.27423,34.9672],[126.27268,34.96977],[126.27909,34.96721],[126.28275,34.96363],[126.28807,34.96301],[126.29019,34.96032],[126.28929,34.95794],[126.29482,34.94981],[126.29675,34.94106],[126.30005,34.93826],[126.29671,34.93505],[126.29868,34.93191],[126.29533,34.93416],[126.29112,34.93245],[126.2824,34.93382],[126.28099,34.93721],[126.28657,34.94002],[126.28706,34.9426],[126.27986,34.94867],[126.27678,34.94792],[126.27658,34.95035],[126.26883,34.95876],[126.26845,34.96147],[126.26615,34.95998],[126.26625,34.95628],[126.2625,34.95205],[126.26081,34.95554],[126.25873,34.9562],[126.25713,34.96153],[126.25876,34.96247],[126.26632,34.96043],[126.26707,34.96198],[126.26494,34.96336],[126.26323,34.96797],[126.26611,34.96887],[126.26861,34.96535]]],[[[126.21214,34.98462],[126.21566,34.98475],[126.21681,34.97965],[126.21464,34.97873],[126.21367,34.97495],[126.21688,34.97126],[126.2148,34.97143],[126.21299,34.96507],[126.21488,34.96189],[126.21373,34.95923],[126.21737,34.95507],[126.21499,34.95624],[126.21192,34.95311],[126.21194,34.95581],[126.20475,34.9576],[126.19822,34.96908],[126.20483,34.97428],[126.20363,34.97785],[126.20675,34.97545],[126.2093,34.97997],[126.2116,34.98041],[126.21214,34.98462]]],[[[126.24689,35.0063],[126.262,35.00516],[126.26534,35.00069],[126.26516,34.99448],[126.26944,34.99435],[126.27046,34.99215],[126.26713,34.98644],[126.27103,34.98196],[126.27049,34.9762],[126.26436,34.97531],[126.2612,34.97673],[126.25487,34.97338],[126.25133,34.97475],[126.24824,34.9736],[126.24467,34.97633],[126.24643,34.97949],[126.25052,34.98157],[126.25077,34.99617],[126.25292,34.9977],[126.24942,35.00457],[126.24689,35.0063]]],[[[126.13556,35.05378],[126.13535,35.05627],[126.13654,35.0558],[126.13726,35.05739],[126.14056,35.05516],[126.14505,35.0595],[126.15224,35.05465],[126.15444,35.05638],[126.15838,35.05376],[126.1609,35.05571],[126.16663,35.05627],[126.16829,35.05491],[126.16916,35.05617],[126.17676,35.05081],[126.1811,35.05136],[126.18067,35.04742],[126.1854,35.04259],[126.18874,35.04188],[126.1923,35.04493],[126.20053,35.03952],[126.19993,35.03521],[126.19763,35.03415],[126.19511,35.02853],[126.19744,35.02728],[126.19591,35.02474],[126.19743,35.01832],[126.19352,35.01733],[126.19223,35.01934],[126.18875,35.01875],[126.18393,35.02167],[126.18526,35.02358],[126.18237,35.02718],[126.17849,35.0257],[126.17083,35.02716],[126.16971,35.02461],[126.16684,35.02939],[126.16781,35.03299],[126.16406,35.0352],[126.16089,35.03254],[126.15905,35.0355],[126.15732,35.03345],[126.15061,35.03353],[126.14846,35.03112],[126.14772,35.0361],[126.14422,35.03979],[126.13993,35.04208],[126.13823,35.04108],[126.13379,35.04217],[126.13793,35.04536],[126.13553,35.04813],[126.12862,35.04806],[126.12908,35.05126],[126.13364,35.05137],[126.13556,35.05378]]],[[[126.15202,35.28965],[126.15212,35.28234],[126.15424,35.2783],[126.15058,35.27227],[126.14851,35.27265],[126.15025,35.27164],[126.14262,35.27134],[126.14029,35.27346],[126.14345,35.27526],[126.14293,35.27743],[126.13222,35.28206],[126.13156,35.28381],[126.13338,35.28955],[126.13733,35.28829],[126.13827,35.29199],[126.14082,35.29253],[126.14171,35.29951],[126.14593,35.29314],[126.15202,35.28965]]],[[[127.28592,34.05856],[127.29126,34.05464],[127.29479,34.05521],[127.29457,34.06117],[127.29177,34.06317],[127.29559,34.06225],[127.29759,34.05804],[127.30064,34.05724],[127.29247,34.04976],[127.29259,34.04696],[127.29563,34.04539],[127.29656,34.04658],[127.29372,34.0417],[127.29557,34.0407],[127.29402,34.03963],[127.29706,34.03815],[127.29663,34.0322],[127.30618,34.02883],[127.30472,34.02779],[127.30846,34.02379],[127.30423,34.02055],[127.30482,34.01877],[127.31049,34.01831],[127.31546,34.01419],[127.32129,34.01629],[127.32423,34.01536],[127.32511,34.0131],[127.32301,34.00771],[127.32449,34.00492],[127.32299,34.0049],[127.32126,34.00927],[127.31781,34.00939],[127.31837,34.01141],[127.31672,34.01347],[127.31313,34.0112],[127.30567,34.01121],[127.29441,34.01541],[127.29565,34.01862],[127.29241,34.02271],[127.28979,34.0227],[127.29214,34.0254],[127.28903,34.02868],[127.28887,34.03319],[127.28441,34.0361],[127.28301,34.03441],[127.28106,34.03512],[127.28038,34.03904],[127.28184,34.04055],[127.27805,34.04343],[127.28054,34.0447],[127.27943,34.04754],[127.28231,34.051],[127.28015,34.05324],[127.27541,34.05282],[127.27902,34.05589],[127.27926,34.05963],[127.28085,34.05994],[127.2807,34.05744],[127.28295,34.05454],[127.28628,34.0556],[127.28592,34.05856]]],[[[127.32362,34.0588],[127.32613,34.05482],[127.32556,34.04989],[127.3277,34.04913],[127.32391,34.04796],[127.32441,34.04511],[127.33111,34.04219],[127.33495,34.03581],[127.33072,34.03425],[127.32825,34.0369],[127.31456,34.0406],[127.30955,34.0325],[127.31401,34.04519],[127.31087,34.04714],[127.31143,34.04963],[127.30965,34.05011],[127.30957,34.05307],[127.30254,34.05799],[127.3074,34.06269],[127.30834,34.0583],[127.31502,34.05891],[127.31749,34.056],[127.32173,34.05907],[127.32362,34.0588]]],[[[127.2335,34.23679],[127.23524,34.23794],[127.23551,34.23607],[127.23879,34.23533],[127.24314,34.23789],[127.24432,34.24085],[127.24313,34.24265],[127.23948,34.24081],[127.24296,34.2432],[127.24341,34.24756],[127.2484,34.24544],[127.25034,34.24645],[127.24846,34.24721],[127.25216,34.24831],[127.25369,34.25075],[127.25777,34.24987],[127.2595,34.24595],[127.26195,34.24498],[127.25761,34.24209],[127.26176,34.23901],[127.26241,34.23763],[127.26052,34.23877],[127.25736,34.23755],[127.25771,34.23334],[127.2604,34.2309],[127.25692,34.22985],[127.26166,34.22724],[127.26014,34.22489],[127.25723,34.22527],[127.2565,34.22369],[127.25339,34.2232],[127.25184,34.22453],[127.24925,34.22154],[127.2577,34.21939],[127.25914,34.21389],[127.25393,34.21322],[127.24927,34.21588],[127.24613,34.21475],[127.24118,34.21975],[127.23708,34.21871],[127.23865,34.21588],[127.22961,34.21562],[127.22737,34.21307],[127.22533,34.21601],[127.2276,34.2174],[127.22831,34.22339],[127.23116,34.22582],[127.23051,34.2278],[127.22919,34.22739],[127.2335,34.23679]]],[[[127.35725,34.28595],[127.36087,34.28661],[127.36162,34.28911],[127.3603,34.29002],[127.36391,34.29329],[127.36685,34.29262],[127.37036,34.28877],[127.36586,34.28652],[127.36212,34.27972],[127.35256,34.27085],[127.35103,34.26764],[127.34868,34.26778],[127.34769,34.27086],[127.3504,34.27858],[127.34702,34.28123],[127.34874,34.28278],[127.34909,34.28881],[127.352,34.29536],[127.35399,34.2914],[127.35281,34.28825],[127.35725,34.28595]]],[[[126.98193,34.3409],[126.98688,34.33886],[126.98765,34.33646],[126.99228,34.33581],[126.99547,34.33762],[126.99668,34.33563],[126.99528,34.33468],[126.997,34.3336],[126.99889,34.33411],[126.9982,34.33807],[127.00051,34.33872],[127.00464,34.33701],[127.0083,34.33113],[127.01437,34.33117],[127.01252,34.32935],[127.01617,34.3247],[127.01383,34.32301],[127.00613,34.32205],[127.00242,34.31391],[126.99805,34.31293],[126.99767,34.31416],[126.9922,34.31201],[126.98944,34.30727],[126.97735,34.30666],[126.9726,34.3025],[126.96894,34.30417],[126.96914,34.30887],[126.96628,34.31192],[126.96176,34.31196],[126.96112,34.30861],[126.95769,34.31605],[126.95962,34.32129],[126.9576,34.32437],[126.95775,34.32736],[126.96322,34.33155],[126.96291,34.33368],[126.96512,34.3338],[126.96903,34.33834],[126.97344,34.33818],[126.98193,34.3409]]],[[[127.00786,34.35983],[127.01006,34.36087],[127.01162,34.36428],[127.0082,34.36529],[127.00803,34.36689],[127.01067,34.36935],[127.01403,34.36459],[127.01734,34.36824],[127.0107,34.37373],[127.01434,34.37566],[127.01402,34.37695],[127.01937,34.3755],[127.02086,34.37645],[127.02834,34.37173],[127.03082,34.37745],[127.02969,34.38058],[127.03204,34.37833],[127.03186,34.37472],[127.03608,34.37342],[127.03441,34.37074],[127.03778,34.37024],[127.04049,34.36696],[127.04202,34.36725],[127.04147,34.36902],[127.04461,34.36885],[127.04537,34.36657],[127.04202,34.36189],[127.04678,34.36018],[127.04705,34.36312],[127.04913,34.36174],[127.04256,34.35722],[127.04452,34.35429],[127.04438,34.35128],[127.04708,34.35047],[127.05487,34.35456],[127.05733,34.3529],[127.06355,34.35654],[127.06481,34.35998],[127.06714,34.36082],[127.07013,34.35913],[127.07259,34.36121],[127.07595,34.36123],[127.07453,34.35667],[127.07681,34.35801],[127.08505,34.35698],[127.08212,34.35177],[127.08384,34.35011],[127.08864,34.34991],[127.09013,34.34426],[127.09994,34.33748],[127.09241,34.33569],[127.08969,34.33672],[127.08667,34.34318],[127.07355,34.34398],[127.07194,34.34654],[127.06704,34.34721],[127.06203,34.34064],[127.06878,34.33789],[127.07018,34.33938],[127.07623,34.33875],[127.07893,34.3368],[127.07611,34.33457],[127.07711,34.33251],[127.07469,34.33119],[127.07455,34.3328],[127.06801,34.33497],[127.05665,34.33174],[127.05424,34.32889],[127.05583,34.32654],[127.05525,34.3237],[127.05043,34.32475],[127.04785,34.32071],[127.04136,34.31622],[127.04293,34.31296],[127.04178,34.30891],[127.0391,34.31131],[127.03922,34.31712],[127.03689,34.32502],[127.04651,34.32976],[127.04934,34.32812],[127.05179,34.32911],[127.05072,34.33164],[127.05325,34.33236],[127.05431,34.33493],[127.05179,34.34041],[127.04297,34.34173],[127.03824,34.34018],[127.03514,34.3368],[127.03548,34.33366],[127.03301,34.33202],[127.02925,34.33406],[127.03258,34.33758],[127.03162,34.33942],[127.02971,34.33972],[127.02959,34.33781],[127.02605,34.33684],[127.02364,34.33889],[127.0187,34.33845],[127.02189,34.3395],[127.02743,34.33873],[127.02887,34.34059],[127.03248,34.34106],[127.0324,34.34446],[127.02732,34.34392],[127.02875,34.3451],[127.02811,34.34588],[127.02658,34.34643],[127.02657,34.34646],[127.02924,34.3473],[127.02628,34.34706],[127.02588,34.34993],[127.02148,34.34944],[127.01998,34.35268],[127.01641,34.35187],[127.01679,34.35431],[127.0127,34.35559],[127.01012,34.35374],[127.0114,34.35146],[127.00767,34.34925],[127.00292,34.35209],[126.99932,34.35174],[126.99725,34.3551],[126.99088,34.35559],[126.98516,34.36037],[126.98971,34.36181],[126.99546,34.35884],[126.99645,34.3564],[126.99819,34.35725],[126.99762,34.35878],[127.00756,34.35711],[127.00786,34.35983]]],[[[127.09058,34.3915],[127.09486,34.38647],[127.08771,34.382],[127.08847,34.37986],[127.09097,34.38021],[127.09084,34.37766],[127.08721,34.37931],[127.0823,34.3754],[127.07889,34.37785],[127.07661,34.37437],[127.07263,34.37526],[127.0707,34.3741],[127.07078,34.37189],[127.06903,34.37131],[127.06839,34.37356],[127.07258,34.37847],[127.07906,34.3824],[127.07744,34.3841],[127.07306,34.38356],[127.07397,34.38646],[127.09058,34.3915]]],[[[127.25071,34.41429],[127.25109,34.41285],[127.24692,34.40976],[127.25717,34.40685],[127.25726,34.40486],[127.26093,34.40266],[127.25866,34.4005],[127.25824,34.39733],[127.26332,34.39317],[127.26504,34.39384],[127.26591,34.39522],[127.26649,34.39524],[127.26564,34.39291],[127.26737,34.3908],[127.26889,34.39192],[127.27025,34.391],[127.2689,34.38885],[127.27046,34.38626],[127.27436,34.38522],[127.26885,34.38565],[127.27028,34.38178],[127.27212,34.38128],[127.26523,34.38285],[127.26079,34.38156],[127.26011,34.38408],[127.25688,34.38293],[127.25521,34.38599],[127.25244,34.38579],[127.25171,34.38413],[127.24995,34.3848],[127.25088,34.38746],[127.24795,34.38737],[127.24771,34.39001],[127.25095,34.38904],[127.25138,34.3907],[127.2466,34.39299],[127.24845,34.39473],[127.2535,34.39506],[127.25423,34.39759],[127.25221,34.4001],[127.25384,34.401],[127.25384,34.40324],[127.24462,34.40473],[127.24315,34.40667],[127.24068,34.40615],[127.2455,34.40807],[127.24547,34.4104],[127.23609,34.41096],[127.24364,34.41151],[127.24342,34.41356],[127.24023,34.41449],[127.24051,34.41645],[127.24663,34.41271],[127.25071,34.41429]]],[[[127.05818,34.45347],[127.05438,34.45817],[127.06387,34.45226],[127.07003,34.43848],[127.06902,34.43503],[127.0704,34.43376],[127.07114,34.43536],[127.07271,34.43363],[127.07223,34.43136],[127.0756,34.4272],[127.0738,34.42679],[127.07539,34.42354],[127.06581,34.42116],[127.06784,34.41819],[127.07026,34.4184],[127.07285,34.41655],[127.07032,34.41667],[127.07194,34.41504],[127.0678,34.41014],[127.06783,34.41447],[127.06637,34.41485],[127.06615,34.40556],[127.06261,34.40262],[127.06203,34.40874],[127.0581,34.41827],[127.06126,34.42005],[127.05968,34.42177],[127.06118,34.42598],[127.05741,34.42736],[127.05509,34.43054],[127.04888,34.42765],[127.05218,34.42347],[127.05245,34.42142],[127.04907,34.42022],[127.05033,34.41804],[127.05286,34.41787],[127.05181,34.41531],[127.04854,34.41637],[127.04676,34.41531],[127.04693,34.4178],[127.04378,34.42053],[127.03847,34.42113],[127.0368,34.42859],[127.03866,34.43586],[127.03557,34.43816],[127.03619,34.44371],[127.03361,34.44672],[127.03439,34.44886],[127.03265,34.44897],[127.03264,34.45041],[127.02527,34.45122],[127.02249,34.45496],[127.03318,34.45514],[127.04433,34.45967],[127.04955,34.45216],[127.0519,34.45109],[127.05303,34.45301],[127.05818,34.45347]]],[[[127.79655,34.44621],[127.79734,34.45209],[127.79379,34.4549],[127.79801,34.45913],[127.80478,34.46106],[127.80718,34.45959],[127.80167,34.45371],[127.80407,34.45264],[127.80289,34.45099],[127.80568,34.45123],[127.80728,34.44894],[127.81444,34.4531],[127.81708,34.45168],[127.81493,34.45177],[127.8123,34.44916],[127.80965,34.44356],[127.81092,34.43993],[127.80826,34.4362],[127.80934,34.43429],[127.80432,34.42909],[127.80935,34.42413],[127.80709,34.42163],[127.80663,34.41636],[127.80294,34.41366],[127.80476,34.40905],[127.80184,34.41179],[127.79891,34.40967],[127.79724,34.41711],[127.78949,34.41264],[127.78656,34.41455],[127.78609,34.41888],[127.78799,34.42086],[127.78801,34.42517],[127.79369,34.42588],[127.79391,34.42835],[127.79677,34.42931],[127.79247,34.4319],[127.78612,34.43028],[127.7856,34.43222],[127.78669,34.43516],[127.79011,34.43494],[127.7948,34.43936],[127.79804,34.44008],[127.79517,34.44199],[127.79847,34.44422],[127.79655,34.44621]]],[[[127.4543,34.46675],[127.45209,34.46951],[127.45492,34.47576],[127.45648,34.4763],[127.46324,34.47153],[127.46724,34.47106],[127.469,34.47284],[127.46784,34.4692],[127.47286,34.46425],[127.48161,34.46407],[127.48497,34.46699],[127.48994,34.4658],[127.48994,34.46257],[127.48293,34.45987],[127.49262,34.45816],[127.4982,34.46758],[127.50028,34.46579],[127.50001,34.46238],[127.50239,34.46193],[127.50544,34.46375],[127.50694,34.46827],[127.50521,34.469],[127.50436,34.47384],[127.51353,34.46204],[127.52162,34.45749],[127.51935,34.45609],[127.52011,34.45358],[127.537,34.44797],[127.53755,34.44646],[127.53433,34.44341],[127.53655,34.44254],[127.53551,34.4412],[127.53718,34.43972],[127.53564,34.43747],[127.53835,34.43143],[127.53383,34.42944],[127.53405,34.42727],[127.53151,34.42551],[127.53069,34.42255],[127.52729,34.42278],[127.52476,34.42544],[127.51992,34.42688],[127.51535,34.42168],[127.50392,34.41802],[127.5014,34.41531],[127.49709,34.41432],[127.49349,34.41611],[127.49414,34.4128],[127.49086,34.41188],[127.48563,34.41542],[127.48859,34.41915],[127.49165,34.41976],[127.49066,34.42495],[127.49241,34.42316],[127.49443,34.42546],[127.49446,34.42964],[127.49269,34.43238],[127.48661,34.43308],[127.48517,34.43677],[127.48288,34.4377],[127.4806,34.43671],[127.47922,34.43271],[127.47537,34.43269],[127.47266,34.43618],[127.47037,34.43603],[127.46552,34.4398],[127.46623,34.44258],[127.46156,34.44376],[127.46428,34.44695],[127.46847,34.4445],[127.47044,34.44509],[127.4735,34.44229],[127.48228,34.4423],[127.48491,34.44771],[127.48194,34.44723],[127.48123,34.44986],[127.47268,34.45278],[127.46568,34.45035],[127.46465,34.45309],[127.45198,34.44664],[127.44979,34.44905],[127.45229,34.45248],[127.45337,34.44986],[127.45864,34.45265],[127.45344,34.45602],[127.45673,34.45625],[127.45413,34.45947],[127.4543,34.46675]]],[[[127.11307,34.47572],[127.11691,34.48],[127.11711,34.48409],[127.11067,34.48522],[127.11399,34.48701],[127.11361,34.48876],[127.11535,34.4898],[127.1176,34.48685],[127.12327,34.49054],[127.12459,34.48924],[127.12323,34.48604],[127.12832,34.47853],[127.13299,34.47731],[127.13704,34.47888],[127.13513,34.47569],[127.13661,34.47264],[127.14485,34.47363],[127.14688,34.47553],[127.14557,34.47721],[127.14878,34.47858],[127.14845,34.4807],[127.15698,34.4781],[127.16314,34.47859],[127.16473,34.48243],[127.17665,34.4893],[127.17691,34.49118],[127.1826,34.49005],[127.18915,34.49405],[127.19552,34.49256],[127.19611,34.48853],[127.19936,34.48762],[127.21154,34.49407],[127.21331,34.49169],[127.21615,34.49568],[127.2211,34.49454],[127.22468,34.49062],[127.22356,34.48883],[127.22789,34.48866],[127.22774,34.48618],[127.23166,34.48528],[127.23028,34.48306],[127.23316,34.48364],[127.23441,34.47945],[127.2359,34.47903],[127.2342,34.4771],[127.23477,34.47452],[127.22952,34.47146],[127.22935,34.46844],[127.23086,34.47033],[127.2314,34.46854],[127.22817,34.4675],[127.22971,34.464],[127.22243,34.45638],[127.21924,34.44679],[127.22084,34.44409],[127.2179,34.43739],[127.21246,34.43583],[127.213,34.43472],[127.21081,34.43384],[127.21261,34.43253],[127.21461,34.43355],[127.21288,34.43227],[127.20775,34.43161],[127.20726,34.43041],[127.20879,34.43008],[127.20714,34.42949],[127.19761,34.43152],[127.17758,34.43153],[127.17318,34.43255],[127.17012,34.43525],[127.16516,34.43506],[127.16209,34.43265],[127.16263,34.42772],[127.1598,34.42862],[127.15674,34.42645],[127.15484,34.43136],[127.15171,34.42926],[127.14946,34.43104],[127.14545,34.43],[127.14312,34.42616],[127.14266,34.42066],[127.13973,34.42467],[127.13815,34.42473],[127.1371,34.42852],[127.12565,34.4301],[127.12411,34.43682],[127.1151,34.44001],[127.11534,34.44377],[127.11795,34.44514],[127.11592,34.44811],[127.10874,34.44771],[127.10706,34.44186],[127.09949,34.44206],[127.09909,34.44389],[127.10181,34.44731],[127.09905,34.45043],[127.10284,34.45139],[127.10638,34.45461],[127.1009,34.46194],[127.09789,34.46233],[127.09837,34.46611],[127.09299,34.47055],[127.09525,34.47135],[127.0959,34.47385],[127.10107,34.46871],[127.10544,34.46998],[127.10766,34.476],[127.11307,34.47572]]],[[[127.80251,34.49041],[127.80698,34.49026],[127.80811,34.49416],[127.8118,34.49755],[127.82073,34.49632],[127.82306,34.49949],[127.8255,34.49825],[127.82572,34.49535],[127.81513,34.49379],[127.81272,34.49178],[127.81375,34.48931],[127.81958,34.48893],[127.82149,34.48592],[127.8244,34.48516],[127.82365,34.48158],[127.82103,34.48105],[127.82113,34.47651],[127.81973,34.47608],[127.81847,34.47864],[127.81582,34.47975],[127.81047,34.47472],[127.80912,34.47657],[127.81079,34.47824],[127.81052,34.48075],[127.80504,34.48322],[127.80058,34.47699],[127.80083,34.47449],[127.80367,34.47157],[127.79677,34.47333],[127.79514,34.47722],[127.79794,34.47812],[127.79624,34.48233],[127.7985,34.48661],[127.79742,34.49048],[127.80213,34.48927],[127.80251,34.49041]]],[[[127.44387,34.53424],[127.44667,34.53422],[127.44875,34.53886],[127.45477,34.54166],[127.45375,34.54376],[127.45848,34.54573],[127.46474,34.54355],[127.47292,34.54415],[127.478,34.53885],[127.47807,34.53537],[127.47231,34.52964],[127.46012,34.52972],[127.45852,34.52579],[127.46427,34.52345],[127.46991,34.52342],[127.47158,34.52031],[127.47383,34.51973],[127.47315,34.51568],[127.47513,34.51427],[127.47347,34.51379],[127.47051,34.51661],[127.46774,34.51592],[127.46651,34.51794],[127.45873,34.5154],[127.45769,34.51371],[127.46204,34.51282],[127.46144,34.51026],[127.46437,34.50994],[127.46464,34.50817],[127.46598,34.50962],[127.46539,34.51287],[127.46724,34.50979],[127.47928,34.5098],[127.48429,34.50455],[127.48594,34.50524],[127.48467,34.50665],[127.4867,34.50916],[127.49111,34.5083],[127.49601,34.50223],[127.49966,34.50225],[127.49911,34.50434],[127.50181,34.50467],[127.49978,34.49876],[127.50162,34.49465],[127.5068,34.49062],[127.5004,34.48953],[127.49685,34.48512],[127.48952,34.48353],[127.48842,34.4844],[127.48941,34.48717],[127.49124,34.48778],[127.48878,34.48988],[127.48518,34.48661],[127.48501,34.48442],[127.47652,34.48459],[127.47518,34.4866],[127.47114,34.48425],[127.47029,34.48666],[127.46382,34.48553],[127.46009,34.48348],[127.46281,34.48037],[127.46131,34.47923],[127.45818,34.4786],[127.45683,34.481],[127.45226,34.47887],[127.44892,34.48778],[127.4448,34.48838],[127.44165,34.49332],[127.44701,34.49837],[127.45817,34.50217],[127.45885,34.505],[127.45195,34.50675],[127.45593,34.51091],[127.45366,34.51125],[127.45214,34.51498],[127.44762,34.51766],[127.44182,34.51618],[127.43888,34.51697],[127.43444,34.52011],[127.43554,34.52241],[127.44319,34.52738],[127.43895,34.52917],[127.44276,34.5304],[127.4445,34.53235],[127.44387,34.53424]]],[[[127.10685,34.51969],[127.11074,34.52057],[127.11195,34.52252],[127.11536,34.52094],[127.11581,34.51879],[127.1182,34.5189],[127.11762,34.51302],[127.12018,34.51222],[127.126,34.51565],[127.12303,34.51914],[127.12702,34.52387],[127.13488,34.52025],[127.13628,34.51797],[127.14009,34.52066],[127.13749,34.51712],[127.13319,34.51597],[127.13212,34.51083],[127.13341,34.50946],[127.1306,34.50616],[127.11978,34.50768],[127.11843,34.50486],[127.11295,34.50252],[127.1128,34.50599],[127.10955,34.50944],[127.10533,34.50816],[127.09778,34.50972],[127.09905,34.51306],[127.10368,34.51516],[127.10532,34.51785],[127.10736,34.51452],[127.11037,34.51527],[127.11108,34.51911],[127.10685,34.51969]]],[[[127.74848,34.55245],[127.75189,34.55019],[127.75697,34.55207],[127.75683,34.54956],[127.7609,34.54668],[127.76244,34.54402],[127.76147,34.54267],[127.76386,34.53974],[127.76295,34.5336],[127.7669,34.53048],[127.77006,34.53172],[127.76908,34.5293],[127.77055,34.52645],[127.77987,34.52013],[127.77959,34.51564],[127.78174,34.51302],[127.78148,34.51026],[127.77177,34.5114],[127.76718,34.51102],[127.76701,34.50966],[127.77752,34.50538],[127.77868,34.50708],[127.78523,34.50583],[127.78639,34.50746],[127.78916,34.50376],[127.79242,34.50234],[127.79122,34.49704],[127.7952,34.49461],[127.79838,34.49601],[127.79654,34.4927],[127.79183,34.49151],[127.79257,34.49026],[127.78888,34.48709],[127.77425,34.48853],[127.77146,34.48742],[127.76962,34.49174],[127.76612,34.48926],[127.76444,34.49121],[127.76963,34.49228],[127.77119,34.49688],[127.77347,34.49749],[127.77331,34.49974],[127.77081,34.49704],[127.76632,34.49548],[127.76454,34.49853],[127.76074,34.49946],[127.75904,34.49774],[127.75386,34.49963],[127.75431,34.50483],[127.75105,34.50517],[127.74783,34.50215],[127.74144,34.50218],[127.73656,34.50444],[127.7347,34.50355],[127.73384,34.50563],[127.74098,34.5082],[127.74094,34.51049],[127.73745,34.51284],[127.72652,34.51429],[127.72595,34.51594],[127.73024,34.52063],[127.73005,34.52456],[127.73323,34.52669],[127.73004,34.52767],[127.72026,34.52338],[127.71492,34.52641],[127.71276,34.52995],[127.70086,34.5327],[127.70087,34.53456],[127.69726,34.5382],[127.70493,34.53962],[127.71183,34.53786],[127.72517,34.54694],[127.72499,34.54948],[127.72979,34.54935],[127.74007,34.55296],[127.74848,34.55245]]],[[[127.65159,34.57986],[127.65459,34.5808],[127.65555,34.5832],[127.65758,34.58367],[127.65726,34.58558],[127.6604,34.58548],[127.66322,34.58286],[127.66654,34.58299],[127.66738,34.58101],[127.67071,34.57996],[127.66949,34.57723],[127.67071,34.57586],[127.66922,34.57512],[127.67066,34.57246],[127.67536,34.57459],[127.68093,34.56979],[127.68543,34.57199],[127.68323,34.57484],[127.69044,34.57675],[127.69671,34.57479],[127.69755,34.56923],[127.70334,34.56841],[127.70482,34.56495],[127.70346,34.56358],[127.70056,34.56511],[127.69739,34.56289],[127.6903,34.56501],[127.68743,34.5588],[127.68683,34.56459],[127.69009,34.569],[127.68812,34.5714],[127.6846,34.56925],[127.68009,34.56897],[127.67815,34.56441],[127.68074,34.56361],[127.68183,34.56209],[127.67789,34.56287],[127.67302,34.55599],[127.67008,34.55544],[127.67112,34.55843],[127.66907,34.56128],[127.66355,34.55808],[127.66505,34.55542],[127.65959,34.55406],[127.65036,34.55634],[127.64827,34.55831],[127.64703,34.5684],[127.64169,34.57025],[127.63939,34.56921],[127.63994,34.56737],[127.63845,34.56583],[127.64061,34.5609],[127.63905,34.55974],[127.64034,34.55604],[127.63891,34.55586],[127.63733,34.56248],[127.63963,34.57123],[127.63806,34.57317],[127.63866,34.57492],[127.64388,34.57565],[127.64805,34.58136],[127.65159,34.57986]]],[[[127.73369,34.59291],[127.73035,34.58847],[127.73412,34.58971],[127.73725,34.58817],[127.73815,34.58533],[127.74327,34.58304],[127.74373,34.57993],[127.73963,34.57749],[127.73704,34.57796],[127.73405,34.57426],[127.72982,34.57857],[127.7299,34.58097],[127.72463,34.58438],[127.72464,34.58642],[127.71759,34.58887],[127.7178,34.59124],[127.7123,34.59248],[127.71849,34.59336],[127.71996,34.59265],[127.71949,34.58955],[127.72167,34.58875],[127.73126,34.59483],[127.73369,34.59291]]],[[[127.53819,34.61356],[127.54028,34.61169],[127.54361,34.61212],[127.54471,34.61352],[127.54123,34.61567],[127.54452,34.6189],[127.54663,34.61748],[127.55309,34.6185],[127.55113,34.6177],[127.55055,34.61505],[127.55729,34.61643],[127.5643,34.61334],[127.56556,34.60894],[127.56381,34.60739],[127.56615,34.60517],[127.56136,34.60297],[127.55723,34.60294],[127.55608,34.6043],[127.55104,34.60214],[127.55002,34.59985],[127.55333,34.59908],[127.55004,34.5971],[127.54953,34.59475],[127.54419,34.59773],[127.53759,34.59665],[127.53444,34.59752],[127.53204,34.59958],[127.53518,34.5977],[127.53985,34.59864],[127.54086,34.60218],[127.53784,34.60573],[127.54027,34.60835],[127.53654,34.60952],[127.53441,34.60717],[127.53563,34.60601],[127.53476,34.60462],[127.53222,34.60532],[127.53026,34.60384],[127.52737,34.60593],[127.52696,34.6027],[127.52563,34.60308],[127.52505,34.60956],[127.52207,34.61292],[127.52251,34.61507],[127.52869,34.61734],[127.53202,34.61613],[127.53126,34.6147],[127.53373,34.61238],[127.53819,34.61356]]],[[[127.6548,34.60861],[127.647,34.60847],[127.64482,34.61188],[127.64281,34.61232],[127.63972,34.61001],[127.64073,34.60582],[127.6388,34.60809],[127.63216,34.60796],[127.62495,34.61502],[127.62645,34.62008],[127.62931,34.62316],[127.6372,34.62426],[127.643,34.61815],[127.64339,34.61953],[127.64651,34.6196],[127.6548,34.60861]]],[[[127.72238,34.63749],[127.71945,34.64228],[127.71662,34.64226],[127.71669,34.64408],[127.71959,34.64609],[127.72225,34.65404],[127.72383,34.65564],[127.72994,34.65632],[127.7314,34.65977],[127.73423,34.65897],[127.74353,34.66516],[127.74386,34.66824],[127.74509,34.6675],[127.74816,34.66981],[127.74699,34.67486],[127.74973,34.6753],[127.75396,34.68186],[127.75991,34.68516],[127.76131,34.68449],[127.76289,34.68734],[127.75626,34.69141],[127.75804,34.69349],[127.75431,34.69739],[127.7562,34.7082],[127.75411,34.70914],[127.75166,34.71495],[127.74694,34.71463],[127.74432,34.7211],[127.74154,34.72239],[127.74171,34.72712],[127.73702,34.7296],[127.73806,34.73311],[127.74794,34.7337],[127.75368,34.73122],[127.75553,34.73191],[127.76473,34.72539],[127.77289,34.72414],[127.77526,34.72112],[127.77922,34.72112],[127.78297,34.71707],[127.78683,34.71626],[127.78623,34.7112],[127.79029,34.70624],[127.78921,34.70501],[127.79066,34.70206],[127.78897,34.70202],[127.78891,34.7],[127.78616,34.69952],[127.78615,34.70163],[127.78403,34.70288],[127.7802,34.70099],[127.77858,34.70114],[127.77773,34.70345],[127.77633,34.70227],[127.77752,34.70622],[127.78054,34.70757],[127.77851,34.71189],[127.77363,34.70444],[127.77166,34.70531],[127.77089,34.71101],[127.76378,34.70966],[127.76598,34.70488],[127.76994,34.70238],[127.76268,34.70629],[127.76032,34.70621],[127.75906,34.70387],[127.76582,34.69434],[127.77375,34.69682],[127.77321,34.70005],[127.77637,34.69689],[127.77899,34.69687],[127.77897,34.69338],[127.7812,34.68934],[127.77706,34.68634],[127.77595,34.68156],[127.78297,34.6744],[127.78278,34.67129],[127.78942,34.66969],[127.79327,34.67209],[127.79479,34.66719],[127.80047,34.66714],[127.79727,34.66456],[127.7936,34.66476],[127.79455,34.66095],[127.79777,34.65991],[127.80594,34.66113],[127.80625,34.65803],[127.798,34.65501],[127.7992,34.65272],[127.79618,34.64861],[127.79759,34.64489],[127.79414,34.64522],[127.79457,34.64354],[127.79696,34.64333],[127.79958,34.63056],[127.79687,34.62725],[127.79395,34.62857],[127.7939,34.63078],[127.79141,34.62892],[127.79388,34.62343],[127.79026,34.62218],[127.79216,34.61813],[127.78857,34.61621],[127.79118,34.61464],[127.79215,34.61159],[127.78774,34.60666],[127.79388,34.60318],[127.79579,34.60509],[127.8023,34.60156],[127.8039,34.59952],[127.80086,34.59862],[127.80186,34.59617],[127.80749,34.59643],[127.80529,34.59391],[127.80548,34.59134],[127.79936,34.58668],[127.78993,34.58488],[127.78869,34.58623],[127.78484,34.58563],[127.77844,34.58976],[127.77577,34.58737],[127.77108,34.58773],[127.76416,34.59362],[127.74955,34.59292],[127.74515,34.59642],[127.74448,34.59892],[127.74227,34.59923],[127.74225,34.60124],[127.74049,34.60068],[127.7396,34.60123],[127.74123,34.60139],[127.74089,34.60252],[127.73899,34.60182],[127.73919,34.60416],[127.73656,34.60552],[127.73846,34.60786],[127.73726,34.61123],[127.73418,34.61048],[127.72671,34.61413],[127.72536,34.61302],[127.71961,34.6131],[127.71438,34.62072],[127.71053,34.62177],[127.71047,34.6231],[127.71599,34.62607],[127.71574,34.62785],[127.72022,34.62899],[127.72225,34.63317],[127.72407,34.63367],[127.7243,34.63699],[127.72238,34.63749]]],[[[127.42609,34.70327],[127.4342,34.70099],[127.43552,34.69842],[127.44138,34.69597],[127.44472,34.69],[127.44699,34.69213],[127.44439,34.69598],[127.45106,34.69659],[127.45273,34.69004],[127.44774,34.68791],[127.4484,34.68536],[127.4446,34.68568],[127.44786,34.68227],[127.44342,34.68289],[127.43798,34.68786],[127.43489,34.68729],[127.43401,34.69131],[127.42956,34.69155],[127.42799,34.69574],[127.42345,34.69983],[127.42061,34.70155],[127.41215,34.70191],[127.41007,34.70415],[127.41296,34.70386],[127.41474,34.70652],[127.4178,34.70663],[127.41844,34.70306],[127.42189,34.70112],[127.42609,34.70327]]],[[[127.7315,34.71864],[127.73204,34.71516],[127.72811,34.71578],[127.72571,34.71142],[127.72825,34.70969],[127.73312,34.71013],[127.73397,34.70677],[127.73986,34.70749],[127.74232,34.70461],[127.73706,34.70234],[127.73725,34.69905],[127.73194,34.69985],[127.7205,34.70491],[127.72061,34.7082],[127.71883,34.70899],[127.71969,34.71047],[127.71706,34.71318],[127.7218,34.71528],[127.71877,34.71923],[127.72138,34.72178],[127.72472,34.7223],[127.72645,34.71978],[127.72441,34.71832],[127.7315,34.71864]]],[[[127.44899,34.79406],[127.45006,34.79573],[127.4478,34.79832],[127.45114,34.79729],[127.45067,34.79563],[127.45318,34.79193],[127.45574,34.79446],[127.4601,34.79252],[127.46162,34.7947],[127.45972,34.79895],[127.46029,34.80229],[127.46209,34.80492],[127.46472,34.80429],[127.47005,34.79498],[127.46877,34.79494],[127.46944,34.7936],[127.46518,34.79346],[127.4646,34.79163],[127.46665,34.79133],[127.46573,34.78934],[127.46865,34.78965],[127.47006,34.78715],[127.46824,34.78787],[127.46559,34.78598],[127.46246,34.79107],[127.45991,34.79165],[127.45246,34.78892],[127.4547,34.78538],[127.45428,34.78247],[127.45187,34.78112],[127.4532,34.77923],[127.44775,34.78104],[127.44226,34.77837],[127.44242,34.77959],[127.43886,34.78051],[127.4444,34.78108],[127.44325,34.78285],[127.44426,34.78526],[127.44908,34.78762],[127.44934,34.79074],[127.4465,34.79443],[127.44899,34.79406]]],[[[127.71058,34.8985],[127.71585,34.89908],[127.72225,34.89726],[127.7285,34.89157],[127.73309,34.89142],[127.73337,34.89523],[127.73605,34.89324],[127.74369,34.89235],[127.75068,34.87804],[127.74611,34.87336],[127.72757,34.87435],[127.72249,34.87149],[127.72295,34.86838],[127.71719,34.86819],[127.716,34.8721],[127.71178,34.87123],[127.70861,34.87271],[127.70438,34.87058],[127.70129,34.87115],[127.7028,34.87174],[127.70219,34.87299],[127.69795,34.87309],[127.70094,34.8753],[127.70038,34.87723],[127.69316,34.88128],[127.69198,34.88441],[127.69795,34.8886],[127.69828,34.89254],[127.70323,34.893],[127.70457,34.89553],[127.70582,34.8949],[127.71058,34.8985]]],[[[126.18156,35.10886],[126.19037,35.11261],[126.20331,35.10756],[126.21109,35.10215],[126.21184,35.10538],[126.218,35.10655],[126.22684,35.10295],[126.23255,35.09828],[126.23609,35.10148],[126.25945,35.09344],[126.26271,35.0962],[126.26197,35.10179],[126.2601,35.10429],[126.24918,35.10855],[126.2484,35.111],[126.24207,35.11208],[126.24556,35.11555],[126.24654,35.12119],[126.25341,35.13054],[126.25214,35.13334],[126.25538,35.13411],[126.25754,35.13028],[126.26098,35.13202],[126.2565,35.13867],[126.25875,35.14248],[126.26359,35.14539],[126.26701,35.1441],[126.26896,35.14589],[126.2717,35.14512],[126.27097,35.15001],[126.27397,35.15043],[126.27343,35.14851],[126.27568,35.147],[126.27377,35.14559],[126.27818,35.14201],[126.27898,35.13565],[126.28307,35.13437],[126.29019,35.13539],[126.29231,35.13711],[126.29235,35.13909],[126.29053,35.13993],[126.29159,35.14132],[126.29201,35.13962],[126.29668,35.13755],[126.3012,35.1385],[126.30804,35.13724],[126.30851,35.13271],[126.30596,35.13138],[126.30799,35.12757],[126.31081,35.12879],[126.32097,35.12741],[126.32156,35.13028],[126.32744,35.13527],[126.33097,35.14143],[126.3297,35.14488],[126.32577,35.14637],[126.32613,35.1494],[126.32989,35.15113],[126.33044,35.14854],[126.33546,35.14969],[126.34625,35.15971],[126.34761,35.15747],[126.34558,35.15574],[126.34598,35.15398],[126.34727,35.15496],[126.34443,35.15093],[126.34445,35.14218],[126.34633,35.13789],[126.34107,35.13071],[126.34282,35.12863],[126.33834,35.12266],[126.34062,35.12057],[126.33155,35.11528],[126.33331,35.11307],[126.3329,35.11053],[126.32964,35.10906],[126.33148,35.10495],[126.33507,35.1024],[126.33543,35.09744],[126.33252,35.09644],[126.3319,35.09337],[126.33476,35.09143],[126.34349,35.09169],[126.34957,35.09468],[126.35006,35.09975],[126.35287,35.09967],[126.35316,35.0979],[126.35031,35.09522],[126.35183,35.08791],[126.35039,35.08618],[126.34893,35.08836],[126.34278,35.08649],[126.34243,35.08125],[126.3449,35.07964],[126.34568,35.07538],[126.34992,35.07609],[126.35045,35.0794],[126.35765,35.07492],[126.3623,35.07542],[126.36273,35.07928],[126.36683,35.07812],[126.36374,35.07493],[126.36736,35.07128],[126.36529,35.06517],[126.36725,35.06262],[126.37072,35.06154],[126.37443,35.06442],[126.37646,35.07033],[126.38306,35.07716],[126.38098,35.08198],[126.38857,35.08648],[126.39126,35.08567],[126.39161,35.08333],[126.39497,35.08289],[126.38993,35.08268],[126.38668,35.07905],[126.38752,35.07639],[126.3852,35.07507],[126.38649,35.0727],[126.38387,35.06999],[126.38423,35.06682],[126.3909,35.06486],[126.39288,35.07152],[126.39732,35.07588],[126.40384,35.0708],[126.40254,35.06613],[126.40639,35.06359],[126.40695,35.06031],[126.40535,35.05732],[126.40066,35.05548],[126.39845,35.05273],[126.40218,35.05024],[126.39311,35.04845],[126.39046,35.04285],[126.39502,35.04107],[126.39814,35.0431],[126.4009,35.0429],[126.40123,35.0366],[126.39843,35.03289],[126.40371,35.0267],[126.41041,35.02918],[126.41716,35.02658],[126.42679,35.02751],[126.42677,35.02995],[126.42282,35.03598],[126.4181,35.04011],[126.41856,35.0418],[126.42405,35.04827],[126.44532,35.05839],[126.45183,35.0723],[126.45737,35.07427],[126.45482,35.07721],[126.44642,35.07992],[126.44162,35.08413],[126.43666,35.08429],[126.43611,35.08606],[126.44879,35.08719],[126.45777,35.08992],[126.46495,35.10016],[126.46201,35.10239],[126.45328,35.10278],[126.45109,35.10603],[126.44788,35.10474],[126.44577,35.10649],[126.437,35.10522],[126.43051,35.10789],[126.42175,35.10666],[126.40295,35.13682],[126.39673,35.13454],[126.38681,35.14295],[126.38772,35.14566],[126.38434,35.14857],[126.38252,35.15376],[126.38342,35.1588],[126.37798,35.15932],[126.37452,35.15739],[126.36589,35.16861],[126.35963,35.16829],[126.36126,35.17129],[126.36044,35.17695],[126.35613,35.18285],[126.35349,35.18412],[126.3647,35.18517],[126.37249,35.19007],[126.36784,35.19568],[126.36789,35.19781],[126.37234,35.19876],[126.37877,35.20819],[126.37683,35.21186],[126.36574,35.20519],[126.35417,35.20194],[126.354,35.19626],[126.33741,35.19253],[126.3369,35.19605],[126.3389,35.20423],[126.34216,35.20758],[126.34239,35.2137],[126.34035,35.21227],[126.33741,35.21598],[126.33581,35.21561],[126.33982,35.2086],[126.3354,35.20467],[126.3304,35.20487],[126.32848,35.20281],[126.32539,35.20457],[126.32151,35.20392],[126.31661,35.2052],[126.31505,35.20757],[126.3187,35.21466],[126.31742,35.216],[126.3144,35.20949],[126.3061,35.21187],[126.30403,35.20931],[126.29976,35.21101],[126.30052,35.2174],[126.29921,35.22123],[126.30014,35.23169],[126.30688,35.24419],[126.30805,35.25091],[126.31017,35.25111],[126.31141,35.25342],[126.31641,35.24677],[126.3244,35.24243],[126.32405,35.23608],[126.32548,35.23658],[126.32581,35.24101],[126.33629,35.24545],[126.33302,35.25038],[126.3352,35.25445],[126.33275,35.25431],[126.33077,35.2518],[126.33125,35.24677],[126.32621,35.24757],[126.3242,35.25257],[126.32821,35.25921],[126.32539,35.2623],[126.3319,35.26744],[126.32946,35.27045],[126.33461,35.28348],[126.33925,35.28589],[126.35024,35.28648],[126.35283,35.28294],[126.37101,35.28454],[126.36984,35.29159],[126.37739,35.30678],[126.37579,35.31261],[126.3795,35.31942],[126.37897,35.32866],[126.3877,35.34273],[126.38769,35.35253],[126.39207,35.35577],[126.3936,35.36246],[126.39695,35.36823],[126.40324,35.36858],[126.40388,35.3628],[126.40607,35.36266],[126.40689,35.36528],[126.41288,35.36285],[126.41945,35.36468],[126.42748,35.358],[126.44392,35.35541],[126.44788,35.34858],[126.44555,35.34327],[126.44906,35.34412],[126.44996,35.34836],[126.44651,35.35726],[126.43931,35.35911],[126.43921,35.3612],[126.43134,35.35989],[126.42866,35.3648],[126.42934,35.36789],[126.41939,35.36967],[126.41762,35.37375],[126.41096,35.37643],[126.41066,35.37895],[126.41493,35.37725],[126.42003,35.38095],[126.41958,35.38257],[126.41793,35.38366],[126.41332,35.38147],[126.40848,35.3816],[126.40912,35.38405],[126.40699,35.38473],[126.40644,35.38867],[126.40379,35.38907],[126.40664,35.38916],[126.40701,35.39244],[126.40404,35.39403],[126.40322,35.39135],[126.40283,35.39718],[126.40935,35.39919],[126.40775,35.40242],[126.4041,35.40321],[126.4071,35.40287],[126.40974,35.40542],[126.40312,35.40451],[126.41076,35.41319],[126.40705,35.41712],[126.41698,35.42233],[126.41932,35.42639],[126.42438,35.4297],[126.4273,35.42594],[126.43911,35.42998],[126.44481,35.42721],[126.44779,35.42961],[126.45333,35.42689],[126.46842,35.42516],[126.47603,35.42933],[126.47965,35.42651],[126.48091,35.42029],[126.48815,35.41282],[126.49076,35.41288],[126.49287,35.40924],[126.49096,35.40418],[126.49152,35.40004],[126.48956,35.39796],[126.48972,35.39347],[126.48484,35.39014],[126.48246,35.39042],[126.47825,35.38657],[126.48289,35.38464],[126.48332,35.38058],[126.48623,35.37759],[126.49251,35.37398],[126.49741,35.3732],[126.49617,35.37044],[126.49734,35.36531],[126.49544,35.36238],[126.49615,35.3576],[126.4924,35.35406],[126.49349,35.35051],[126.49692,35.3501],[126.49888,35.35459],[126.50376,35.35866],[126.50824,35.36164],[126.51276,35.36203],[126.51395,35.35637],[126.52053,35.34835],[126.51994,35.3428],[126.5172,35.33845],[126.51751,35.33414],[126.51563,35.32946],[126.51365,35.32913],[126.51398,35.32723],[126.52101,35.32512],[126.52357,35.31521],[126.52556,35.31319],[126.52993,35.31231],[126.52976,35.30883],[126.53213,35.30691],[126.53938,35.31063],[126.54389,35.31003],[126.54813,35.31347],[126.55108,35.31368],[126.55307,35.31219],[126.56096,35.31186],[126.56348,35.30917],[126.56767,35.3112],[126.57271,35.31015],[126.57731,35.30389],[126.5848,35.30104],[126.58982,35.31139],[126.58907,35.31755],[126.58294,35.31571],[126.58092,35.3173],[126.58304,35.31838],[126.5804,35.32389],[126.58496,35.33018],[126.59246,35.33063],[126.59513,35.32905],[126.5993,35.33063],[126.60417,35.33566],[126.60821,35.3317],[126.61553,35.32851],[126.61931,35.32435],[126.6265,35.32137],[126.6446,35.32026],[126.64696,35.32435],[126.64287,35.33117],[126.64557,35.3323],[126.65321,35.32812],[126.65917,35.33494],[126.65913,35.33887],[126.66093,35.34067],[126.66008,35.34424],[126.66425,35.34588],[126.66644,35.35149],[126.68231,35.34713],[126.68557,35.34468],[126.69182,35.35143],[126.69932,35.34986],[126.70462,35.36513],[126.71685,35.36463],[126.72247,35.36685],[126.73123,35.37686],[126.73216,35.38338],[126.72977,35.38913],[126.72953,35.39462],[126.72251,35.39792],[126.72247,35.39993],[126.7369,35.4035],[126.73769,35.40599],[126.74429,35.40885],[126.74868,35.41559],[126.75414,35.41703],[126.75426,35.41984],[126.7515,35.42276],[126.7517,35.43592],[126.74819,35.43993],[126.74382,35.44068],[126.73771,35.44949],[126.74101,35.45298],[126.74456,35.45114],[126.74947,35.45134],[126.75523,35.45575],[126.75777,35.46229],[126.7649,35.46706],[126.77111,35.46717],[126.7819,35.47063],[126.79227,35.46765],[126.81379,35.46885],[126.81501,35.47383],[126.81284,35.47614],[126.81388,35.48419],[126.81896,35.48688],[126.821,35.48571],[126.82784,35.48629],[126.83073,35.48069],[126.84374,35.47858],[126.84033,35.46911],[126.84166,35.46697],[126.83807,35.46443],[126.84069,35.46143],[126.84257,35.4639],[126.85032,35.46573],[126.86318,35.46125],[126.86947,35.46189],[126.87484,35.4594],[126.87651,35.45682],[126.88112,35.4559],[126.88415,35.45132],[126.89678,35.44799],[126.89975,35.44263],[126.90511,35.44082],[126.89748,35.43475],[126.89795,35.43267],[126.90432,35.4297],[126.90196,35.42341],[126.90298,35.42086],[126.90777,35.42002],[126.90885,35.41541],[126.91615,35.41584],[126.92078,35.41086],[126.91683,35.40514],[126.91753,35.40223],[126.93324,35.40609],[126.93214,35.40159],[126.93021,35.40039],[126.93261,35.39845],[126.93307,35.39542],[126.93598,35.39446],[126.94032,35.39615],[126.94162,35.39426],[126.94879,35.39623],[126.95217,35.39502],[126.95427,35.39664],[126.96312,35.39497],[126.97614,35.40015],[126.97594,35.40729],[126.97162,35.41427],[126.97029,35.41979],[126.97138,35.42767],[126.98136,35.4268],[126.98477,35.43059],[126.98337,35.43375],[126.98531,35.43673],[126.99456,35.43997],[126.99499,35.44366],[126.99795,35.44609],[127.00047,35.45371],[126.99802,35.4573],[127.00081,35.46347],[127.0047,35.46381],[127.01424,35.45801],[127.02394,35.46423],[127.02776,35.4638],[127.03472,35.46657],[127.03652,35.45981],[127.03493,35.45689],[127.03502,35.44784],[127.03826,35.43772],[127.03756,35.43367],[127.04018,35.43188],[127.04461,35.43355],[127.04599,35.43141],[127.04903,35.43108],[127.05231,35.42652],[127.04978,35.42281],[127.04524,35.4074],[127.04727,35.40468],[127.04693,35.40219],[127.04171,35.39872],[127.03278,35.40042],[127.02761,35.39973],[127.02751,35.39476],[127.0307,35.39002],[127.03573,35.39002],[127.03503,35.38716],[127.04048,35.3824],[127.03941,35.38019],[127.04376,35.37825],[127.05049,35.37801],[127.05587,35.38453],[127.06207,35.37697],[127.06498,35.37595],[127.06369,35.36986],[127.07061,35.36551],[127.06518,35.35649],[127.0699,35.3514],[127.06747,35.3456],[127.07025,35.33964],[127.06238,35.33625],[127.05838,35.33748],[127.05529,35.34096],[127.05252,35.34029],[127.05248,35.33592],[127.05049,35.33454],[127.05095,35.32937],[127.04332,35.32178],[127.04627,35.31858],[127.0512,35.31668],[127.05471,35.3179],[127.06229,35.31684],[127.06797,35.31147],[127.07185,35.31243],[127.0812,35.31004],[127.09672,35.30187],[127.1018,35.30171],[127.10514,35.29927],[127.11565,35.29964],[127.12588,35.30332],[127.12667,35.30696],[127.12965,35.30771],[127.12998,35.30913],[127.1454,35.30905],[127.14634,35.31529],[127.1518,35.31799],[127.15416,35.32272],[127.156,35.3228],[127.16088,35.32774],[127.17012,35.33274],[127.17313,35.33059],[127.17593,35.33122],[127.18619,35.33694],[127.18393,35.32994],[127.18486,35.32599],[127.18838,35.32235],[127.19677,35.3193],[127.19914,35.31664],[127.20419,35.31557],[127.20974,35.31558],[127.21262,35.31726],[127.21702,35.33111],[127.22205,35.33489],[127.23323,35.33303],[127.23546,35.32929],[127.2572,35.31247],[127.28672,35.31402],[127.2988,35.3096],[127.30468,35.30524],[127.31117,35.30469],[127.32336,35.30742],[127.32558,35.31047],[127.32652,35.30938],[127.32956,35.31117],[127.33069,35.3149],[127.3363,35.31492],[127.33941,35.31784],[127.34841,35.31874],[127.35426,35.32236],[127.36759,35.31424],[127.37067,35.31461],[127.37552,35.3122],[127.38004,35.30393],[127.38465,35.30252],[127.39263,35.30737],[127.39277,35.31273],[127.39896,35.31669],[127.40116,35.32272],[127.40601,35.32437],[127.40882,35.3276],[127.42013,35.34521],[127.42141,35.35087],[127.42431,35.3518],[127.43692,35.36271],[127.44136,35.36384],[127.44361,35.36098],[127.45401,35.36083],[127.45825,35.36354],[127.46571,35.36352],[127.47077,35.36534],[127.48027,35.36364],[127.48085,35.36161],[127.48575,35.35841],[127.49792,35.35989],[127.50202,35.35836],[127.50801,35.35322],[127.51399,35.35113],[127.51677,35.34722],[127.52447,35.34487],[127.53102,35.33601],[127.54064,35.33434],[127.54244,35.32843],[127.55229,35.32481],[127.55483,35.32202],[127.56783,35.31852],[127.57264,35.31207],[127.57748,35.3089],[127.57607,35.30597],[127.57738,35.29527],[127.58407,35.29111],[127.59116,35.2754],[127.59557,35.27201],[127.59589,35.26817],[127.61016,35.26205],[127.61266,35.2535],[127.61525,35.25039],[127.61255,35.24778],[127.61286,35.24169],[127.61929,35.2356],[127.61863,35.23114],[127.62114,35.22465],[127.62073,35.21266],[127.61715,35.20961],[127.61689,35.20697],[127.62149,35.19179],[127.61874,35.19049],[127.62262,35.18494],[127.63751,35.17312],[127.64831,35.16047],[127.65933,35.15897],[127.66033,35.15693],[127.6757,35.14735],[127.68868,35.13517],[127.69463,35.12502],[127.69485,35.10638],[127.69725,35.10182],[127.70662,35.09541],[127.71618,35.08345],[127.73634,35.07361],[127.73993,35.06343],[127.74322,35.06099],[127.75159,35.0567],[127.76429,35.05448],[127.76965,35.04647],[127.77166,35.0337],[127.77878,35.02476],[127.78521,35.02042],[127.78682,35.01023],[127.78128,34.99686],[127.77959,34.98861],[127.77166,34.98107],[127.76403,34.97671],[127.75939,34.96678],[127.75739,34.96668],[127.75464,34.9627],[127.74465,34.96021],[127.73647,34.95565],[127.73227,34.96168],[127.7335,34.96698],[127.73168,34.97534],[127.72766,34.97613],[127.7269,34.96647],[127.73097,34.95479],[127.71744,34.94421],[127.71161,34.9374],[127.7118,34.93581],[127.70083,34.93171],[127.69937,34.92632],[127.69633,34.92361],[127.69775,34.92241],[127.69585,34.91897],[127.6839,34.92626],[127.69318,34.91703],[127.67317,34.90444],[127.6692,34.90741],[127.66844,34.90598],[127.67098,34.90311],[127.63931,34.8838],[127.63487,34.88826],[127.63977,34.89181],[127.62806,34.90362],[127.6298,34.90478],[127.62786,34.90622],[127.62099,34.90328],[127.62011,34.90426],[127.62241,34.90638],[127.61674,34.91313],[127.61435,34.91206],[127.61212,34.91993],[127.61,34.91901],[127.60794,34.92198],[127.60478,34.92808],[127.60468,34.94087],[127.60261,34.94098],[127.60207,34.93858],[127.59974,34.93799],[127.59862,34.92633],[127.58036,34.92212],[127.57871,34.91916],[127.59056,34.91868],[127.59286,34.91635],[127.5943,34.91697],[127.59462,34.91444],[127.61044,34.89795],[127.60923,34.89632],[127.61351,34.89478],[127.61255,34.89377],[127.61363,34.89245],[127.59049,34.87737],[127.58962,34.87465],[127.6001,34.86192],[127.60412,34.86097],[127.60418,34.85898],[127.60241,34.85801],[127.60324,34.85545],[127.60792,34.85029],[127.61074,34.84953],[127.61003,34.85315],[127.61334,34.85423],[127.62043,34.84601],[127.62455,34.84412],[127.62865,34.84642],[127.63294,34.845],[127.63511,34.84665],[127.63853,34.8444],[127.63543,34.84265],[127.63473,34.83857],[127.62682,34.84017],[127.62678,34.83497],[127.62939,34.83262],[127.6267,34.83274],[127.62665,34.83018],[127.63109,34.82793],[127.63389,34.82965],[127.63645,34.82818],[127.63942,34.83116],[127.64328,34.83075],[127.66164,34.84455],[127.66936,34.83765],[127.67328,34.83929],[127.68016,34.84486],[127.69501,34.86469],[127.69876,34.8592],[127.71015,34.85833],[127.71792,34.85991],[127.72143,34.85822],[127.72799,34.86215],[127.72993,34.86136],[127.72882,34.85955],[127.73311,34.85786],[127.73386,34.85498],[127.74312,34.85086],[127.74415,34.85173],[127.73978,34.86147],[127.74907,34.86141],[127.74974,34.85983],[127.75209,34.8604],[127.75094,34.86153],[127.75708,34.8616],[127.76292,34.86366],[127.77407,34.86066],[127.77623,34.85464],[127.77474,34.83752],[127.76772,34.83165],[127.76872,34.82647],[127.76731,34.825],[127.76941,34.82171],[127.77331,34.82248],[127.7742,34.82114],[127.76893,34.82087],[127.76682,34.81866],[127.76992,34.81325],[127.76674,34.81172],[127.76606,34.80916],[127.76898,34.80407],[127.76826,34.80051],[127.75889,34.80087],[127.75588,34.79703],[127.7587,34.79549],[127.75481,34.79318],[127.75634,34.79075],[127.75584,34.78524],[127.75234,34.78427],[127.74985,34.78086],[127.74605,34.78049],[127.74466,34.77718],[127.75434,34.76182],[127.76159,34.75872],[127.76232,34.75363],[127.76116,34.75855],[127.75347,34.76159],[127.75188,34.75505],[127.75709,34.75227],[127.75276,34.75366],[127.74933,34.75053],[127.75234,34.74639],[127.7515,34.74446],[127.7575,34.74216],[127.76306,34.74467],[127.76459,34.74475],[127.76749,34.75068],[127.76644,34.75269],[127.76767,34.75084],[127.76641,34.74697],[127.76921,34.74493],[127.76545,34.74299],[127.76236,34.74427],[127.75629,34.74145],[127.75564,34.73857],[127.75069,34.73597],[127.74541,34.73791],[127.74238,34.73692],[127.73392,34.73889],[127.73222,34.73422],[127.73279,34.7305],[127.73102,34.72847],[127.72596,34.7299],[127.72566,34.72745],[127.72382,34.72808],[127.71635,34.72443],[127.71646,34.72595],[127.71227,34.7246],[127.70525,34.72003],[127.69832,34.7211],[127.70015,34.72382],[127.69603,34.72746],[127.68467,34.73396],[127.6825,34.7325],[127.67823,34.73574],[127.67076,34.74431],[127.6724,34.74353],[127.67251,34.74485],[127.67028,34.74488],[127.6622,34.75157],[127.66177,34.75498],[127.66377,34.75632],[127.6577,34.75564],[127.65568,34.75001],[127.65802,34.75017],[127.65836,34.74624],[127.65233,34.74439],[127.64882,34.73466],[127.64089,34.72608],[127.63938,34.71879],[127.63508,34.71855],[127.63948,34.71447],[127.64247,34.70673],[127.63862,34.7064],[127.63523,34.71043],[127.62593,34.71169],[127.62781,34.71496],[127.62677,34.71666],[127.62833,34.71722],[127.62564,34.71837],[127.62274,34.71694],[127.62087,34.71315],[127.62231,34.71231],[127.62191,34.7082],[127.61649,34.70959],[127.6139,34.70687],[127.61672,34.70578],[127.61446,34.70354],[127.62045,34.70032],[127.62433,34.70111],[127.62761,34.69575],[127.62377,34.69441],[127.62321,34.68718],[127.63155,34.68315],[127.63459,34.68538],[127.63911,34.68318],[127.63713,34.68185],[127.6344,34.68281],[127.63038,34.67968],[127.62675,34.68249],[127.62341,34.68092],[127.61944,34.68458],[127.61729,34.68342],[127.62069,34.68035],[127.6218,34.67662],[127.62392,34.67802],[127.62674,34.67676],[127.62928,34.67471],[127.62926,34.6718],[127.63291,34.66989],[127.63165,34.66498],[127.63507,34.66155],[127.63139,34.66143],[127.63352,34.65858],[127.62871,34.65556],[127.63068,34.65269],[127.62986,34.64948],[127.63376,34.65078],[127.63726,34.64857],[127.64051,34.65197],[127.64228,34.6505],[127.63995,34.64607],[127.63335,34.64676],[127.63644,34.64391],[127.6401,34.64372],[127.63484,34.64168],[127.63533,34.6393],[127.63349,34.63736],[127.63007,34.63769],[127.63203,34.6357],[127.63816,34.63657],[127.63884,34.63525],[127.6406,34.63723],[127.64078,34.63485],[127.64577,34.62879],[127.63776,34.62593],[127.6348,34.62818],[127.63654,34.62994],[127.63432,34.6327],[127.63023,34.63241],[127.62783,34.63103],[127.62875,34.62998],[127.62501,34.63],[127.62628,34.63236],[127.62524,34.63469],[127.61518,34.64338],[127.60701,34.64461],[127.58919,34.65205],[127.58182,34.65211],[127.581,34.65023],[127.57949,34.65127],[127.57473,34.64796],[127.57616,34.63957],[127.58206,34.63213],[127.58222,34.63082],[127.58025,34.63098],[127.57481,34.63575],[127.57431,34.63933],[127.56802,34.65002],[127.56524,34.65197],[127.56477,34.65467],[127.55867,34.65953],[127.55673,34.65747],[127.55375,34.65846],[127.55441,34.66016],[127.55154,34.66522],[127.55473,34.66692],[127.55264,34.66939],[127.55778,34.67157],[127.56031,34.67076],[127.56359,34.67545],[127.55734,34.67911],[127.55555,34.67733],[127.55047,34.6822],[127.55274,34.68691],[127.55122,34.68841],[127.5518,34.69162],[127.55345,34.69358],[127.55849,34.6937],[127.55862,34.6954],[127.55604,34.6961],[127.559,34.70051],[127.56268,34.69823],[127.56861,34.69961],[127.57402,34.6988],[127.58042,34.69337],[127.5806,34.6958],[127.57701,34.70193],[127.57228,34.70388],[127.56777,34.70322],[127.56592,34.70063],[127.56439,34.70139],[127.56231,34.70442],[127.56306,34.70894],[127.55787,34.70737],[127.55777,34.70488],[127.5592,34.70437],[127.55744,34.70152],[127.5533,34.7009],[127.5539,34.7041],[127.55581,34.70471],[127.55497,34.70677],[127.55624,34.70969],[127.55473,34.71058],[127.55647,34.71366],[127.55485,34.71436],[127.54927,34.71101],[127.54898,34.71315],[127.5523,34.71601],[127.55185,34.71976],[127.55608,34.7189],[127.55712,34.72103],[127.56388,34.72389],[127.5635,34.728],[127.56053,34.72681],[127.55974,34.72801],[127.56181,34.7296],[127.56134,34.73179],[127.56576,34.73046],[127.56587,34.72842],[127.56737,34.728],[127.57431,34.73058],[127.57883,34.73306],[127.57971,34.73574],[127.57711,34.73699],[127.57846,34.73912],[127.58415,34.7398],[127.58322,34.74138],[127.58443,34.74295],[127.58272,34.74537],[127.58481,34.74629],[127.59265,34.74418],[127.59404,34.74835],[127.59028,34.75111],[127.58658,34.74925],[127.58422,34.75053],[127.58699,34.75127],[127.59033,34.75628],[127.58523,34.7673],[127.58165,34.76894],[127.57909,34.7609],[127.57242,34.76021],[127.57306,34.76608],[127.57526,34.76966],[127.57182,34.77469],[127.5686,34.77721],[127.56654,34.77538],[127.56471,34.77717],[127.56134,34.77537],[127.56084,34.77723],[127.55895,34.77747],[127.56322,34.7803],[127.57074,34.77888],[127.57297,34.78241],[127.57236,34.78362],[127.56951,34.78295],[127.56532,34.79266],[127.56118,34.79337],[127.55793,34.79607],[127.55795,34.80011],[127.55958,34.80014],[127.5607,34.8024],[127.55772,34.80698],[127.55368,34.80921],[127.55047,34.80791],[127.54585,34.81036],[127.54318,34.80895],[127.54334,34.8063],[127.53859,34.80516],[127.53348,34.80741],[127.53217,34.80535],[127.52752,34.81118],[127.52542,34.80918],[127.52291,34.80993],[127.52681,34.82257],[127.53805,34.83129],[127.53972,34.83608],[127.54315,34.83879],[127.54345,34.84195],[127.54239,34.84366],[127.53855,34.84159],[127.52974,34.84179],[127.5258,34.84521],[127.52242,34.8434],[127.52185,34.84397],[127.52549,34.84596],[127.52243,34.85013],[127.52349,34.85253],[127.52242,34.85841],[127.52058,34.85849],[127.51946,34.86392],[127.51665,34.86398],[127.51591,34.86604],[127.51881,34.88049],[127.5142,34.88194],[127.51912,34.88858],[127.51195,34.88535],[127.51197,34.88132],[127.51457,34.87852],[127.50586,34.87634],[127.50394,34.87455],[127.50043,34.87708],[127.49781,34.87666],[127.49714,34.87481],[127.49264,34.87558],[127.49019,34.87438],[127.49032,34.86756],[127.49401,34.86686],[127.49493,34.86091],[127.49413,34.85846],[127.49016,34.85689],[127.49268,34.85208],[127.49197,34.84852],[127.4934,34.84629],[127.49114,34.84606],[127.48402,34.83982],[127.48293,34.84181],[127.47251,34.84496],[127.46672,34.84483],[127.46126,34.84011],[127.45738,34.84111],[127.4506,34.83963],[127.44905,34.83576],[127.45009,34.83319],[127.4472,34.83681],[127.43989,34.83644],[127.43572,34.84492],[127.43245,34.83592],[127.43341,34.83452],[127.42818,34.83548],[127.42617,34.83441],[127.42599,34.83229],[127.41683,34.83264],[127.41655,34.83024],[127.4012,34.82485],[127.39101,34.82769],[127.38435,34.83591],[127.38008,34.83725],[127.36745,34.83525],[127.35752,34.83833],[127.34923,34.84429],[127.3506,34.84202],[127.34698,34.84044],[127.3522,34.84055],[127.35421,34.83676],[127.3667,34.83105],[127.38294,34.82668],[127.3921,34.81453],[127.39545,34.81389],[127.39775,34.81657],[127.40049,34.817],[127.40461,34.8148],[127.41049,34.81555],[127.41176,34.81305],[127.41856,34.81127],[127.42315,34.81292],[127.42497,34.81622],[127.42777,34.81376],[127.42204,34.80898],[127.41802,34.80932],[127.41268,34.80256],[127.40636,34.80224],[127.40273,34.79996],[127.40266,34.79832],[127.39498,34.79658],[127.39523,34.79204],[127.3966,34.79172],[127.39499,34.79068],[127.39528,34.79031],[127.3968,34.78989],[127.39728,34.78943],[127.39285,34.79103],[127.39206,34.79179],[127.38785,34.78809],[127.38792,34.78651],[127.39215,34.78515],[127.39311,34.78352],[127.39065,34.78538],[127.38748,34.7845],[127.38546,34.77468],[127.38975,34.77432],[127.39311,34.77614],[127.39458,34.77309],[127.40028,34.77091],[127.4024,34.76726],[127.39716,34.75732],[127.38881,34.75201],[127.38,34.75096],[127.37303,34.74091],[127.37491,34.73669],[127.37777,34.7355],[127.37928,34.73269],[127.38002,34.72922],[127.37872,34.72697],[127.38473,34.7216],[127.39197,34.71867],[127.38857,34.71715],[127.39094,34.71065],[127.39663,34.70659],[127.40136,34.70813],[127.40248,34.70583],[127.40623,34.70477],[127.40693,34.70256],[127.40174,34.70267],[127.40271,34.70075],[127.40734,34.69921],[127.40694,34.69667],[127.40979,34.69728],[127.41539,34.69512],[127.41872,34.69049],[127.42203,34.69294],[127.42343,34.69195],[127.42355,34.68916],[127.42521,34.68899],[127.42328,34.68662],[127.4252,34.68483],[127.42776,34.6852],[127.4255,34.68249],[127.43282,34.67955],[127.42915,34.677],[127.42686,34.67716],[127.42812,34.674],[127.43418,34.67464],[127.43553,34.67777],[127.43997,34.67729],[127.44297,34.6724],[127.44666,34.67411],[127.44849,34.67198],[127.44839,34.67074],[127.44644,34.67147],[127.44647,34.6678],[127.44316,34.66793],[127.44712,34.666],[127.44445,34.66334],[127.4454,34.66183],[127.45263,34.66457],[127.45337,34.66751],[127.45553,34.66814],[127.45776,34.6681],[127.45733,34.66582],[127.46696,34.66121],[127.46812,34.66214],[127.46708,34.66437],[127.47008,34.66477],[127.47147,34.66308],[127.46948,34.66287],[127.46954,34.66063],[127.47511,34.65808],[127.47313,34.65521],[127.47436,34.65376],[127.47977,34.65565],[127.4776,34.65351],[127.48085,34.65006],[127.48629,34.65179],[127.48735,34.64974],[127.4898,34.64928],[127.48947,34.64612],[127.49139,34.64586],[127.49175,34.64412],[127.4903,34.64244],[127.47982,34.64532],[127.47694,34.6485],[127.47594,34.64455],[127.4748,34.64525],[127.47314,34.64301],[127.47489,34.64202],[127.4731,34.6414],[127.46775,34.64283],[127.46372,34.64933],[127.45862,34.64702],[127.46195,34.64186],[127.46139,34.64047],[127.47,34.63685],[127.4721,34.63734],[127.47662,34.63468],[127.48378,34.63643],[127.48778,34.63373],[127.49014,34.63492],[127.49144,34.6323],[127.49223,34.63593],[127.49668,34.63141],[127.49406,34.62669],[127.49594,34.62093],[127.49844,34.61927],[127.49687,34.6155],[127.50282,34.60993],[127.50585,34.60415],[127.50557,34.59473],[127.50786,34.59359],[127.50731,34.59229],[127.50244,34.59356],[127.49606,34.59016],[127.49481,34.58795],[127.4957,34.58582],[127.49085,34.5825],[127.4879,34.58232],[127.48574,34.57882],[127.48698,34.57403],[127.47761,34.57983],[127.47507,34.57837],[127.47658,34.57407],[127.47511,34.57549],[127.47325,34.57449],[127.47124,34.57739],[127.46108,34.58128],[127.46098,34.58264],[127.46599,34.58316],[127.46115,34.58489],[127.46041,34.58902],[127.46168,34.59105],[127.45772,34.5918],[127.45428,34.58815],[127.45702,34.58436],[127.45196,34.58298],[127.45083,34.57995],[127.44686,34.58101],[127.44489,34.58004],[127.45118,34.57022],[127.44977,34.56863],[127.45132,34.56735],[127.4503,34.56579],[127.452,34.56251],[127.44987,34.56338],[127.4481,34.56864],[127.4462,34.56677],[127.44473,34.56764],[127.4445,34.57172],[127.44133,34.5706],[127.44585,34.5764],[127.44052,34.57832],[127.43688,34.58218],[127.43361,34.58222],[127.43383,34.58846],[127.42719,34.5879],[127.42639,34.58485],[127.42288,34.58663],[127.41875,34.5828],[127.41445,34.585],[127.41531,34.58922],[127.41196,34.58818],[127.41214,34.59046],[127.40086,34.58969],[127.3954,34.58683],[127.39397,34.5809],[127.39883,34.57606],[127.40608,34.5803],[127.40927,34.57908],[127.40363,34.57305],[127.40447,34.56873],[127.40679,34.5677],[127.41555,34.56886],[127.41783,34.57409],[127.42626,34.57073],[127.42932,34.56542],[127.42062,34.56734],[127.41937,34.56597],[127.42098,34.56415],[127.41973,34.56328],[127.41253,34.56353],[127.40952,34.56099],[127.40623,34.56071],[127.40286,34.56301],[127.40703,34.56693],[127.4041,34.56869],[127.39618,34.56344],[127.39639,34.55935],[127.39929,34.55987],[127.40075,34.55779],[127.41025,34.55516],[127.41259,34.55549],[127.41134,34.55702],[127.41559,34.55867],[127.41743,34.55829],[127.41489,34.55649],[127.41536,34.55532],[127.42333,34.55691],[127.4173,34.55347],[127.41955,34.55079],[127.42032,34.55246],[127.42624,34.55265],[127.42755,34.55493],[127.43215,34.55642],[127.42844,34.55173],[127.42642,34.55144],[127.42642,34.54921],[127.42825,34.54846],[127.43331,34.55203],[127.43768,34.55037],[127.4381,34.54854],[127.43277,34.54317],[127.42834,34.54441],[127.42657,34.54142],[127.4352,34.5404],[127.43612,34.53748],[127.435,34.53518],[127.43208,34.53764],[127.42882,34.53713],[127.4271,34.53478],[127.42711,34.53098],[127.42227,34.53035],[127.42379,34.52947],[127.42608,34.52099],[127.43127,34.52023],[127.43115,34.51877],[127.4224,34.51965],[127.4218,34.51809],[127.43057,34.51506],[127.43087,34.51309],[127.42533,34.51118],[127.42614,34.51364],[127.42152,34.51372],[127.41824,34.51558],[127.41849,34.51859],[127.41364,34.52153],[127.4126,34.52007],[127.40576,34.51951],[127.40265,34.51531],[127.4069,34.51249],[127.40381,34.50507],[127.39399,34.50521],[127.39101,34.50753],[127.39251,34.50939],[127.38847,34.50995],[127.38748,34.50624],[127.38411,34.50397],[127.37803,34.50439],[127.37738,34.50264],[127.38517,34.49757],[127.38686,34.49401],[127.38604,34.49093],[127.38996,34.49099],[127.39137,34.4883],[127.38704,34.48332],[127.3834,34.48693],[127.38328,34.48417],[127.38113,34.48258],[127.38183,34.4791],[127.37959,34.48287],[127.38037,34.4864],[127.37905,34.488],[127.37576,34.48599],[127.37425,34.48072],[127.3708,34.4801],[127.36573,34.48358],[127.3672,34.48608],[127.36611,34.48771],[127.35863,34.49238],[127.35348,34.49045],[127.35362,34.48803],[127.35537,34.48716],[127.35355,34.48582],[127.35382,34.4841],[127.35561,34.4829],[127.35338,34.48374],[127.3496,34.48046],[127.34975,34.47775],[127.34785,34.47753],[127.34505,34.47873],[127.34977,34.48094],[127.34893,34.48379],[127.34657,34.48468],[127.34541,34.4824],[127.34263,34.48336],[127.34396,34.48751],[127.34022,34.48966],[127.3411,34.48528],[127.33849,34.48298],[127.34108,34.48063],[127.3438,34.48103],[127.34097,34.48048],[127.33639,34.48055],[127.33271,34.47943],[127.33106,34.47617],[127.32513,34.47625],[127.32519,34.47373],[127.33078,34.47319],[127.3324,34.47112],[127.33428,34.47179],[127.33716,34.46749],[127.3329,34.46344],[127.33118,34.46768],[127.32757,34.46624],[127.32691,34.46875],[127.32379,34.47049],[127.31899,34.46773],[127.3208,34.46462],[127.31949,34.46269],[127.31721,34.46271],[127.32015,34.46014],[127.3226,34.463],[127.32672,34.46189],[127.33306,34.45804],[127.33264,34.45555],[127.33894,34.45713],[127.33659,34.45054],[127.34018,34.44943],[127.33874,34.4456],[127.3314,34.44414],[127.32779,34.44165],[127.32564,34.44386],[127.3223,34.44177],[127.31852,34.44245],[127.32008,34.44363],[127.31841,34.44539],[127.3132,34.44441],[127.31452,34.44755],[127.31081,34.4504],[127.3093,34.44854],[127.30644,34.44853],[127.30458,34.45366],[127.30936,34.45515],[127.31546,34.45306],[127.31608,34.45498],[127.31283,34.45697],[127.31158,34.45991],[127.30852,34.45821],[127.31078,34.46028],[127.31001,34.46216],[127.30781,34.46224],[127.30589,34.45871],[127.30425,34.46009],[127.30187,34.45808],[127.30479,34.46234],[127.30409,34.46486],[127.29795,34.46351],[127.30027,34.46627],[127.29963,34.46753],[127.3018,34.46778],[127.30099,34.47096],[127.29189,34.47051],[127.29152,34.47451],[127.28759,34.47715],[127.28063,34.47876],[127.28114,34.48091],[127.27746,34.48069],[127.27712,34.47794],[127.27333,34.47955],[127.27225,34.48191],[127.26808,34.48187],[127.26753,34.48333],[127.27027,34.48532],[127.2687,34.48727],[127.2737,34.48954],[127.27378,34.49218],[127.27748,34.4923],[127.28029,34.48984],[127.28309,34.49116],[127.27866,34.49532],[127.28347,34.49692],[127.28234,34.50122],[127.27645,34.50285],[127.27484,34.5017],[127.2756,34.50001],[127.27447,34.50072],[127.27198,34.5082],[127.26094,34.51318],[127.25547,34.52103],[127.2496,34.5224],[127.24443,34.52159],[127.24428,34.5199],[127.24561,34.51967],[127.24623,34.5192],[127.24488,34.51903],[127.24584,34.51527],[127.24392,34.51506],[127.24076,34.51855],[127.23876,34.5174],[127.23094,34.51845],[127.23403,34.52437],[127.22554,34.52647],[127.22605,34.52907],[127.22314,34.53001],[127.22084,34.53438],[127.21385,34.52701],[127.21445,34.52464],[127.21264,34.52716],[127.20961,34.52745],[127.20909,34.52047],[127.21128,34.51974],[127.21203,34.51691],[127.20866,34.51702],[127.2086,34.52027],[127.20291,34.52294],[127.20411,34.52406],[127.19983,34.52451],[127.19933,34.52751],[127.19493,34.53249],[127.17848,34.53117],[127.17385,34.52739],[127.17349,34.52586],[127.17567,34.5243],[127.17391,34.52152],[127.17187,34.51938],[127.17064,34.51886],[127.1718,34.52143],[127.16858,34.52213],[127.16856,34.52526],[127.16679,34.52615],[127.15351,34.52407],[127.1515,34.52642],[127.15041,34.52502],[127.15183,34.52112],[127.14716,34.52051],[127.14272,34.52369],[127.13586,34.5237],[127.13424,34.52714],[127.13158,34.52627],[127.12512,34.52953],[127.1232,34.52726],[127.12103,34.53395],[127.12229,34.54048],[127.11806,34.54372],[127.11662,34.54211],[127.11657,34.54446],[127.11241,34.54658],[127.11538,34.55609],[127.11386,34.55859],[127.11594,34.56147],[127.1177,34.56309],[127.11963,34.56251],[127.11999,34.56586],[127.12222,34.56579],[127.12437,34.57012],[127.12647,34.57011],[127.12881,34.57319],[127.1311,34.5744],[127.13053,34.57256],[127.13524,34.57257],[127.13668,34.57491],[127.13562,34.57618],[127.13119,34.57556],[127.13335,34.5782],[127.1414,34.58052],[127.14567,34.58502],[127.14312,34.59027],[127.14902,34.60017],[127.15055,34.59807],[127.15039,34.59398],[127.16289,34.59005],[127.17156,34.59463],[127.16801,34.60249],[127.17304,34.60629],[127.17173,34.60774],[127.17293,34.61329],[127.17105,34.61689],[127.17425,34.62091],[127.17208,34.62376],[127.17291,34.62688],[127.1791,34.63176],[127.1803,34.63063],[127.18195,34.63161],[127.18956,34.64344],[127.19411,34.64377],[127.19616,34.6467],[127.19603,34.65126],[127.19994,34.64803],[127.22757,34.65454],[127.22884,34.66029],[127.22632,34.66201],[127.22982,34.66424],[127.23264,34.68086],[127.23654,34.68013],[127.24328,34.68303],[127.24366,34.68605],[127.24067,34.68919],[127.23889,34.68909],[127.23684,34.69296],[127.23972,34.69172],[127.24159,34.69263],[127.2423,34.69433],[127.23971,34.69817],[127.24092,34.70049],[127.24389,34.69982],[127.24768,34.70233],[127.2465,34.70538],[127.24876,34.70619],[127.25177,34.70347],[127.25367,34.70466],[127.25422,34.70768],[127.25166,34.70896],[127.25155,34.71161],[127.25317,34.71031],[127.25894,34.71174],[127.26326,34.71641],[127.26453,34.71354],[127.26934,34.71206],[127.27525,34.71682],[127.27502,34.71945],[127.28008,34.71903],[127.28092,34.71799],[127.27702,34.71147],[127.28004,34.71003],[127.28177,34.70395],[127.27956,34.69933],[127.28424,34.69884],[127.28627,34.69651],[127.28218,34.69411],[127.28582,34.69182],[127.27996,34.68698],[127.28134,34.68384],[127.27974,34.68075],[127.28045,34.67796],[127.2773,34.67819],[127.2778,34.67419],[127.28407,34.67097],[127.28618,34.66567],[127.29133,34.66777],[127.29409,34.66659],[127.29707,34.66844],[127.31432,34.66443],[127.31966,34.67007],[127.3188,34.67321],[127.32062,34.67873],[127.31767,34.68162],[127.32241,34.68732],[127.32741,34.68951],[127.32574,34.69387],[127.33121,34.69924],[127.33225,34.70684],[127.335,34.70853],[127.34443,34.70967],[127.34287,34.71579],[127.33843,34.71334],[127.33283,34.71518],[127.32713,34.73345],[127.32678,34.75198],[127.31532,34.75318],[127.30962,34.75225],[127.30705,34.74936],[127.30582,34.75063],[127.30374,34.74986],[127.30097,34.74409],[127.29682,34.74254],[127.29485,34.73778],[127.29581,34.73607],[127.29259,34.73102],[127.28982,34.73107],[127.28578,34.73632],[127.27793,34.73431],[127.27884,34.73815],[127.27208,34.74163],[127.26988,34.73801],[127.26556,34.73615],[127.26416,34.73073],[127.25957,34.73344],[127.25253,34.74206],[127.25234,34.7482],[127.24596,34.75649],[127.24454,34.75653],[127.24561,34.76066],[127.22963,34.75796],[127.24049,34.76012],[127.24075,34.76451],[127.23806,34.76482],[127.23535,34.76254],[127.2293,34.76183],[127.22931,34.75764],[127.20999,34.73857],[127.21096,34.72926],[127.21277,34.72823],[127.21017,34.72883],[127.20574,34.7218],[127.20574,34.71852],[127.19917,34.7122],[127.2002,34.71078],[127.19815,34.7104],[127.19824,34.70577],[127.19076,34.70404],[127.1875,34.69538],[127.18509,34.6953],[127.18645,34.69445],[127.17548,34.69132],[127.17469,34.69253],[127.1689,34.69281],[127.16648,34.69131],[127.15795,34.69196],[127.14992,34.69429],[127.14457,34.69371],[127.14296,34.69213],[127.13525,34.70176],[127.12884,34.70396],[127.11435,34.69364],[127.10985,34.68473],[127.11122,34.68012],[127.10949,34.68147],[127.10669,34.67709],[127.09935,34.6753],[127.09826,34.67211],[127.09532,34.67019],[127.09619,34.66847],[127.09441,34.67014],[127.08659,34.6697],[127.0844,34.66774],[127.08662,34.66469],[127.08452,34.6671],[127.08253,34.66543],[127.08569,34.66473],[127.08426,34.66441],[127.07951,34.66618],[127.07307,34.66362],[127.07197,34.66156],[127.06703,34.66345],[127.0617,34.65606],[127.06164,34.65329],[127.06361,34.65392],[127.06355,34.65199],[127.06042,34.65063],[127.06086,34.64925],[127.05958,34.65021],[127.05673,34.64839],[127.05297,34.64185],[127.04516,34.63367],[127.04552,34.63514],[127.04313,34.63707],[127.03485,34.63547],[127.03183,34.63327],[127.03277,34.63113],[127.031,34.63132],[127.03086,34.62984],[127.02238,34.62859],[127.01862,34.62518],[127.0127,34.62414],[126.98394,34.62795],[126.969,34.62675],[126.96741,34.62524],[126.95737,34.63074],[126.965,34.61945],[126.9674,34.62051],[126.96695,34.62277],[126.97831,34.6245],[126.9886,34.62172],[126.99413,34.62328],[126.995,34.61823],[126.99362,34.61461],[127.00018,34.6108],[127.00892,34.60871],[127.00627,34.6057],[127.00343,34.60727],[127.00264,34.60309],[127.00045,34.60473],[126.99709,34.60396],[126.99932,34.60212],[126.99826,34.59981],[126.99944,34.59792],[126.99283,34.59392],[126.99313,34.5842],[126.98692,34.57765],[126.97895,34.57396],[126.97935,34.5723],[126.98552,34.56864],[126.99212,34.56695],[126.99411,34.5695],[126.99798,34.56574],[127.00315,34.56995],[127.00668,34.56975],[127.00495,34.5693],[127.00627,34.56524],[127.00335,34.56148],[127.00436,34.55639],[127.00253,34.55572],[127.00251,34.55758],[126.99797,34.56234],[126.98895,34.56174],[126.98664,34.55565],[126.98995,34.55298],[126.98575,34.54728],[126.98657,34.54524],[126.98891,34.54511],[126.98851,34.54071],[126.98107,34.54014],[126.9775,34.54336],[126.97232,34.54306],[126.96487,34.53752],[126.95992,34.53154],[126.9631,34.52866],[126.96495,34.52316],[126.9711,34.52474],[126.97371,34.52358],[126.97168,34.52117],[126.97343,34.5148],[126.97891,34.51161],[126.97687,34.50975],[126.96815,34.50985],[126.96904,34.50511],[126.9632,34.4956],[126.96693,34.49145],[126.97009,34.49143],[126.97187,34.48865],[126.97647,34.48844],[126.9784,34.48502],[126.97864,34.4776],[126.97569,34.47514],[126.97835,34.47092],[126.97603,34.46974],[126.97508,34.47482],[126.96801,34.47811],[126.96205,34.47178],[126.96332,34.46787],[126.96183,34.46941],[126.95608,34.46835],[126.95397,34.47099],[126.9544,34.47335],[126.95086,34.47472],[126.94639,34.48201],[126.94408,34.48318],[126.94168,34.48228],[126.94105,34.47723],[126.93838,34.4783],[126.93745,34.47579],[126.94024,34.47108],[126.94129,34.4624],[126.94553,34.46077],[126.94828,34.45669],[126.93893,34.45155],[126.93818,34.44742],[126.92734,34.44797],[126.92539,34.45284],[126.88487,34.45708],[126.87086,34.45586],[126.87063,34.45407],[126.87863,34.44937],[126.8823,34.43903],[126.88672,34.43435],[126.88686,34.4288],[126.8848,34.42795],[126.88524,34.42376],[126.88356,34.42198],[126.8768,34.43429],[126.86783,34.43876],[126.86643,34.43824],[126.86558,34.43436],[126.8609,34.4418],[126.85488,34.4426],[126.84681,34.44815],[126.84535,34.45106],[126.84293,34.44814],[126.83859,34.44996],[126.83826,34.45293],[126.82947,34.448],[126.82625,34.44967],[126.82302,34.44658],[126.82321,34.44846],[126.81877,34.44918],[126.81853,34.44693],[126.81796,34.44922],[126.81474,34.4507],[126.81546,34.45275],[126.81082,34.45511],[126.80847,34.45403],[126.8089,34.45083],[126.80718,34.45019],[126.80613,34.45202],[126.80725,34.45496],[126.80422,34.45818],[126.80691,34.46103],[126.80798,34.46827],[126.80089,34.46892],[126.79115,34.46654],[126.78517,34.4686],[126.78762,34.47699],[126.79741,34.48021],[126.79557,34.483],[126.79705,34.48425],[126.7954,34.48842],[126.79194,34.48847],[126.79357,34.49506],[126.78999,34.49613],[126.79228,34.50154],[126.78919,34.50733],[126.79189,34.51019],[126.78658,34.51272],[126.79017,34.5204],[126.78978,34.52498],[126.78841,34.52564],[126.78998,34.52566],[126.79188,34.52901],[126.79121,34.53407],[126.78919,34.53472],[126.79102,34.54093],[126.80038,34.54914],[126.79183,34.54808],[126.78973,34.55433],[126.79199,34.55558],[126.79238,34.55772],[126.78933,34.55862],[126.79546,34.56713],[126.79321,34.57033],[126.78952,34.57158],[126.78633,34.57751],[126.78895,34.5787],[126.79021,34.58143],[126.78926,34.58614],[126.78562,34.5891],[126.78328,34.58781],[126.7779,34.59495],[126.78204,34.5981],[126.77965,34.60391],[126.77872,34.61685],[126.77979,34.62089],[126.7834,34.62528],[126.7823,34.62897],[126.78407,34.63426],[126.78276,34.63506],[126.78041,34.63071],[126.77962,34.62365],[126.77252,34.61773],[126.76954,34.61699],[126.77141,34.60305],[126.77121,34.59684],[126.76919,34.59271],[126.77081,34.5896],[126.76961,34.58898],[126.76552,34.56397],[126.76885,34.55467],[126.76441,34.54552],[126.76958,34.5416],[126.76445,34.54044],[126.7657,34.53638],[126.76408,34.53328],[126.76567,34.53011],[126.77338,34.52788],[126.77231,34.52547],[126.76232,34.52732],[126.75829,34.5259],[126.76142,34.50294],[126.76585,34.49991],[126.75808,34.49532],[126.76009,34.49243],[126.75873,34.48998],[126.75344,34.49257],[126.74125,34.48861],[126.73865,34.48637],[126.74084,34.48066],[126.74718,34.47788],[126.74927,34.47275],[126.75231,34.47271],[126.75346,34.47508],[126.75272,34.47259],[126.75448,34.47198],[126.74775,34.47221],[126.72871,34.44595],[126.72595,34.44511],[126.72515,34.44166],[126.71887,34.44564],[126.71167,34.44265],[126.7115,34.44073],[126.71327,34.43957],[126.69862,34.44065],[126.68902,34.43484],[126.69004,34.43241],[126.68493,34.42876],[126.68505,34.4303],[126.68334,34.43011],[126.68247,34.42718],[126.67377,34.42757],[126.67808,34.42037],[126.67556,34.41952],[126.67704,34.41638],[126.67405,34.41632],[126.6737,34.41908],[126.66425,34.42704],[126.66024,34.4258],[126.65923,34.42349],[126.66071,34.42137],[126.65768,34.42032],[126.65216,34.42198],[126.65196,34.42352],[126.65014,34.42271],[126.6511,34.41774],[126.64621,34.41839],[126.64775,34.41345],[126.64384,34.41196],[126.64574,34.40872],[126.63473,34.41204],[126.63234,34.40909],[126.63398,34.40667],[126.6312,34.40706],[126.62761,34.4015],[126.63087,34.39971],[126.63474,34.4011],[126.64219,34.39764],[126.64439,34.39915],[126.64283,34.39674],[126.64528,34.39419],[126.64315,34.3941],[126.63858,34.38819],[126.63669,34.38849],[126.6401,34.39126],[126.63915,34.39373],[126.63517,34.39489],[126.63189,34.3937],[126.62713,34.39541],[126.62413,34.40048],[126.62711,34.40213],[126.62466,34.40806],[126.61623,34.40249],[126.61646,34.40032],[126.62066,34.3993],[126.62163,34.3965],[126.62006,34.39273],[126.61141,34.38601],[126.61386,34.37919],[126.62071,34.37855],[126.61827,34.3729],[126.62141,34.37052],[126.61995,34.37041],[126.6185,34.36652],[126.61528,34.36508],[126.61903,34.36428],[126.61994,34.35908],[126.61486,34.3569],[126.61407,34.35412],[126.61085,34.35363],[126.60637,34.34955],[126.60409,34.35052],[126.60181,34.34881],[126.6045,34.34503],[126.60947,34.34494],[126.6079,34.34111],[126.60421,34.34015],[126.60046,34.33648],[126.60323,34.33523],[126.60097,34.33545],[126.60112,34.33352],[126.60371,34.33365],[126.60358,34.32777],[126.60172,34.32549],[126.60294,34.32374],[126.60098,34.31919],[126.60524,34.31755],[126.60571,34.31555],[126.60126,34.31504],[126.59952,34.31178],[126.59382,34.31365],[126.58533,34.32018],[126.55771,34.32153],[126.55402,34.31664],[126.55196,34.31648],[126.54915,34.30925],[126.54458,34.30329],[126.53739,34.30402],[126.53144,34.3023],[126.52885,34.30035],[126.52971,34.2986],[126.53226,34.29975],[126.52807,34.29689],[126.52805,34.29353],[126.52387,34.29237],[126.5215,34.29354],[126.52117,34.29607],[126.5167,34.29609],[126.51719,34.30368],[126.51491,34.30611],[126.51611,34.30886],[126.51954,34.31031],[126.51987,34.31252],[126.5177,34.31627],[126.51446,34.3158],[126.51525,34.31751],[126.51304,34.31912],[126.5163,34.32103],[126.51703,34.32429],[126.51906,34.32309],[126.52142,34.32438],[126.52123,34.3262],[126.52357,34.32827],[126.51889,34.32874],[126.52466,34.32869],[126.52708,34.3349],[126.52505,34.33947],[126.5193,34.34468],[126.52222,34.34633],[126.52011,34.35154],[126.52164,34.35301],[126.52162,34.35705],[126.51801,34.35777],[126.52071,34.35859],[126.52001,34.36108],[126.51029,34.3654],[126.50288,34.36514],[126.5014,34.36398],[126.50122,34.35913],[126.49937,34.35953],[126.49828,34.35721],[126.49555,34.35883],[126.49319,34.3562],[126.49248,34.35595],[126.49462,34.35921],[126.49086,34.35962],[126.48441,34.35459],[126.47898,34.35386],[126.47859,34.35015],[126.47644,34.34827],[126.47505,34.34821],[126.47631,34.35045],[126.47344,34.35021],[126.47366,34.348],[126.47109,34.3486],[126.47148,34.35454],[126.46604,34.35768],[126.46505,34.36208],[126.46801,34.36327],[126.47605,34.35538],[126.48126,34.35869],[126.47627,34.36464],[126.48065,34.36127],[126.48262,34.36477],[126.48695,34.36436],[126.47581,34.37279],[126.48128,34.37381],[126.48094,34.37664],[126.47418,34.37873],[126.48088,34.38121],[126.48095,34.38297],[126.47689,34.38325],[126.47595,34.38118],[126.47167,34.38289],[126.46887,34.38073],[126.47187,34.38467],[126.4743,34.3833],[126.478,34.38642],[126.48167,34.38485],[126.4841,34.38641],[126.48327,34.38927],[126.48643,34.38572],[126.49017,34.38611],[126.49558,34.38415],[126.49746,34.3856],[126.49791,34.38904],[126.49135,34.39224],[126.49444,34.39303],[126.49434,34.39451],[126.49045,34.39486],[126.48958,34.39692],[126.49099,34.39937],[126.4869,34.40104],[126.49217,34.40495],[126.49073,34.40609],[126.48952,34.40416],[126.4872,34.40829],[126.49199,34.40857],[126.49806,34.40545],[126.5049,34.40534],[126.51654,34.41463],[126.51094,34.42467],[126.50876,34.42411],[126.5083,34.42684],[126.51015,34.43087],[126.51389,34.43316],[126.51372,34.4347],[126.50704,34.4406],[126.49931,34.43655],[126.49633,34.43126],[126.48973,34.43533],[126.48399,34.43422],[126.48103,34.43048],[126.48334,34.42451],[126.47661,34.42748],[126.47613,34.43012],[126.46231,34.445],[126.45427,34.44886],[126.45467,34.45008],[126.45956,34.44956],[126.46478,34.45406],[126.4683,34.44809],[126.4718,34.44687],[126.47749,34.45023],[126.47144,34.45549],[126.46736,34.4565],[126.46905,34.4594],[126.46818,34.46197],[126.47202,34.46881],[126.46729,34.47131],[126.46269,34.46794],[126.46311,34.46924],[126.45578,34.47734],[126.45586,34.48219],[126.46414,34.48174],[126.46617,34.48494],[126.4594,34.49013],[126.46213,34.49188],[126.46462,34.49666],[126.4627,34.49815],[126.4591,34.49694],[126.45652,34.50158],[126.46103,34.50379],[126.46678,34.50418],[126.47118,34.50747],[126.46237,34.52057],[126.45919,34.51952],[126.45579,34.51987],[126.45818,34.52202],[126.45724,34.52357],[126.45479,34.52324],[126.45464,34.52052],[126.45275,34.5231],[126.44211,34.52191],[126.44301,34.52657],[126.45787,34.52978],[126.46016,34.53244],[126.45653,34.53564],[126.44683,34.53583],[126.4474,34.53729],[126.44329,34.53945],[126.43439,34.53427],[126.43477,34.53663],[126.43815,34.53769],[126.43853,34.53959],[126.43736,34.54079],[126.43422,34.53943],[126.43623,34.54208],[126.43232,34.54523],[126.43611,34.55002],[126.4301,34.55535],[126.41986,34.5545],[126.41704,34.55577],[126.41802,34.54713],[126.40965,34.5485],[126.407,34.5467],[126.40458,34.54756],[126.40137,34.54353],[126.40339,34.54144],[126.40298,34.53916],[126.39834,34.53547],[126.38686,34.53263],[126.37856,34.53907],[126.38167,34.54266],[126.38518,34.54276],[126.3859,34.54622],[126.38792,34.54724],[126.38806,34.54943],[126.38661,34.54958],[126.38938,34.551],[126.38888,34.55258],[126.38437,34.55381],[126.38586,34.55612],[126.38335,34.56183],[126.37697,34.56215],[126.375,34.55872],[126.36964,34.56108],[126.36858,34.55976],[126.36431,34.56072],[126.36458,34.55838],[126.36261,34.55866],[126.36287,34.56106],[126.36044,34.56425],[126.35605,34.56598],[126.35374,34.56462],[126.35516,34.56664],[126.35422,34.57013],[126.35087,34.5675],[126.33419,34.57333],[126.32952,34.56924],[126.32131,34.57017],[126.3141,34.56688],[126.31085,34.56956],[126.31097,34.5712],[126.30577,34.57335],[126.30895,34.57671],[126.30613,34.57731],[126.30482,34.57533],[126.30391,34.5774],[126.31211,34.58409],[126.31284,34.58772],[126.30607,34.59061],[126.29936,34.59023],[126.29719,34.59271],[126.29884,34.59423],[126.29751,34.59548],[126.29886,34.59828],[126.29556,34.60059],[126.29181,34.59201],[126.27961,34.59645],[126.28027,34.60005],[126.28213,34.5991],[126.28355,34.60099],[126.28203,34.60337],[126.28787,34.60499],[126.28066,34.60996],[126.28002,34.61187],[126.28429,34.61768],[126.28062,34.62176],[126.28502,34.62273],[126.28976,34.62081],[126.28757,34.62445],[126.28996,34.62777],[126.29371,34.62914],[126.29364,34.63133],[126.28847,34.63601],[126.28574,34.63436],[126.28694,34.6319],[126.28555,34.63094],[126.2775,34.62985],[126.2781,34.63204],[126.27204,34.63303],[126.26776,34.63765],[126.26085,34.64068],[126.25995,34.64524],[126.26691,34.64293],[126.26854,34.6477],[126.26528,34.64861],[126.26319,34.65341],[126.25958,34.65359],[126.26288,34.65557],[126.26316,34.65838],[126.25909,34.66289],[126.25747,34.66143],[126.25534,34.66423],[126.25568,34.66719],[126.25833,34.66799],[126.2604,34.67236],[126.26001,34.67425],[126.25804,34.67467],[126.25991,34.67648],[126.25588,34.67733],[126.25516,34.67957],[126.25758,34.68091],[126.25765,34.68322],[126.261,34.68399],[126.26095,34.68752],[126.25928,34.68934],[126.26053,34.69228],[126.25826,34.69437],[126.26024,34.69677],[126.259,34.70068],[126.26057,34.70179],[126.26022,34.70459],[126.26185,34.70545],[126.26197,34.70778],[126.26484,34.70275],[126.26896,34.7017],[126.27135,34.70308],[126.27017,34.7057],[126.27481,34.71176],[126.27481,34.71749],[126.27797,34.71941],[126.28074,34.71786],[126.27948,34.7214],[126.27545,34.72257],[126.27456,34.72746],[126.28446,34.74781],[126.28649,34.75536],[126.28561,34.75734],[126.28906,34.75985],[126.2985,34.7621],[126.30268,34.75959],[126.3106,34.75339],[126.30697,34.74874],[126.31161,34.74587],[126.31541,34.74716],[126.31711,34.7507],[126.31993,34.749],[126.32379,34.74344],[126.32316,34.7422],[126.32128,34.74404],[126.31954,34.7411],[126.32291,34.7399],[126.3229,34.73804],[126.32586,34.73781],[126.32832,34.74],[126.32944,34.73876],[126.32723,34.73764],[126.32764,34.7345],[126.33088,34.73345],[126.33059,34.72069],[126.33926,34.71799],[126.34446,34.7119],[126.34754,34.71046],[126.34996,34.70549],[126.34768,34.69934],[126.35639,34.69308],[126.36333,34.69465],[126.36364,34.69715],[126.36889,34.69854],[126.37158,34.7044],[126.37,34.70624],[126.37294,34.70717],[126.37638,34.71467],[126.37893,34.7145],[126.38528,34.71977],[126.3879,34.72583],[126.38888,34.72928],[126.38731,34.72969],[126.38905,34.73136],[126.36057,34.74201],[126.36552,34.74936],[126.36849,34.74841],[126.36559,34.74966],[126.36568,34.75121],[126.37418,34.74913],[126.38037,34.75276],[126.37945,34.75722],[126.37353,34.75478],[126.38046,34.76036],[126.38169,34.76357],[126.37888,34.765],[126.38103,34.76838],[126.3995,34.77418],[126.4055,34.7719],[126.42533,34.77834],[126.43371,34.777],[126.44247,34.77935],[126.44408,34.78209],[126.44956,34.78262],[126.44084,34.7992],[126.42663,34.7936],[126.42579,34.7921],[126.42434,34.79327],[126.4175,34.79119],[126.41178,34.79307],[126.41478,34.78858],[126.40973,34.78621],[126.4098,34.78402],[126.40888,34.78588],[126.40408,34.78431],[126.4026,34.78535],[126.40115,34.78313],[126.38773,34.78091],[126.38997,34.78521],[126.39279,34.78678],[126.39144,34.78811],[126.38193,34.77947],[126.38126,34.78067],[126.36914,34.78081],[126.36659,34.78836],[126.35611,34.79505],[126.35482,34.79366],[126.35119,34.79684],[126.34966,34.79647],[126.358,34.80383],[126.35723,34.80196],[126.35995,34.79979],[126.36487,34.80352],[126.36265,34.80616],[126.35976,34.8054],[126.37005,34.81313],[126.37668,34.82214],[126.38228,34.82813],[126.3835,34.82778],[126.38197,34.83001],[126.38669,34.82965],[126.38826,34.83678],[126.39701,34.83815],[126.40072,34.84169],[126.4003,34.84389],[126.40132,34.84218],[126.4125,34.84297],[126.41208,34.84568],[126.40508,34.84886],[126.40735,34.85205],[126.40532,34.85727],[126.40181,34.86103],[126.40363,34.86426],[126.39725,34.86653],[126.39515,34.86951],[126.39586,34.87348],[126.40193,34.87861],[126.40174,34.88047],[126.39196,34.88269],[126.38916,34.88155],[126.38812,34.87757],[126.38697,34.878],[126.38662,34.88037],[126.38789,34.88114],[126.38683,34.88219],[126.39076,34.88516],[126.38966,34.8897],[126.39377,34.89421],[126.39329,34.89569],[126.39198,34.89436],[126.39167,34.89443],[126.39303,34.89701],[126.39167,34.89966],[126.39619,34.89735],[126.40014,34.89963],[126.40508,34.91086],[126.40362,34.91496],[126.39147,34.92167],[126.39032,34.92727],[126.38979,34.92743],[126.38904,34.92698],[126.38755,34.92683],[126.38724,34.92724],[126.38757,34.92781],[126.3886,34.92832],[126.38984,34.92818],[126.39227,34.93039],[126.39432,34.93081],[126.39879,34.93502],[126.39789,34.93686],[126.39625,34.93577],[126.39603,34.93749],[126.38939,34.94086],[126.38787,34.94747],[126.39447,34.96189],[126.39379,34.96494],[126.39052,34.96741],[126.38316,34.96861],[126.37948,34.97163],[126.38061,34.98766],[126.37384,34.9896],[126.37383,34.99883],[126.37212,34.99932],[126.36749,34.99545],[126.36765,34.98947],[126.36572,34.98528],[126.36576,34.9809],[126.37029,34.97358],[126.36108,34.97213],[126.35921,34.96844],[126.36103,34.96636],[126.36019,34.96212],[126.3678,34.96294],[126.37138,34.9587],[126.37556,34.95749],[126.3714,34.95379],[126.37162,34.948],[126.36693,34.94602],[126.3655,34.94316],[126.37286,34.94142],[126.3741,34.94277],[126.37358,34.93941],[126.36906,34.9368],[126.36626,34.93246],[126.36693,34.92678],[126.37124,34.92408],[126.3687,34.92288],[126.36828,34.91977],[126.353,34.92231],[126.3511,34.92086],[126.35102,34.917],[126.3435,34.91405],[126.33463,34.91701],[126.32918,34.91602],[126.32986,34.92014],[126.32781,34.92512],[126.3299,34.92697],[126.32641,34.93063],[126.32237,34.93065],[126.32162,34.92868],[126.31913,34.93223],[126.31137,34.92657],[126.30625,34.92798],[126.30461,34.93455],[126.30999,34.93353],[126.3107,34.93565],[126.31658,34.9374],[126.31701,34.9409],[126.32093,34.94383],[126.30929,34.94874],[126.30639,34.95606],[126.30047,34.95755],[126.30067,34.95944],[126.29494,34.96528],[126.29831,34.97331],[126.29766,34.97612],[126.30366,34.97695],[126.30504,34.98512],[126.31018,34.98557],[126.31337,34.98816],[126.30913,34.97587],[126.31597,34.97467],[126.31875,34.98108],[126.32097,34.97307],[126.32646,34.97168],[126.32737,34.96685],[126.33029,34.96705],[126.33196,34.96987],[126.33574,34.97178],[126.34292,34.97191],[126.34525,34.97332],[126.34888,34.97664],[126.35171,34.98318],[126.3584,34.98468],[126.35857,34.99276],[126.3549,34.99267],[126.35094,34.99539],[126.34485,34.99539],[126.34067,34.99746],[126.33739,34.99641],[126.33389,34.99219],[126.33321,34.99379],[126.345,35.00194],[126.3591,35.00753],[126.36689,35.01152],[126.37277,35.01668],[126.38353,35.02078],[126.3855,35.02378],[126.39012,35.02423],[126.39089,35.02966],[126.38835,35.0383],[126.38087,35.04931],[126.37716,35.04789],[126.37493,35.04438],[126.37079,35.0475],[126.35709,35.04224],[126.35706,35.03852],[126.3523,35.03928],[126.34819,35.04545],[126.34689,35.05099],[126.3521,35.05224],[126.34935,35.05678],[126.33887,35.06075],[126.33437,35.05913],[126.33133,35.06179],[126.33943,35.06311],[126.34351,35.06724],[126.34466,35.07098],[126.33346,35.08768],[126.32217,35.08942],[126.31629,35.087],[126.31703,35.08481],[126.31561,35.08332],[126.31784,35.0785],[126.31133,35.07565],[126.31199,35.07344],[126.31642,35.07057],[126.31248,35.06701],[126.30544,35.06661],[126.30027,35.0618],[126.30143,35.05963],[126.30892,35.05954],[126.31385,35.05728],[126.31429,35.05413],[126.30763,35.05023],[126.30482,35.04548],[126.29649,35.04171],[126.30065,35.04419],[126.30199,35.04679],[126.29648,35.04998],[126.29098,35.04934],[126.29572,35.05273],[126.29591,35.05468],[126.29176,35.05747],[126.29137,35.05985],[126.28549,35.06205],[126.28171,35.0618],[126.28093,35.05734],[126.27694,35.05444],[126.26085,35.05341],[126.26058,35.04988],[126.2641,35.04243],[126.27332,35.03845],[126.27451,35.03449],[126.26629,35.02911],[126.26546,35.02721],[126.26683,35.02438],[126.26329,35.02105],[126.26402,35.01889],[126.26199,35.02081],[126.25676,35.02178],[126.25652,35.01384],[126.24901,35.01185],[126.24726,35.0136],[126.2483,35.0147],[126.2439,35.0273],[126.24246,35.02734],[126.23968,35.02226],[126.24112,35.01963],[126.2392,35.01837],[126.23398,35.01727],[126.23232,35.01988],[126.23032,35.01775],[126.22925,35.02025],[126.22795,35.0198],[126.22739,35.02277],[126.23198,35.02584],[126.23111,35.02904],[126.22912,35.02927],[126.23084,35.03525],[126.22775,35.03809],[126.2351,35.04464],[126.23267,35.05307],[126.2226,35.05788],[126.21336,35.0561],[126.21078,35.05693],[126.20703,35.05458],[126.20434,35.05687],[126.20433,35.05454],[126.20732,35.05197],[126.20978,35.04539],[126.20834,35.04384],[126.20958,35.04094],[126.2056,35.03964],[126.19959,35.05158],[126.19536,35.05296],[126.19416,35.0561],[126.1968,35.05798],[126.20212,35.05858],[126.20395,35.05665],[126.20455,35.05824],[126.20225,35.06164],[126.19868,35.06294],[126.19123,35.06081],[126.19124,35.05931],[126.18225,35.05786],[126.18234,35.06114],[126.17985,35.06594],[126.17667,35.06699],[126.17247,35.06372],[126.17234,35.06528],[126.16944,35.06654],[126.1682,35.07243],[126.16523,35.0674],[126.16156,35.06697],[126.16028,35.07192],[126.16332,35.07401],[126.16144,35.07573],[126.16402,35.07844],[126.16328,35.07963],[126.16714,35.07953],[126.16827,35.08105],[126.16457,35.08457],[126.15838,35.08725],[126.15641,35.09073],[126.15799,35.09111],[126.15879,35.09864],[126.16607,35.10121],[126.16786,35.10407],[126.17273,35.10599],[126.17818,35.10396],[126.18156,35.10886]],[[126.42372,34.72805],[126.41271,34.73241],[126.41054,34.73037],[126.40199,34.7312],[126.39641,34.73377],[126.39179,34.73349],[126.38849,34.72644],[126.46257,34.70953],[126.46956,34.71698],[126.4669,34.71852],[126.46065,34.71802],[126.42975,34.72361],[126.42244,34.72589],[126.42372,34.72805]]],[[[127.75967,34.96041],[127.76834,34.95347],[127.7684,34.94576],[127.76619,34.94162],[127.76858,34.94101],[127.76852,34.9338],[127.74548,34.93389],[127.74013,34.9458],[127.73548,34.93511],[127.73856,34.93187],[127.76515,34.93164],[127.78443,34.91551],[127.78416,34.88658],[127.77617,34.88663],[127.76581,34.89245],[127.76292,34.89179],[127.76196,34.90166],[127.76001,34.90236],[127.76203,34.90389],[127.76099,34.90861],[127.7489,34.90849],[127.74834,34.90664],[127.74397,34.90666],[127.74346,34.90876],[127.73901,34.90846],[127.73814,34.90676],[127.7045,34.91264],[127.70555,34.92364],[127.70437,34.92972],[127.71472,34.93248],[127.71467,34.93705],[127.72481,34.94843],[127.73148,34.95187],[127.73606,34.94715],[127.74012,34.94583],[127.7411,34.94711],[127.73981,34.94862],[127.74192,34.95225],[127.75967,34.96041]]]]}},{"type":"Feature","properties":{"sido":"전북","name":"전북특별자치도","rings":6,"vertices":1229,"dropped_islands":88},"geometry":{"type":"MultiPolygon","coordinates":[[[[126.25577,35.5893],[126.25655,35.58621],[126.2586,35.58583],[126.26025,35.58872],[126.27129,35.59],[126.2715,35.59237],[126.2689,35.59347],[126.25751,35.59335],[126.2586,35.59505],[126.25751,35.59827],[126.25931,35.59875],[126.26028,35.59563],[126.26419,35.59463],[126.26611,35.59748],[126.26892,35.59629],[126.27055,35.59884],[126.27316,35.59876],[126.27294,35.60159],[126.26845,35.60508],[126.27186,35.60534],[126.27135,35.6081],[126.27554,35.60408],[126.27876,35.60597],[126.28019,35.60486],[126.27939,35.60297],[126.28322,35.60374],[126.28492,35.6069],[126.27649,35.61252],[126.2756,35.61574],[126.2779,35.61557],[126.27946,35.61346],[126.28425,35.61398],[126.28789,35.61002],[126.28746,35.60861],[126.29205,35.60941],[126.29084,35.60569],[126.29427,35.60439],[126.29637,35.60707],[126.29716,35.61222],[126.30337,35.61237],[126.30059,35.61749],[126.29993,35.62054],[126.30068,35.61833],[126.30519,35.6175],[126.30396,35.6212],[126.30103,35.6205],[126.30379,35.62158],[126.30732,35.62055],[126.31563,35.61032],[126.31129,35.60383],[126.30471,35.60033],[126.30466,35.59742],[126.30268,35.59518],[126.29896,35.59556],[126.28932,35.59228],[126.28813,35.59044],[126.28921,35.58879],[126.28621,35.58789],[126.2847,35.58494],[126.27943,35.58143],[126.27956,35.58001],[126.27496,35.578],[126.27335,35.57915],[126.26758,35.57662],[126.26669,35.57467],[126.26693,35.57633],[126.2654,35.57587],[126.2627,35.57137],[126.26673,35.56882],[126.26686,35.56717],[126.25894,35.57272],[126.25593,35.57304],[126.25646,35.57613],[126.25327,35.57721],[126.25498,35.57799],[126.25493,35.58042],[126.25096,35.58067],[126.25417,35.58183],[126.25448,35.58384],[126.25043,35.58434],[126.24893,35.58741],[126.25577,35.5893]]],[[[126.4373,35.44997],[126.44211,35.44965],[126.45222,35.46756],[126.46077,35.48053],[126.46248,35.48071],[126.46286,35.48427],[126.47307,35.50201],[126.47273,35.50424],[126.47959,35.51086],[126.48371,35.52047],[126.4861,35.5224],[126.49097,35.51196],[126.49494,35.51121],[126.4961,35.51285],[126.49369,35.51625],[126.49787,35.5168],[126.50033,35.52346],[126.51762,35.53318],[126.52508,35.53215],[126.52631,35.53473],[126.53083,35.53413],[126.53137,35.53279],[126.53551,35.53443],[126.5411,35.53404],[126.54327,35.53262],[126.54165,35.52955],[126.54189,35.52752],[126.54342,35.52727],[126.54359,35.52965],[126.54759,35.53452],[126.54979,35.53369],[126.54882,35.53753],[126.55136,35.53842],[126.55561,35.53646],[126.5625,35.5414],[126.57064,35.54297],[126.57602,35.54086],[126.58707,35.54184],[126.59283,35.53951],[126.59366,35.53753],[126.59193,35.53174],[126.59586,35.52893],[126.59849,35.52441],[126.59707,35.51627],[126.60005,35.52357],[126.59805,35.52865],[126.59423,35.53218],[126.59422,35.53486],[126.60288,35.54223],[126.60295,35.54467],[126.60471,35.54407],[126.60671,35.54568],[126.60715,35.54869],[126.60584,35.54984],[126.61088,35.55495],[126.617,35.55714],[126.6182,35.56112],[126.61744,35.56959],[126.62417,35.56825],[126.62601,35.57087],[126.63211,35.57234],[126.63384,35.5746],[126.63586,35.5717],[126.64754,35.56965],[126.65472,35.56356],[126.65425,35.56093],[126.65781,35.55764],[126.65994,35.55864],[126.66414,35.55471],[126.67323,35.55062],[126.6743,35.54791],[126.67336,35.54258],[126.67444,35.54065],[126.67565,35.54135],[126.67625,35.54901],[126.67081,35.55378],[126.66838,35.5635],[126.67,35.56708],[126.67381,35.56896],[126.66483,35.5764],[126.66091,35.58515],[126.65873,35.58653],[126.65721,35.58667],[126.65119,35.58061],[126.61939,35.58876],[126.61792,35.58703],[126.60989,35.58702],[126.60491,35.58496],[126.60405,35.58654],[126.59393,35.58997],[126.59276,35.58842],[126.58494,35.58787],[126.57585,35.5902],[126.57527,35.58484],[126.56546,35.58519],[126.56165,35.58694],[126.55821,35.58624],[126.55765,35.58481],[126.55726,35.58603],[126.54722,35.58624],[126.54678,35.58385],[126.54591,35.58597],[126.52922,35.57932],[126.51699,35.58076],[126.51752,35.586],[126.51522,35.58791],[126.51068,35.58312],[126.51255,35.5817],[126.51138,35.57964],[126.50906,35.57951],[126.50702,35.58102],[126.50714,35.58323],[126.50042,35.58307],[126.49899,35.58606],[126.49194,35.58623],[126.49185,35.58823],[126.48862,35.58872],[126.48765,35.59609],[126.48557,35.59629],[126.48375,35.59905],[126.48138,35.59801],[126.48186,35.6003],[126.47974,35.60186],[126.47591,35.60346],[126.47384,35.60223],[126.46958,35.60316],[126.46773,35.60059],[126.46978,35.59958],[126.46797,35.59916],[126.46924,35.59828],[126.46671,35.59866],[126.4663,35.60285],[126.4684,35.60185],[126.46844,35.60483],[126.46672,35.60686],[126.46455,35.60534],[126.46486,35.6096],[126.46159,35.61006],[126.46197,35.61539],[126.46371,35.61743],[126.46989,35.6187],[126.46902,35.62273],[126.4639,35.62317],[126.46093,35.62174],[126.46376,35.62321],[126.46545,35.62331],[126.4701,35.62948],[126.46709,35.63511],[126.46072,35.63428],[126.45843,35.63683],[126.46112,35.63608],[126.46574,35.63888],[126.46739,35.64201],[126.46954,35.64089],[126.47491,35.6433],[126.47949,35.64272],[126.48241,35.64536],[126.48158,35.64751],[126.48361,35.64693],[126.49239,35.65482],[126.49755,35.65784],[126.49987,35.65682],[126.51045,35.66505],[126.51456,35.66583],[126.52247,35.67659],[126.52493,35.67782],[126.52866,35.6768],[126.53137,35.68069],[126.53015,35.68255],[126.53258,35.68779],[126.53495,35.69007],[126.53917,35.68913],[126.5543,35.69703],[126.55452,35.7001],[126.53253,35.72604],[126.52381,35.73134],[126.52028,35.73136],[126.52113,35.73329],[126.48237,35.812],[126.47017,35.81092],[126.46316,35.81251],[126.46245,35.81372],[126.46536,35.81767],[126.46475,35.81899],[126.46197,35.81889],[126.45735,35.81475],[126.45376,35.81644],[126.45463,35.81413],[126.45272,35.81187],[126.45696,35.81009],[126.44958,35.80718],[126.44859,35.81376],[126.45028,35.81584],[126.44535,35.81847],[126.44686,35.81972],[126.45153,35.81696],[126.45297,35.81983],[126.44513,35.82312],[126.44808,35.82573],[126.44256,35.82766],[126.44417,35.83021],[126.44325,35.83182],[126.44768,35.83011],[126.45019,35.83184],[126.45738,35.82944],[126.46065,35.82473],[126.47206,35.82342],[126.47583,35.82558],[126.47737,35.8239],[126.49076,35.83791],[126.48785,35.84032],[126.48817,35.84219],[126.4856,35.84568],[126.4969,35.84618],[126.53203,35.93285],[126.52912,35.93344],[126.53128,35.93385],[126.53258,35.93717],[126.52916,35.93832],[126.52657,35.93453],[126.5275,35.93339],[126.52523,35.93535],[126.52538,35.93809],[126.53117,35.94458],[126.52555,35.94443],[126.52247,35.94848],[126.52148,35.9721],[126.51816,35.97219],[126.51293,35.97479],[126.51817,35.97233],[126.52266,35.97254],[126.52358,35.9684],[126.52566,35.96883],[126.52586,35.97362],[126.53471,35.97409],[126.53559,35.96905],[126.54699,35.96964],[126.5472,35.97475],[126.56302,35.97558],[126.5639,35.97203],[126.57631,35.97628],[126.60959,35.97812],[126.61723,35.97749],[126.61846,35.97086],[126.62403,35.97098],[126.62433,35.97711],[126.62212,35.97739],[126.62092,35.97873],[126.64734,35.97902],[126.6673,35.98354],[126.68416,35.98388],[126.69417,35.98752],[126.70595,35.99468],[126.72896,35.98517],[126.73916,35.98666],[126.74726,35.99177],[126.75643,36.00929],[126.74963,36.01301],[126.74156,36.01194],[126.74805,36.02575],[126.76166,36.02603],[126.76971,36.02964],[126.80575,36.03434],[126.81412,36.04128],[126.8211,36.04992],[126.8406,36.05299],[126.86802,36.06243],[126.87081,36.06744],[126.87358,36.0868],[126.87381,36.11044],[126.8822,36.13129],[126.88969,36.13961],[126.89525,36.14245],[126.90413,36.1413],[126.9112,36.13655],[126.91957,36.13629],[126.93112,36.14253],[126.93886,36.15074],[126.95663,36.15657],[126.96303,36.15628],[126.9715,36.15101],[126.98127,36.14791],[126.998,36.14685],[127.00553,36.15053],[127.00635,36.14737],[127.01149,36.14586],[127.01544,36.14876],[127.01743,36.14702],[127.02063,36.13811],[127.02406,36.1365],[127.02971,36.13665],[127.03493,36.13925],[127.03952,36.13868],[127.04251,36.14648],[127.04484,36.14609],[127.04545,36.14305],[127.04391,36.14238],[127.04537,36.1354],[127.05012,36.13416],[127.05093,36.13089],[127.05564,36.13012],[127.05653,36.12676],[127.06301,36.12522],[127.0612,36.1177],[127.06231,36.11595],[127.05895,36.11659],[127.0572,36.11357],[127.05896,36.11078],[127.05803,36.10729],[127.06105,36.10548],[127.06049,36.09429],[127.06309,36.09185],[127.06259,36.08946],[127.07011,36.0876],[127.07182,36.08472],[127.07627,36.08443],[127.07741,36.082],[127.08234,36.07777],[127.08783,36.07556],[127.09014,36.07211],[127.09271,36.07599],[127.09467,36.07335],[127.10203,36.07578],[127.10633,36.07203],[127.10935,36.07259],[127.11269,36.06923],[127.11812,36.06712],[127.12201,36.06325],[127.13201,36.06674],[127.1339,36.0701],[127.13377,36.08149],[127.13519,36.08419],[127.14578,36.09029],[127.1512,36.09004],[127.15291,36.08546],[127.15812,36.0836],[127.16448,36.08544],[127.16882,36.08401],[127.17703,36.09098],[127.17868,36.09423],[127.18244,36.09469],[127.18691,36.09232],[127.19068,36.08777],[127.19803,36.08584],[127.2018,36.0883],[127.2008,36.09162],[127.20384,36.09382],[127.20487,36.10018],[127.21202,36.10065],[127.214,36.0979],[127.21963,36.09673],[127.2259,36.09914],[127.22846,36.09822],[127.23519,36.094],[127.24265,36.08503],[127.24856,36.08305],[127.25453,36.0875],[127.24605,36.09641],[127.24619,36.10479],[127.25021,36.10757],[127.25151,36.11289],[127.25655,36.11301],[127.2581,36.11526],[127.26434,36.10892],[127.27452,36.10742],[127.28528,36.11216],[127.29386,36.11303],[127.29485,36.1178],[127.29687,36.11888],[127.29707,36.12273],[127.30169,36.1252],[127.3054,36.1258],[127.31081,36.12051],[127.31541,36.11914],[127.31855,36.11996],[127.31939,36.12423],[127.32265,36.12679],[127.3228,36.13063],[127.33127,36.12953],[127.33848,36.1305],[127.34427,36.11805],[127.35051,36.11639],[127.35346,36.1134],[127.35492,36.10834],[127.35046,36.10471],[127.34786,36.09809],[127.35012,36.09465],[127.36006,36.08938],[127.35733,36.08678],[127.35707,36.08196],[127.36012,36.07984],[127.36173,36.07617],[127.35948,36.06929],[127.36403,36.06825],[127.36434,36.06577],[127.36067,36.06168],[127.36162,36.05946],[127.36037,36.05455],[127.36511,36.05143],[127.36672,36.04783],[127.37055,36.04564],[127.37364,36.04109],[127.37359,36.03462],[127.37823,36.03062],[127.37654,36.02305],[127.38387,36.02127],[127.38962,36.01636],[127.39202,36.01693],[127.39687,36.01066],[127.40135,36.00893],[127.40732,36.01422],[127.41345,36.0152],[127.41959,36.0227],[127.43456,36.02949],[127.43437,36.02451],[127.4373,36.02065],[127.4352,36.01463],[127.4375,36.01194],[127.43732,36.00936],[127.44499,36.00662],[127.44422,36.00373],[127.44812,35.99892],[127.44877,35.99311],[127.4548,35.98726],[127.45587,35.98395],[127.46383,35.98394],[127.46624,35.98807],[127.46837,35.98809],[127.47453,35.98155],[127.48767,35.97839],[127.49441,35.98618],[127.49934,35.98738],[127.50204,35.98619],[127.50255,35.98362],[127.50689,35.97965],[127.5134,35.98322],[127.51965,35.98324],[127.52465,35.98537],[127.53582,35.99507],[127.53603,36.00069],[127.5321,36.00797],[127.53306,36.00964],[127.53977,36.01152],[127.53613,36.01994],[127.53881,36.02594],[127.5374,36.02704],[127.53711,36.0324],[127.532,36.03457],[127.53142,36.04084],[127.54109,36.03817],[127.54778,36.03821],[127.55243,36.03281],[127.55903,36.03344],[127.56248,36.03083],[127.56633,36.03122],[127.57458,36.02338],[127.58256,36.02723],[127.58977,36.02605],[127.59124,36.02515],[127.59153,36.02104],[127.5963,36.01901],[127.60024,36.01213],[127.60659,36.01191],[127.60675,36.0079],[127.60981,36.00545],[127.61051,36.00116],[127.61414,36.00082],[127.6186,36.00819],[127.61642,36.01901],[127.61097,36.0223],[127.61074,36.02535],[127.61655,36.02632],[127.62298,36.02465],[127.62686,36.02688],[127.62844,36.03195],[127.63168,36.03202],[127.63549,36.02927],[127.63944,36.03273],[127.63268,36.03545],[127.63042,36.04215],[127.62516,36.04231],[127.6191,36.03917],[127.61864,36.05264],[127.62055,36.06421],[127.62392,36.06727],[127.63755,36.06664],[127.63806,36.06867],[127.64455,36.06681],[127.64842,36.06258],[127.64908,36.05802],[127.65444,36.05662],[127.65486,36.05249],[127.65995,36.0422],[127.6595,36.03952],[127.66439,36.03757],[127.67252,36.04158],[127.67053,36.04502],[127.67176,36.0485],[127.66917,36.05115],[127.68555,36.06219],[127.68901,36.06267],[127.69074,36.05834],[127.69509,36.05873],[127.69508,36.04576],[127.69653,36.04115],[127.70209,36.03519],[127.71339,36.03573],[127.71931,36.03191],[127.72504,36.03242],[127.72819,36.03084],[127.73484,36.03232],[127.74133,36.02484],[127.7439,36.02871],[127.7473,36.0297],[127.75503,36.02426],[127.76161,36.02518],[127.76264,36.02157],[127.75938,36.01508],[127.76616,36.01222],[127.78,36.01634],[127.78768,36.01465],[127.79944,36.02607],[127.80556,36.026],[127.81461,36.02901],[127.81771,36.02792],[127.83039,36.03523],[127.83933,36.03597],[127.84857,36.03973],[127.85281,36.03911],[127.85563,36.03304],[127.8606,36.03146],[127.86611,36.02432],[127.87677,36.02251],[127.87571,36.00897],[127.87864,36.0025],[127.87564,35.99701],[127.88644,35.99224],[127.89323,35.98677],[127.89415,35.98463],[127.88977,35.97974],[127.89635,35.97766],[127.89637,35.97191],[127.90037,35.96633],[127.89985,35.96292],[127.90221,35.95707],[127.90386,35.95424],[127.90606,35.954],[127.91133,35.94929],[127.90779,35.94103],[127.89891,35.93756],[127.89568,35.93419],[127.88531,35.93129],[127.88235,35.92901],[127.88364,35.9248],[127.8824,35.91953],[127.88816,35.91482],[127.88786,35.91206],[127.88506,35.90961],[127.87946,35.90982],[127.86927,35.90401],[127.86405,35.90661],[127.85959,35.90635],[127.85827,35.89701],[127.85098,35.89018],[127.85367,35.88134],[127.85106,35.87764],[127.84676,35.87777],[127.84447,35.87529],[127.84486,35.87025],[127.84175,35.86625],[127.83495,35.8669],[127.83251,35.86893],[127.82659,35.86835],[127.82104,35.8644],[127.81944,35.85964],[127.8147,35.85689],[127.81435,35.85389],[127.81191,35.85387],[127.8041,35.85849],[127.79205,35.85241],[127.7877,35.85261],[127.78379,35.85083],[127.77931,35.84734],[127.77723,35.84325],[127.76885,35.83831],[127.76432,35.83883],[127.75776,35.83676],[127.75225,35.84151],[127.74432,35.84411],[127.73783,35.83454],[127.73947,35.82971],[127.73859,35.82708],[127.73327,35.8222],[127.72965,35.813],[127.72453,35.81244],[127.72381,35.8047],[127.72061,35.80196],[127.71939,35.79732],[127.71047,35.79179],[127.70645,35.79197],[127.70034,35.78915],[127.68492,35.77771],[127.67944,35.7685],[127.67571,35.77086],[127.6694,35.77134],[127.66584,35.76878],[127.66236,35.76093],[127.66365,35.75592],[127.66186,35.74924],[127.66313,35.74158],[127.66046,35.73739],[127.66345,35.72505],[127.65993,35.71606],[127.66099,35.70986],[127.6575,35.7058],[127.6555,35.70632],[127.6494,35.70352],[127.64975,35.70141],[127.64514,35.69859],[127.64529,35.69595],[127.64192,35.69275],[127.64236,35.6899],[127.63981,35.68614],[127.64021,35.67216],[127.63787,35.66896],[127.62901,35.66398],[127.62794,35.662],[127.62948,35.65664],[127.62242,35.65121],[127.62035,35.64674],[127.62025,35.64167],[127.62331,35.6396],[127.62515,35.63574],[127.62435,35.63173],[127.63533,35.61848],[127.62907,35.61819],[127.6256,35.61491],[127.62121,35.61503],[127.61822,35.61041],[127.61305,35.60826],[127.61291,35.59884],[127.60911,35.59785],[127.60759,35.5949],[127.61119,35.58389],[127.6066,35.58176],[127.60484,35.57758],[127.59609,35.57363],[127.59234,35.56686],[127.58879,35.56472],[127.58561,35.55446],[127.59071,35.55404],[127.5941,35.54807],[127.59863,35.54759],[127.60069,35.54506],[127.60653,35.54286],[127.61262,35.53568],[127.61915,35.5366],[127.62098,35.53387],[127.62455,35.53369],[127.62869,35.53598],[127.62881,35.53372],[127.62538,35.53142],[127.62567,35.52556],[127.63096,35.52056],[127.63441,35.52022],[127.63315,35.51516],[127.63415,35.5124],[127.6363,35.51174],[127.6375,35.5082],[127.64182,35.50507],[127.64438,35.49904],[127.65039,35.4979],[127.65008,35.49111],[127.65311,35.48687],[127.63675,35.4784],[127.63789,35.47024],[127.63581,35.46869],[127.63673,35.45934],[127.64514,35.44938],[127.65339,35.45158],[127.66113,35.44757],[127.67045,35.44872],[127.67407,35.44572],[127.67068,35.43962],[127.66526,35.43578],[127.66577,35.42743],[127.66388,35.42624],[127.66047,35.41443],[127.65677,35.41381],[127.64645,35.40266],[127.63706,35.40104],[127.62533,35.38475],[127.62565,35.37691],[127.62128,35.37221],[127.61272,35.36895],[127.6103,35.36609],[127.61223,35.35591],[127.61586,35.34999],[127.6206,35.34725],[127.62333,35.34217],[127.62074,35.33249],[127.6152,35.33074],[127.60776,35.32508],[127.60478,35.31838],[127.58567,35.30914],[127.57748,35.3089],[127.5726,35.31208],[127.56773,35.31855],[127.55485,35.32198],[127.55213,35.32485],[127.54229,35.32849],[127.54068,35.33431],[127.53096,35.33604],[127.52449,35.34485],[127.51666,35.34728],[127.51393,35.35116],[127.50806,35.35318],[127.5001,35.35922],[127.4857,35.35835],[127.48073,35.36167],[127.48002,35.36373],[127.47061,35.36531],[127.46594,35.36353],[127.45863,35.36357],[127.45411,35.36075],[127.44372,35.36095],[127.44105,35.36374],[127.43696,35.36264],[127.42988,35.35755],[127.42472,35.35206],[127.42135,35.35068],[127.42016,35.34523],[127.40879,35.32756],[127.40608,35.32441],[127.40108,35.32262],[127.39911,35.31686],[127.39283,35.31265],[127.3927,35.30735],[127.38457,35.30246],[127.38009,35.30368],[127.37552,35.3122],[127.37073,35.31457],[127.36769,35.31416],[127.35917,35.3205],[127.35429,35.32226],[127.34841,35.31864],[127.33935,35.31781],[127.33646,35.31491],[127.33079,35.31489],[127.32946,35.31105],[127.32512,35.30975],[127.32347,35.30741],[127.30925,35.30449],[127.30609,35.30462],[127.29877,35.30961],[127.28676,35.31401],[127.25717,35.31246],[127.23552,35.32924],[127.23279,35.33334],[127.22202,35.33489],[127.21656,35.3304],[127.21271,35.31735],[127.20974,35.31557],[127.20423,35.31556],[127.19905,35.31665],[127.19668,35.31933],[127.18773,35.32258],[127.18391,35.32988],[127.18605,35.33666],[127.17593,35.33122],[127.17296,35.33047],[127.17018,35.33275],[127.16084,35.32769],[127.15405,35.32253],[127.1517,35.31786],[127.14668,35.31542],[127.14547,35.30898],[127.1304,35.30908],[127.12698,35.30716],[127.12599,35.30323],[127.11627,35.29977],[127.10523,35.29923],[127.10165,35.30168],[127.09679,35.3018],[127.07991,35.31051],[127.07182,35.31241],[127.06806,35.31142],[127.06177,35.31711],[127.05447,35.31789],[127.05091,35.31672],[127.04621,35.3186],[127.04309,35.32189],[127.05086,35.32934],[127.05051,35.3348],[127.05243,35.33605],[127.05233,35.34027],[127.05525,35.34106],[127.0585,35.33753],[127.06247,35.33627],[127.06997,35.33951],[127.07022,35.34157],[127.06717,35.34564],[127.06971,35.35172],[127.06517,35.35655],[127.07049,35.36516],[127.06359,35.3699],[127.06476,35.37584],[127.06196,35.37703],[127.05644,35.38411],[127.05055,35.37803],[127.04373,35.37826],[127.0391,35.38014],[127.03948,35.38407],[127.03604,35.38602],[127.03446,35.38934],[127.03076,35.38982],[127.02746,35.39468],[127.02702,35.39986],[127.03289,35.4005],[127.04168,35.39873],[127.04689,35.40241],[127.04719,35.40465],[127.04514,35.40722],[127.0521,35.42634],[127.04908,35.43095],[127.04595,35.43135],[127.04456,35.43345],[127.04018,35.43179],[127.03735,35.43386],[127.03817,35.43763],[127.03499,35.44765],[127.03492,35.45699],[127.03649,35.45996],[127.03464,35.46631],[127.02748,35.46371],[127.024,35.46423],[127.01429,35.45782],[127.00992,35.46165],[127.00328,35.46436],[126.99997,35.4628],[126.99812,35.45734],[127.0002,35.45245],[126.99797,35.44608],[126.99497,35.44353],[126.99455,35.4398],[126.98523,35.43658],[126.98341,35.43362],[126.98507,35.43006],[126.98291,35.42987],[126.98162,35.42665],[126.97692,35.42814],[126.97129,35.42731],[126.97029,35.41989],[126.97165,35.4142],[126.97598,35.40727],[126.9761,35.40005],[126.9631,35.39495],[126.95446,35.39662],[126.95221,35.39497],[126.94876,35.39608],[126.9448,35.39445],[126.94129,35.39413],[126.94016,35.39567],[126.93561,35.39435],[126.93293,35.39525],[126.93269,35.39804],[126.93,35.40019],[126.93207,35.40186],[126.93303,35.40584],[126.91743,35.40214],[126.91661,35.40492],[126.92021,35.41105],[126.91601,35.41585],[126.90882,35.41541],[126.90783,35.41995],[126.90307,35.42063],[126.90188,35.42332],[126.90406,35.42955],[126.89762,35.43294],[126.89745,35.43475],[126.90429,35.44072],[126.89964,35.4427],[126.8965,35.44802],[126.88414,35.45131],[126.88103,35.45587],[126.87648,35.45683],[126.87483,35.45938],[126.8696,35.46156],[126.86324,35.46121],[126.85035,35.46571],[126.84253,35.46383],[126.84068,35.46108],[126.83791,35.46453],[126.84146,35.46708],[126.84022,35.46895],[126.84301,35.47856],[126.83175,35.48026],[126.82801,35.48602],[126.82352,35.48683],[126.81405,35.48427],[126.81295,35.47622],[126.81533,35.47375],[126.81397,35.4688],[126.79235,35.46763],[126.7819,35.47058],[126.77111,35.46716],[126.76504,35.46705],[126.75783,35.46232],[126.7556,35.45577],[126.7495,35.45135],[126.74445,35.45116],[126.74109,35.45288],[126.73789,35.44972],[126.7437,35.44084],[126.74819,35.43993],[126.75173,35.4359],[126.7512,35.43253],[126.75267,35.42949],[126.75152,35.42286],[126.75433,35.41988],[126.7542,35.4165],[126.74874,35.41562],[126.74451,35.40875],[126.73768,35.40596],[126.73714,35.40358],[126.72245,35.39979],[126.72257,35.39789],[126.72657,35.39716],[126.72963,35.39461],[126.73219,35.38319],[126.73126,35.37688],[126.7225,35.36686],[126.71683,35.36462],[126.70463,35.36489],[126.69937,35.34959],[126.69178,35.35136],[126.68573,35.34424],[126.6821,35.34715],[126.6665,35.35139],[126.6644,35.34571],[126.66013,35.34415],[126.6596,35.33455],[126.65754,35.33447],[126.65173,35.32682],[126.64711,35.32841],[126.64507,35.32749],[126.64698,35.32474],[126.6448,35.31977],[126.62642,35.32135],[126.61916,35.32442],[126.61564,35.32841],[126.60815,35.33172],[126.60432,35.33544],[126.59933,35.3306],[126.5954,35.32905],[126.59236,35.33061],[126.58497,35.33017],[126.58075,35.32389],[126.58333,35.31819],[126.58167,35.31667],[126.58945,35.31751],[126.58865,35.31387],[126.59068,35.31082],[126.58896,35.31046],[126.58805,35.30565],[126.58491,35.30079],[126.57733,35.30387],[126.57268,35.31011],[126.56837,35.31124],[126.56358,35.30906],[126.56099,35.31177],[126.55312,35.31216],[126.55102,35.31366],[126.54807,35.31337],[126.54339,35.30982],[126.53938,35.31053],[126.53233,35.30674],[126.52977,35.30873],[126.5292,35.31242],[126.52438,35.31349],[126.5233,35.3154],[126.52307,35.32068],[126.52093,35.325],[126.51381,35.32701],[126.51343,35.32949],[126.51569,35.32969],[126.51745,35.334],[126.5172,35.33852],[126.52051,35.34829],[126.51388,35.35643],[126.51273,35.3616],[126.50815,35.36159],[126.49934,35.35476],[126.49695,35.35005],[126.49355,35.35039],[126.49214,35.35411],[126.49609,35.35769],[126.49523,35.36239],[126.49729,35.36502],[126.49601,35.37067],[126.49742,35.37311],[126.49241,35.37399],[126.48622,35.37758],[126.48328,35.38056],[126.48281,35.38468],[126.47738,35.38618],[126.48952,35.39358],[126.48939,35.39824],[126.49143,35.40019],[126.49094,35.40415],[126.49284,35.40764],[126.49168,35.41121],[126.48742,35.41314],[126.48596,35.41616],[126.47971,35.42086],[126.47949,35.42654],[126.47607,35.42927],[126.46855,35.42515],[126.45336,35.42688],[126.44772,35.42969],[126.44948,35.43154],[126.44588,35.43259],[126.44715,35.43504],[126.44129,35.43567],[126.43196,35.43201],[126.42922,35.43577],[126.43447,35.44252],[126.4373,35.44997]],[[127.12941,35.8985],[127.14481,35.89002],[127.14655,35.89138],[127.1452,35.89591],[127.13982,35.89833],[127.137,35.90194],[127.12251,35.90162],[127.12102,35.90305],[127.11049,35.89798],[127.08701,35.8933],[127.08681,35.89174],[127.08985,35.89038],[127.12941,35.8985]],[[127.04763,35.89275],[127.0428,35.89809],[127.02753,35.89796],[127.02028,35.89639],[127.01954,35.89421],[127.01344,35.89554],[127.00112,35.89329],[127.00156,35.89006],[127.03926,35.89047],[127.04763,35.89275]],[[126.48344,35.81339],[126.51959,35.73786],[126.52714,35.73099],[126.53168,35.73082],[126.53225,35.72819],[126.55804,35.69839],[126.56805,35.69385],[126.56677,35.69182],[126.56972,35.68739],[126.57169,35.69067],[126.56866,35.69284],[126.57664,35.70026],[126.58023,35.70109],[126.58423,35.70719],[126.58921,35.70811],[126.59737,35.7146],[126.61157,35.73357],[126.61115,35.73606],[126.62255,35.74377],[126.62571,35.74691],[126.62458,35.74878],[126.62616,35.74745],[126.62852,35.74901],[126.62559,35.77745],[126.62726,35.7808],[126.62137,35.78688],[126.62488,35.78949],[126.62691,35.79483],[126.63168,35.79791],[126.63146,35.79949],[126.63744,35.79879],[126.63896,35.79414],[126.64231,35.7953],[126.64367,35.79349],[126.65284,35.79195],[126.68955,35.79555],[126.69739,35.79811],[126.70636,35.79697],[126.69155,35.82532],[126.68983,35.84136],[126.68345,35.84202],[126.67649,35.86986],[126.67453,35.88838],[126.66749,35.88359],[126.63027,35.88589],[126.62968,35.89071],[126.62882,35.88646],[126.62543,35.88757],[126.62271,35.88632],[126.61971,35.88834],[126.61801,35.8879],[126.61818,35.88623],[126.6124,35.88634],[126.61481,35.89041],[126.61064,35.91731],[126.61211,35.933],[126.61452,35.93348],[126.61682,35.94094],[126.61579,35.94263],[126.59389,35.94684],[126.59351,35.94843],[126.54098,35.94297],[126.54187,35.93911],[126.53962,35.93561],[126.54089,35.93234],[126.53424,35.93366],[126.49893,35.848],[126.50083,35.84361],[126.49951,35.83776],[126.48116,35.81974],[126.48162,35.81862],[126.48743,35.81712],[126.48344,35.81339]]],[[[125.98195,36.12497],[125.98521,36.12217],[125.99259,36.12177],[125.99384,36.11855],[125.99069,36.11281],[125.9886,36.11433],[125.98816,36.11986],[125.98227,36.12086],[125.98128,36.11969],[125.98238,36.11647],[125.98496,36.11672],[125.98333,36.11607],[125.98366,36.11454],[125.98739,36.11357],[125.98097,36.1128],[125.9783,36.11056],[125.97798,36.11253],[125.97473,36.11259],[125.97043,36.1168],[125.97006,36.12129],[125.96685,36.12693],[125.97268,36.1277],[125.98195,36.12497]]]]}},{"type":"Feature","properties":{"sido":"제주","name":"제주특별자치도","rings":3,"vertices":629,"dropped_islands":55},"geometry":{"type":"MultiPolygon","coordinates":[[[[126.16789,33.29891],[126.1637,33.30797],[126.1666,33.31539],[126.16855,33.31685],[126.16651,33.32338],[126.16288,33.3246],[126.16303,33.32867],[126.16513,33.32903],[126.16565,33.33147],[126.16185,33.33385],[126.16722,33.33899],[126.16594,33.3417],[126.17161,33.34247],[126.16932,33.34359],[126.16943,33.34557],[126.1725,33.34296],[126.17865,33.34577],[126.17782,33.34776],[126.17806,33.34955],[126.18037,33.34909],[126.18091,33.35081],[126.17957,33.35173],[126.18188,33.35401],[126.18121,33.35851],[126.18397,33.35843],[126.18451,33.35977],[126.18713,33.35874],[126.19113,33.3632],[126.19571,33.36382],[126.19749,33.36594],[126.20047,33.3652],[126.2058,33.36901],[126.20749,33.37289],[126.21333,33.37504],[126.21638,33.37881],[126.21511,33.38181],[126.22152,33.38655],[126.22205,33.39063],[126.22671,33.38973],[126.22754,33.39182],[126.22985,33.38948],[126.23451,33.38933],[126.23801,33.394],[126.24205,33.39548],[126.24323,33.39885],[126.25028,33.40108],[126.25021,33.4048],[126.25239,33.40769],[126.2586,33.40933],[126.25398,33.41269],[126.25313,33.41566],[126.25577,33.41276],[126.26003,33.4168],[126.26283,33.41672],[126.26189,33.41964],[126.26023,33.41961],[126.262,33.42067],[126.2606,33.42315],[126.25821,33.42175],[126.25846,33.41795],[126.2577,33.41716],[126.25191,33.41705],[126.25769,33.41732],[126.25776,33.42047],[126.25813,33.42177],[126.25885,33.42279],[126.26299,33.42381],[126.26376,33.42717],[126.2618,33.4289],[126.26345,33.43061],[126.26223,33.434],[126.26335,33.43582],[126.27143,33.43734],[126.27331,33.43513],[126.27811,33.44368],[126.28007,33.44225],[126.28343,33.44258],[126.28467,33.44468],[126.29234,33.44348],[126.29402,33.44528],[126.29276,33.4465],[126.2987,33.44677],[126.30263,33.44907],[126.30629,33.45215],[126.31079,33.45976],[126.30842,33.46584],[126.31145,33.46805],[126.31396,33.46922],[126.31922,33.46709],[126.32721,33.47016],[126.32537,33.46758],[126.3319,33.46914],[126.33338,33.46691],[126.33798,33.46716],[126.34052,33.47039],[126.34735,33.4736],[126.35151,33.47299],[126.35379,33.47767],[126.35955,33.47965],[126.36914,33.4783],[126.37733,33.4843],[126.38039,33.48425],[126.38551,33.48898],[126.39064,33.48935],[126.39294,33.48522],[126.39949,33.48307],[126.40355,33.48588],[126.40738,33.48511],[126.40826,33.48819],[126.41092,33.49016],[126.41844,33.48916],[126.42061,33.49218],[126.42672,33.49576],[126.42795,33.49602],[126.42735,33.49404],[126.43043,33.49393],[126.44077,33.4961],[126.44508,33.49865],[126.45008,33.49875],[126.45044,33.49717],[126.45238,33.49716],[126.45492,33.4991],[126.45203,33.50185],[126.45364,33.5043],[126.45757,33.50351],[126.46046,33.50548],[126.46266,33.5031],[126.46394,33.50911],[126.46471,33.50967],[126.47702,33.50935],[126.4788,33.51093],[126.47995,33.50968],[126.48334,33.51093],[126.48594,33.51737],[126.49509,33.52064],[126.5013,33.51895],[126.50141,33.51746],[126.5112,33.51561],[126.51452,33.51599],[126.51792,33.51942],[126.528,33.51817],[126.5286,33.51937],[126.53455,33.52359],[126.5407,33.53223],[126.53589,33.52525],[126.53717,33.52483],[126.5293,33.51977],[126.52899,33.51741],[126.53161,33.51735],[126.53281,33.51962],[126.5356,33.51999],[126.53723,33.5231],[126.53922,33.52202],[126.54102,33.52426],[126.54263,33.52308],[126.54307,33.52785],[126.54162,33.52946],[126.5443,33.52706],[126.54478,33.52203],[126.55082,33.52044],[126.5589,33.52261],[126.56191,33.52732],[126.56536,33.52547],[126.56882,33.52712],[126.5732,33.52527],[126.57467,33.52725],[126.57644,33.52795],[126.5782,33.52792],[126.57741,33.52671],[126.58003,33.52478],[126.58628,33.52566],[126.5891,33.52901],[126.58996,33.53322],[126.59105,33.53262],[126.59772,33.53768],[126.60309,33.53491],[126.60905,33.53492],[126.61316,33.53813],[126.61903,33.53755],[126.62264,33.53944],[126.6261,33.53625],[126.62791,33.54023],[126.62864,33.5372],[126.63482,33.53618],[126.6338,33.53849],[126.63559,33.53995],[126.6327,33.54219],[126.63431,33.54249],[126.6351,33.54521],[126.63919,33.54574],[126.63989,33.54759],[126.63854,33.54895],[126.64355,33.55199],[126.64465,33.55552],[126.65024,33.55345],[126.64838,33.54904],[126.65117,33.54898],[126.65293,33.55242],[126.65671,33.54808],[126.66691,33.54277],[126.66809,33.54432],[126.67413,33.54475],[126.67466,33.54922],[126.67778,33.55244],[126.68047,33.5523],[126.6835,33.54855],[126.68932,33.54861],[126.69092,33.55117],[126.71393,33.5553],[126.71435,33.55375],[126.71633,33.55358],[126.7195,33.55752],[126.72574,33.55792],[126.72756,33.56003],[126.73596,33.55829],[126.73772,33.56045],[126.74088,33.5611],[126.73709,33.55941],[126.738,33.55484],[126.7424,33.55659],[126.74157,33.55841],[126.73935,33.55758],[126.74026,33.5601],[126.74251,33.55777],[126.75265,33.558],[126.7538,33.55924],[126.76019,33.55715],[126.76187,33.5591],[126.76166,33.56228],[126.76577,33.56573],[126.76887,33.56398],[126.78361,33.56461],[126.78412,33.56194],[126.79342,33.55953],[126.79511,33.55647],[126.79831,33.55504],[126.80244,33.55785],[126.8051,33.55667],[126.80892,33.55765],[126.8145,33.56126],[126.82664,33.55881],[126.82537,33.55467],[126.82906,33.55051],[126.82723,33.5478],[126.82787,33.54386],[126.83092,33.5432],[126.8313,33.54003],[126.8349,33.54079],[126.84095,33.53649],[126.84078,33.53321],[126.84258,33.53417],[126.85133,33.53233],[126.85167,33.52964],[126.858,33.53055],[126.85674,33.52676],[126.86127,33.5247],[126.86488,33.52553],[126.86639,33.5289],[126.88175,33.52924],[126.88431,33.52668],[126.89167,33.52779],[126.90049,33.52143],[126.89917,33.5202],[126.90407,33.52073],[126.9046,33.5195],[126.90121,33.51899],[126.90117,33.51519],[126.8985,33.51325],[126.89944,33.51006],[126.90661,33.51063],[126.91155,33.50808],[126.91361,33.50243],[126.91143,33.49921],[126.91363,33.49627],[126.91234,33.49751],[126.91232,33.49559],[126.90926,33.49589],[126.91064,33.48868],[126.90757,33.48751],[126.90482,33.48873],[126.90235,33.48606],[126.90185,33.48193],[126.90489,33.479],[126.90356,33.47814],[126.91012,33.47972],[126.91229,33.47266],[126.91707,33.47193],[126.92035,33.46936],[126.9269,33.47338],[126.92481,33.47029],[126.92595,33.4689],[126.92183,33.46855],[126.92092,33.46529],[126.9158,33.46303],[126.9169,33.46178],[126.92205,33.46309],[126.92152,33.45921],[126.92362,33.45531],[126.92845,33.45794],[126.92776,33.4603],[126.9318,33.46427],[126.9278,33.46867],[126.92952,33.47177],[126.92821,33.47313],[126.93495,33.47363],[126.93591,33.47824],[126.93465,33.4707],[126.93629,33.46845],[126.93624,33.46406],[126.93854,33.4632],[126.9384,33.46146],[126.94478,33.45957],[126.94546,33.45739],[126.9418,33.4562],[126.93334,33.46072],[126.92475,33.4535],[126.92082,33.4452],[126.92183,33.43867],[126.92444,33.43486],[126.931,33.4329],[126.93507,33.42951],[126.93057,33.42334],[126.92914,33.42357],[126.92332,33.42757],[126.92606,33.43002],[126.92366,33.43452],[126.91632,33.43464],[126.91609,33.42906],[126.91965,33.42742],[126.91648,33.42736],[126.914,33.42445],[126.914,33.42214],[126.91132,33.41986],[126.91074,33.41452],[126.90828,33.41207],[126.90749,33.40698],[126.90288,33.40323],[126.90576,33.40259],[126.90399,33.40085],[126.90627,33.39789],[126.90555,33.39165],[126.88411,33.38466],[126.88142,33.38304],[126.88224,33.38195],[126.88076,33.3794],[126.87111,33.37236],[126.87249,33.36941],[126.87179,33.36628],[126.86715,33.36392],[126.86842,33.3555],[126.86308,33.3487],[126.85931,33.34719],[126.85767,33.34325],[126.85904,33.34186],[126.85913,33.34133],[126.85676,33.34304],[126.8557,33.34075],[126.85827,33.34091],[126.85563,33.33885],[126.85303,33.33913],[126.84875,33.33539],[126.84708,33.33569],[126.84152,33.33024],[126.83702,33.32959],[126.83782,33.32598],[126.84682,33.32771],[126.84705,33.32088],[126.83711,33.31463],[126.8375,33.3125],[126.83114,33.30977],[126.82894,33.30646],[126.82251,33.30601],[126.81625,33.30798],[126.80822,33.30301],[126.80478,33.30281],[126.80544,33.30531],[126.80337,33.30442],[126.80334,33.30284],[126.79377,33.30493],[126.78869,33.30375],[126.78631,33.30639],[126.77614,33.30703],[126.77332,33.30209],[126.76677,33.29916],[126.76334,33.29232],[126.75375,33.28744],[126.75158,33.28865],[126.75293,33.28561],[126.75234,33.28426],[126.75262,33.28582],[126.75084,33.28636],[126.75159,33.28458],[126.74957,33.28473],[126.74335,33.27885],[126.7378,33.2793],[126.73336,33.28182],[126.73078,33.27932],[126.72351,33.27894],[126.72137,33.27645],[126.72011,33.27764],[126.7195,33.27614],[126.71329,33.27635],[126.69152,33.2694],[126.68129,33.27101],[126.67818,33.27056],[126.67667,33.2683],[126.66877,33.2714],[126.665,33.27061],[126.66322,33.26826],[126.6598,33.26656],[126.66393,33.2697],[126.6612,33.27121],[126.66242,33.2739],[126.65856,33.27413],[126.66082,33.2686],[126.65278,33.26992],[126.65049,33.26808],[126.64395,33.26703],[126.64111,33.26498],[126.64262,33.26351],[126.63942,33.26051],[126.64056,33.2588],[126.63952,33.25789],[126.63148,33.25436],[126.62822,33.25478],[126.62707,33.2522],[126.61963,33.24992],[126.61889,33.24412],[126.61721,33.24226],[126.60512,33.23959],[126.59908,33.23617],[126.59344,33.23807],[126.59176,33.23931],[126.59223,33.24121],[126.58589,33.24473],[126.58141,33.24377],[126.57191,33.24498],[126.56873,33.24333],[126.5665,33.24058],[126.57089,33.23554],[126.56741,33.23284],[126.56981,33.23612],[126.56737,33.23535],[126.568,33.23765],[126.56176,33.2399],[126.56083,33.24315],[126.55901,33.23864],[126.55996,33.23744],[126.56279,33.23819],[126.56407,33.23498],[126.55876,33.23637],[126.55951,33.2376],[126.55763,33.23998],[126.55085,33.24174],[126.54701,33.23869],[126.54491,33.2402],[126.54351,33.23892],[126.53934,33.24196],[126.53235,33.23953],[126.52081,33.24135],[126.51673,33.2363],[126.50818,33.23087],[126.49148,33.2331],[126.49038,33.23193],[126.49184,33.22715],[126.49077,33.2258],[126.49006,33.23014],[126.48839,33.22945],[126.48911,33.2269],[126.48765,33.22881],[126.47975,33.22595],[126.48339,33.22227],[126.49073,33.22298],[126.49474,33.22206],[126.48319,33.22194],[126.47835,33.22675],[126.47116,33.22647],[126.46364,33.23175],[126.46235,33.23758],[126.45726,33.24143],[126.44992,33.24153],[126.44256,33.23743],[126.4378,33.23828],[126.4328,33.234],[126.43017,33.23618],[126.42428,33.23751],[126.41777,33.24396],[126.41554,33.24343],[126.41319,33.24565],[126.40973,33.24585],[126.40512,33.24352],[126.40246,33.24397],[126.38411,33.23358],[126.37993,33.23471],[126.37814,33.2326],[126.37568,33.23403],[126.37017,33.23173],[126.36496,33.23235],[126.36073,33.23671],[126.35746,33.23726],[126.35076,33.23518],[126.34427,33.23726],[126.33752,33.23635],[126.33692,33.23505],[126.33368,33.23414],[126.33534,33.23507],[126.33275,33.23693],[126.33422,33.23758],[126.33444,33.2404],[126.33091,33.24119],[126.32859,33.23926],[126.32837,33.2359],[126.32812,33.24082],[126.32684,33.24135],[126.31521,33.23665],[126.31537,33.23159],[126.31128,33.23281],[126.30867,33.22741],[126.30635,33.22614],[126.30478,33.22785],[126.3013,33.22692],[126.29444,33.22024],[126.29335,33.21691],[126.29435,33.21376],[126.29236,33.21198],[126.29132,33.20579],[126.28973,33.20517],[126.29303,33.20212],[126.29427,33.1973],[126.2884,33.19565],[126.28716,33.2],[126.2842,33.20121],[126.27601,33.20018],[126.27373,33.19714],[126.27026,33.19603],[126.26248,33.19946],[126.26465,33.20527],[126.2632,33.20995],[126.25985,33.21135],[126.25944,33.20947],[126.2561,33.20892],[126.25943,33.20693],[126.25655,33.20749],[126.25288,33.21407],[126.25033,33.21383],[126.25079,33.21628],[126.24911,33.21479],[126.24715,33.21693],[126.24799,33.21874],[126.24675,33.22079],[126.23945,33.2252],[126.24168,33.22551],[126.24125,33.22885],[126.23833,33.22924],[126.23544,33.23581],[126.23148,33.23631],[126.22923,33.23739],[126.22823,33.24017],[126.21938,33.24352],[126.21215,33.24303],[126.20305,33.24624],[126.1928,33.25472],[126.18341,33.25946],[126.17906,33.26817],[126.17178,33.27359],[126.17213,33.27517],[126.16875,33.27659],[126.17013,33.27853],[126.16926,33.28183],[126.16291,33.28555],[126.16165,33.29227],[126.16789,33.29891]]],[[[126.94456,33.51278],[126.94913,33.51499],[126.94843,33.52284],[126.95422,33.5245],[126.96156,33.51844],[126.95792,33.51635],[126.95869,33.51259],[126.96988,33.51505],[126.96605,33.51398],[126.96507,33.51222],[126.97043,33.49916],[126.96861,33.49699],[126.96622,33.49721],[126.96625,33.49074],[126.96083,33.49138],[126.95924,33.49315],[126.95639,33.49123],[126.95001,33.49168],[126.9505,33.49383],[126.94358,33.49504],[126.94462,33.49795],[126.94129,33.50663],[126.94349,33.50811],[126.94456,33.51278]]],[[[126.31063,33.95215],[126.31342,33.95488],[126.3258,33.95129],[126.33132,33.95368],[126.33194,33.95607],[126.33722,33.95689],[126.34161,33.95509],[126.33783,33.95282],[126.34183,33.94972],[126.34164,33.9466],[126.33505,33.94642],[126.33397,33.94403],[126.33045,33.9448],[126.32952,33.93912],[126.3299,33.94408],[126.32747,33.94493],[126.32383,33.94037],[126.32456,33.93811],[126.32818,33.93951],[126.32442,33.93604],[126.32532,33.93466],[126.32994,33.93449],[126.33082,33.93322],[126.32931,33.93061],[126.32219,33.93],[126.32001,33.93577],[126.31731,33.93771],[126.31655,33.94157],[126.31207,33.94444],[126.31133,33.94701],[126.30404,33.94992],[126.30453,33.95313],[126.31063,33.95215]]]]}},{"type":"Feature","properties":{"sido":"충남","name":"충청남도","rings":11,"vertices":1898,"dropped_islands":225},"geometry":{"type":"MultiPolygon","coordinates":[[[[126.3415,36.33349],[126.34353,36.3375],[126.34186,36.33812],[126.34444,36.33825],[126.3458,36.34071],[126.3495,36.34088],[126.35178,36.34322],[126.35222,36.34735],[126.35103,36.34842],[126.35345,36.34968],[126.35446,36.35331],[126.35257,36.35496],[126.35571,36.3558],[126.36131,36.35148],[126.36478,36.35242],[126.36054,36.34931],[126.36044,36.34156],[126.36185,36.33932],[126.3704,36.33507],[126.36129,36.33168],[126.36047,36.32982],[126.36228,36.32643],[126.35802,36.32603],[126.35854,36.32855],[126.35042,36.33176],[126.34677,36.33167],[126.34334,36.32702],[126.34251,36.32912],[126.34026,36.32979],[126.34331,36.33223],[126.3415,36.33349]]],[[[126.39792,36.3771],[126.40663,36.37664],[126.40982,36.37189],[126.41492,36.371],[126.41768,36.37252],[126.41194,36.37887],[126.41284,36.38088],[126.41773,36.38318],[126.42094,36.38012],[126.42235,36.38158],[126.42014,36.38435],[126.43089,36.38522],[126.43504,36.38439],[126.43356,36.38387],[126.4343,36.38001],[126.43133,36.37726],[126.43506,36.37508],[126.43869,36.37545],[126.438,36.37178],[126.4313,36.36947],[126.4316,36.36798],[126.43874,36.36364],[126.44588,36.36346],[126.44363,36.36156],[126.44553,36.36006],[126.45054,36.36222],[126.4532,36.36052],[126.45498,36.36214],[126.45929,36.36205],[126.46094,36.36013],[126.45847,36.35864],[126.45801,36.35572],[126.45347,36.35757],[126.44375,36.35546],[126.4423,36.35665],[126.44319,36.35906],[126.43842,36.36133],[126.43475,36.36202],[126.4346,36.36068],[126.43301,36.36266],[126.42532,36.36381],[126.42089,36.36272],[126.41907,36.36453],[126.41168,36.36593],[126.40787,36.36471],[126.40491,36.36698],[126.39613,36.36872],[126.39066,36.36549],[126.38561,36.36685],[126.38393,36.37052],[126.38589,36.37978],[126.39735,36.38178],[126.39792,36.3771]]],[[[126.31914,36.5841],[126.32296,36.58316],[126.32195,36.5848],[126.32452,36.58788],[126.32311,36.59007],[126.32444,36.59278],[126.32306,36.59359],[126.32383,36.59577],[126.32228,36.59845],[126.33155,36.60219],[126.33527,36.60585],[126.33788,36.60479],[126.33732,36.60696],[126.33857,36.6076],[126.3416,36.60817],[126.34373,36.6065],[126.34292,36.6051],[126.34753,36.60456],[126.34939,36.60926],[126.34801,36.61101],[126.35437,36.60961],[126.35575,36.6117],[126.35998,36.61274],[126.36022,36.61129],[126.36563,36.60981],[126.36735,36.6073],[126.36633,36.60019],[126.37296,36.59633],[126.37284,36.59461],[126.37009,36.59377],[126.37214,36.58927],[126.37579,36.589],[126.37381,36.58283],[126.37556,36.57958],[126.36902,36.57529],[126.36362,36.57728],[126.35895,36.57207],[126.36267,36.56735],[126.36618,36.56642],[126.36857,36.56804],[126.37502,36.56439],[126.37358,36.56175],[126.37552,36.55926],[126.37441,36.5578],[126.37969,36.54945],[126.37847,36.5433],[126.37496,36.54253],[126.37657,36.53362],[126.38017,36.5333],[126.38042,36.52868],[126.38346,36.52875],[126.38656,36.52668],[126.38679,36.52429],[126.38645,36.52104],[126.37851,36.5185],[126.38147,36.51445],[126.38605,36.51559],[126.38919,36.51519],[126.38998,36.51356],[126.39424,36.51478],[126.39476,36.51325],[126.39168,36.51133],[126.39125,36.50922],[126.3927,36.50857],[126.39758,36.51134],[126.39774,36.50699],[126.402,36.50626],[126.40171,36.50212],[126.40348,36.49854],[126.39939,36.49656],[126.39905,36.4884],[126.40343,36.49039],[126.40664,36.48749],[126.40984,36.49275],[126.40931,36.48689],[126.4077,36.48512],[126.40921,36.48228],[126.40876,36.47456],[126.41641,36.46749],[126.41559,36.4653],[126.41727,36.46471],[126.41684,36.46184],[126.41154,36.46064],[126.41104,36.45809],[126.40646,36.45321],[126.41418,36.4513],[126.4222,36.44608],[126.42149,36.44032],[126.43182,36.43739],[126.43139,36.4333],[126.42916,36.43364],[126.42801,36.4321],[126.43203,36.42729],[126.43212,36.42431],[126.43488,36.42034],[126.43408,36.41817],[126.42778,36.41634],[126.42231,36.41006],[126.42436,36.40651],[126.42657,36.40598],[126.42549,36.4042],[126.4283,36.4002],[126.42748,36.39929],[126.42001,36.39956],[126.4214,36.40176],[126.41962,36.40516],[126.41164,36.40578],[126.41297,36.4108],[126.41098,36.41312],[126.40707,36.41454],[126.40044,36.4123],[126.39678,36.41428],[126.39836,36.41644],[126.39691,36.41921],[126.3902,36.42187],[126.37962,36.42035],[126.38069,36.41557],[126.37748,36.41271],[126.3842,36.4094],[126.37628,36.41237],[126.37183,36.41134],[126.36611,36.41685],[126.36259,36.41561],[126.35965,36.42412],[126.35624,36.42602],[126.35319,36.42435],[126.35106,36.42554],[126.35414,36.42754],[126.35585,36.43351],[126.3585,36.43674],[126.36501,36.43723],[126.36368,36.44137],[126.35394,36.44195],[126.34846,36.44132],[126.3445,36.43874],[126.33736,36.44026],[126.33627,36.43851],[126.33547,36.4393],[126.33585,36.44086],[126.33358,36.44318],[126.33557,36.44672],[126.33449,36.46113],[126.33961,36.46122],[126.34082,36.46258],[126.33986,36.4696],[126.34315,36.47371],[126.34083,36.47966],[126.33908,36.47937],[126.33923,36.47487],[126.33524,36.47154],[126.32533,36.4685],[126.32644,36.47228],[126.33119,36.47308],[126.33297,36.47583],[126.33633,36.49188],[126.33432,36.50177],[126.33569,36.50341],[126.33245,36.50518],[126.32923,36.50328],[126.33328,36.50819],[126.33118,36.51153],[126.32817,36.51165],[126.32816,36.51799],[126.32604,36.52146],[126.32781,36.52154],[126.33083,36.52566],[126.33013,36.53431],[126.32674,36.53822],[126.32934,36.54277],[126.32864,36.55279],[126.33229,36.5557],[126.32674,36.55665],[126.32141,36.56471],[126.31404,36.57178],[126.31549,36.5724],[126.31547,36.57475],[126.31278,36.58313],[126.31486,36.58601],[126.3178,36.58648],[126.31914,36.5841]]],[[[126.11412,36.77013],[126.11583,36.76899],[126.12008,36.77057],[126.12157,36.77361],[126.13121,36.77332],[126.13166,36.77552],[126.12967,36.77691],[126.12882,36.77792],[126.13513,36.77546],[126.13473,36.77944],[126.13293,36.78072],[126.12706,36.7781],[126.13222,36.78181],[126.13067,36.78589],[126.13436,36.78659],[126.13208,36.78422],[126.13345,36.78284],[126.13926,36.78345],[126.14642,36.79118],[126.14657,36.79394],[126.14292,36.79549],[126.14722,36.79573],[126.1507,36.80319],[126.14967,36.80424],[126.14479,36.80329],[126.14793,36.80707],[126.1446,36.80907],[126.1508,36.81173],[126.15436,36.81047],[126.15524,36.81332],[126.15042,36.8164],[126.15645,36.81658],[126.15687,36.82035],[126.15529,36.82226],[126.15739,36.82224],[126.15791,36.8246],[126.16094,36.82617],[126.16001,36.82955],[126.15686,36.82959],[126.15714,36.83141],[126.15046,36.83442],[126.14713,36.83784],[126.15161,36.83632],[126.1549,36.83761],[126.15485,36.84185],[126.14987,36.84565],[126.15581,36.8435],[126.15779,36.8483],[126.16177,36.8468],[126.15938,36.84508],[126.16083,36.84099],[126.1656,36.84001],[126.16731,36.84185],[126.1711,36.8405],[126.16743,36.83712],[126.1681,36.83364],[126.16662,36.83053],[126.17073,36.82443],[126.174,36.82462],[126.1703,36.81769],[126.17235,36.81469],[126.17108,36.81349],[126.17181,36.81179],[126.17686,36.81019],[126.17902,36.8123],[126.17942,36.80649],[126.18373,36.80379],[126.18617,36.79797],[126.18888,36.79619],[126.19208,36.78517],[126.19481,36.7846],[126.19666,36.78199],[126.19882,36.78305],[126.19624,36.78881],[126.1954,36.79847],[126.19245,36.80087],[126.19364,36.80491],[126.18877,36.80468],[126.18711,36.80611],[126.18397,36.81279],[126.18598,36.81503],[126.18185,36.81984],[126.18554,36.8206],[126.18863,36.82536],[126.18481,36.83013],[126.17794,36.83228],[126.19066,36.84134],[126.19711,36.84889],[126.19954,36.85644],[126.19587,36.85928],[126.19181,36.85879],[126.19257,36.86398],[126.19063,36.86767],[126.18793,36.8689],[126.18414,36.86701],[126.1864,36.87041],[126.1887,36.86971],[126.19091,36.87137],[126.19202,36.87701],[126.18801,36.88314],[126.18259,36.88297],[126.1789,36.8858],[126.18801,36.88806],[126.1929,36.88456],[126.19725,36.88584],[126.20023,36.8906],[126.19916,36.89209],[126.20252,36.8949],[126.20511,36.90082],[126.20296,36.90451],[126.20482,36.90442],[126.20658,36.90271],[126.20806,36.90258],[126.20844,36.90223],[126.20598,36.90141],[126.20672,36.89907],[126.21178,36.89861],[126.2153,36.90028],[126.2162,36.90355],[126.23161,36.90646],[126.23898,36.91038],[126.24353,36.91023],[126.24508,36.91292],[126.24802,36.91353],[126.25042,36.91335],[126.25012,36.91183],[126.25192,36.91074],[126.24891,36.91171],[126.24784,36.90913],[126.27699,36.89732],[126.28058,36.89984],[126.2889,36.89898],[126.29031,36.90098],[126.28525,36.90411],[126.28656,36.90661],[126.28462,36.90709],[126.28674,36.91332],[126.28928,36.91406],[126.28873,36.91853],[126.29211,36.91986],[126.29229,36.92288],[126.29058,36.92358],[126.29467,36.92916],[126.29165,36.93188],[126.29318,36.93302],[126.29267,36.936],[126.28933,36.93646],[126.29013,36.93962],[126.2884,36.94163],[126.29163,36.94267],[126.2889,36.94578],[126.29091,36.95217],[126.28797,36.95471],[126.28885,36.95638],[126.28729,36.95749],[126.2854,36.96457],[126.2862,36.96927],[126.29478,36.96938],[126.30197,36.97779],[126.30473,36.97675],[126.30421,36.97398],[126.30724,36.97341],[126.30413,36.97169],[126.30386,36.96766],[126.30578,36.96677],[126.29662,36.96601],[126.29235,36.96248],[126.29935,36.96144],[126.29801,36.95762],[126.30207,36.95467],[126.30453,36.9544],[126.30817,36.95816],[126.31176,36.95499],[126.30792,36.95242],[126.30712,36.94699],[126.30459,36.94683],[126.30179,36.94399],[126.30181,36.9412],[126.30487,36.9387],[126.30473,36.93543],[126.30947,36.92975],[126.30783,36.92831],[126.30529,36.92986],[126.30193,36.92954],[126.30198,36.9253],[126.30365,36.92367],[126.3008,36.92188],[126.3003,36.91935],[126.30244,36.91644],[126.30774,36.91404],[126.30838,36.90963],[126.31092,36.90745],[126.31354,36.90836],[126.31515,36.90419],[126.31941,36.90465],[126.32076,36.89648],[126.31961,36.89187],[126.32622,36.89028],[126.33161,36.89169],[126.33015,36.89076],[126.32982,36.88643],[126.32575,36.88455],[126.31813,36.88717],[126.31322,36.88406],[126.31163,36.87327],[126.30836,36.87065],[126.30736,36.86697],[126.30339,36.8663],[126.30229,36.86378],[126.30472,36.85917],[126.30285,36.85895],[126.30286,36.85741],[126.29976,36.85736],[126.2997,36.85539],[126.29554,36.85286],[126.29394,36.8423],[126.30378,36.84156],[126.30296,36.83843],[126.31188,36.83777],[126.31501,36.83894],[126.31689,36.83767],[126.31314,36.83593],[126.31585,36.8341],[126.31229,36.83196],[126.31245,36.83068],[126.31045,36.83185],[126.30425,36.83019],[126.29424,36.82422],[126.28671,36.82335],[126.28273,36.82505],[126.28106,36.81773],[126.28678,36.81653],[126.28834,36.81406],[126.28607,36.8072],[126.28614,36.80322],[126.28808,36.80133],[126.28731,36.79939],[126.29334,36.7983],[126.29731,36.80303],[126.29539,36.80538],[126.29613,36.80857],[126.29865,36.80821],[126.301,36.81136],[126.30524,36.81288],[126.30482,36.81462],[126.31164,36.81288],[126.31842,36.81408],[126.32239,36.81965],[126.32788,36.81376],[126.33325,36.81414],[126.33742,36.81628],[126.33534,36.81932],[126.33531,36.82402],[126.33728,36.82565],[126.33714,36.82784],[126.33332,36.82902],[126.32665,36.82672],[126.32666,36.82959],[126.32521,36.83065],[126.32881,36.83418],[126.32817,36.83702],[126.32145,36.83738],[126.31752,36.84235],[126.32039,36.84295],[126.3249,36.8474],[126.32389,36.85081],[126.32029,36.85189],[126.32501,36.85205],[126.32457,36.85653],[126.33159,36.86292],[126.33408,36.86105],[126.33597,36.86246],[126.33898,36.85978],[126.34176,36.86021],[126.34297,36.86234],[126.34754,36.86092],[126.34193,36.84724],[126.34535,36.84387],[126.34814,36.84405],[126.35084,36.84089],[126.35043,36.83905],[126.35202,36.83908],[126.3518,36.83531],[126.35465,36.8325],[126.36542,36.83012],[126.36601,36.83415],[126.35931,36.84049],[126.35608,36.84945],[126.36328,36.85063],[126.36656,36.85595],[126.37047,36.85756],[126.37133,36.8696],[126.36429,36.8765],[126.36835,36.87916],[126.36962,36.87807],[126.37436,36.87917],[126.37478,36.88146],[126.37679,36.88199],[126.39783,36.88061],[126.39966,36.88386],[126.39524,36.88738],[126.39623,36.89301],[126.40495,36.89086],[126.40631,36.89332],[126.40523,36.89762],[126.4103,36.8969],[126.41123,36.89448],[126.41437,36.8938],[126.41804,36.89771],[126.42041,36.8971],[126.42254,36.89999],[126.42419,36.89816],[126.43061,36.89823],[126.43264,36.9014],[126.42739,36.90695],[126.41785,36.90628],[126.40932,36.90865],[126.41231,36.91331],[126.40871,36.91435],[126.41014,36.91728],[126.40558,36.91993],[126.40512,36.92244],[126.41107,36.919],[126.41421,36.91956],[126.41756,36.92308],[126.42096,36.92748],[126.41944,36.92903],[126.42066,36.93146],[126.41842,36.93769],[126.40886,36.94086],[126.40693,36.93503],[126.40863,36.93346],[126.40496,36.93246],[126.40505,36.93521],[126.40092,36.93412],[126.39782,36.93587],[126.39477,36.93453],[126.39287,36.93268],[126.39323,36.93072],[126.39101,36.92968],[126.38863,36.93219],[126.38395,36.93305],[126.38511,36.93617],[126.38152,36.93748],[126.38248,36.94054],[126.38122,36.94539],[126.37543,36.94385],[126.37189,36.95113],[126.36936,36.95043],[126.36803,36.94696],[126.36494,36.94477],[126.36521,36.94276],[126.36175,36.94179],[126.3597,36.93877],[126.35654,36.94186],[126.3617,36.94993],[126.3587,36.95286],[126.35484,36.95244],[126.35386,36.95097],[126.35099,36.95261],[126.35149,36.95956],[126.35021,36.96163],[126.33594,36.95989],[126.33374,36.96137],[126.3338,36.96513],[126.33701,36.96835],[126.33389,36.97122],[126.33511,36.97257],[126.33736,36.96869],[126.34354,36.96675],[126.34782,36.96673],[126.35223,36.96882],[126.3624,36.96885],[126.36764,36.96466],[126.36773,36.96168],[126.37058,36.96034],[126.37394,36.96233],[126.37704,36.96842],[126.38501,36.96891],[126.38647,36.96748],[126.38834,36.96937],[126.38635,36.97366],[126.38376,36.97419],[126.38227,36.97276],[126.37596,36.97403],[126.38036,36.9812],[126.37649,36.98063],[126.37447,36.98247],[126.37069,36.98254],[126.36545,36.97924],[126.36225,36.98288],[126.3538,36.98182],[126.33965,36.98568],[126.33173,36.98534],[126.32677,36.99283],[126.32721,36.99866],[126.32948,36.99895],[126.33227,36.9964],[126.35326,37.00492],[126.35323,37.00671],[126.35158,37.00675],[126.35537,37.00732],[126.35636,37.01115],[126.35847,37.01182],[126.36124,37.00636],[126.38344,37.00963],[126.38453,37.01296],[126.38584,37.01061],[126.40842,37.0118],[126.41007,37.01383],[126.41216,37.01382],[126.41268,37.01185],[126.4173,37.012],[126.41762,37.01724],[126.42087,37.01972],[126.41778,37.01724],[126.41806,37.01501],[126.43102,37.01369],[126.4298,37.01054],[126.43182,37.00838],[126.44909,37.00598],[126.45039,37.00702],[126.45201,37.00694],[126.45026,37.00616],[126.45302,37.00408],[126.4525,37.00113],[126.45468,36.99906],[126.47051,37.00691],[126.46368,37.01787],[126.46106,37.01799],[126.46028,37.02005],[126.46255,37.02258],[126.46436,37.02188],[126.49622,37.05231],[126.49718,37.05677],[126.49486,37.05916],[126.49843,37.06475],[126.51921,37.05912],[126.5186,37.05675],[126.52272,37.05525],[126.5272,37.05004],[126.5276,37.04301],[126.53979,37.0377],[126.54125,37.03517],[126.54922,37.03395],[126.56116,37.03691],[126.56306,37.03609],[126.55957,37.03491],[126.56066,37.03053],[126.56515,37.03286],[126.56555,37.03581],[126.56524,37.03285],[126.56093,37.03035],[126.56309,37.02821],[126.57097,37.02802],[126.57117,37.02528],[126.57359,37.02414],[126.57465,37.02545],[126.57468,37.02352],[126.57989,37.02628],[126.57918,37.02404],[126.63307,37.00148],[126.64706,36.99926],[126.68423,36.99815],[126.69415,36.99937],[126.69467,37.00131],[126.69551,37.0017],[126.69516,36.99958],[126.70081,36.99742],[126.70467,36.99934],[126.71807,36.9931],[126.71854,36.99132],[126.73948,36.98812],[126.74139,36.98501],[126.74514,36.9877],[126.74486,36.98643],[126.74728,36.98556],[126.75,36.98709],[126.78045,36.97614],[126.78375,36.97359],[126.77971,36.96663],[126.79434,36.94249],[126.79203,36.94005],[126.79232,36.93569],[126.8022,36.92468],[126.80392,36.92502],[126.8062,36.93052],[126.8111,36.92673],[126.81293,36.91541],[126.81536,36.91002],[126.81445,36.9051],[126.81674,36.89636],[126.82165,36.89236],[126.82484,36.89198],[126.82716,36.88855],[126.86267,36.87974],[126.88265,36.88676],[126.91193,36.88944],[126.90971,36.9016],[126.91674,36.90621],[126.93963,36.91733],[126.97378,36.92587],[126.98555,36.93249],[126.99518,36.93536],[127.00079,36.9336],[127.00372,36.93516],[127.00675,36.93419],[127.00745,36.93573],[127.01049,36.93583],[127.0118,36.93423],[127.01533,36.93543],[127.01899,36.93368],[127.02083,36.9346],[127.02192,36.93071],[127.03107,36.92811],[127.03738,36.93233],[127.04754,36.93323],[127.05471,36.93758],[127.05842,36.93738],[127.06549,36.94193],[127.06796,36.94216],[127.06888,36.93998],[127.07278,36.94055],[127.07591,36.93546],[127.11554,36.96975],[127.12174,36.96628],[127.14641,36.96865],[127.20401,36.94925],[127.22237,36.9274],[127.24611,36.91455],[127.27228,36.91037],[127.29274,36.8894],[127.3102,36.88238],[127.30832,36.86024],[127.3384,36.85176],[127.33573,36.82794],[127.35797,36.82559],[127.40383,36.79238],[127.39732,36.78116],[127.42171,36.75468],[127.40669,36.74342],[127.38941,36.75641],[127.33901,36.74981],[127.34303,36.72949],[127.31069,36.71816],[127.31024,36.70204],[127.28775,36.68803],[127.25024,36.69217],[127.20629,36.72194],[127.16572,36.73069],[127.13638,36.70377],[127.14536,36.68858],[127.16651,36.67544],[127.15691,36.66192],[127.15995,36.63266],[127.15296,36.61807],[127.15599,36.61515],[127.15556,36.60656],[127.16715,36.60292],[127.17296,36.59599],[127.17839,36.59689],[127.18168,36.59551],[127.18202,36.593],[127.18428,36.59132],[127.18797,36.59408],[127.19134,36.59395],[127.1893,36.58688],[127.19326,36.58092],[127.2004,36.58257],[127.20566,36.58077],[127.20775,36.57796],[127.20372,36.57255],[127.2031,36.56744],[127.1992,36.56495],[127.19372,36.5647],[127.18879,36.5538],[127.18635,36.55255],[127.19183,36.54603],[127.18712,36.54578],[127.18503,36.54366],[127.179,36.54553],[127.17422,36.5421],[127.1749,36.53848],[127.17266,36.53609],[127.17313,36.53371],[127.18235,36.52144],[127.17076,36.51169],[127.17074,36.50858],[127.17858,36.50252],[127.17719,36.49993],[127.17533,36.50034],[127.17334,36.49788],[127.17675,36.49291],[127.17952,36.49179],[127.18137,36.49302],[127.18832,36.49262],[127.19508,36.48895],[127.19482,36.48439],[127.19062,36.47947],[127.19202,36.47467],[127.19477,36.46878],[127.19845,36.46577],[127.20109,36.4668],[127.20328,36.46498],[127.20473,36.45929],[127.20308,36.45426],[127.1986,36.45206],[127.20182,36.44632],[127.2015,36.44221],[127.19932,36.43966],[127.21771,36.43374],[127.22512,36.42665],[127.22669,36.42145],[127.22878,36.4228],[127.23563,36.41882],[127.24451,36.41835],[127.24331,36.41519],[127.25076,36.40689],[127.25903,36.40907],[127.25865,36.41424],[127.26261,36.41668],[127.26685,36.41706],[127.27632,36.41388],[127.27789,36.41572],[127.2821,36.415],[127.27788,36.38706],[127.28104,36.37486],[127.27935,36.36939],[127.27718,36.36824],[127.27768,36.36529],[127.27081,36.36083],[127.27252,36.35414],[127.27742,36.34991],[127.27913,36.34483],[127.27327,36.34419],[127.26865,36.34096],[127.26543,36.33719],[127.26824,36.33145],[127.26611,36.32853],[127.26002,36.32683],[127.26078,36.3217],[127.25845,36.31763],[127.25811,36.31004],[127.25844,36.30373],[127.26066,36.30185],[127.25985,36.29565],[127.25365,36.29671],[127.24713,36.29053],[127.25872,36.27609],[127.26535,36.27436],[127.28123,36.26519],[127.29113,36.26541],[127.29188,36.26355],[127.28302,36.25884],[127.28274,36.25621],[127.27919,36.25289],[127.28115,36.24882],[127.28039,36.24413],[127.28244,36.24194],[127.28281,36.23592],[127.28721,36.23466],[127.2923,36.2298],[127.29354,36.22336],[127.2973,36.22154],[127.30113,36.22137],[127.30351,36.22302],[127.30357,36.22973],[127.30757,36.22544],[127.31446,36.22241],[127.31805,36.21604],[127.32153,36.21343],[127.32092,36.20907],[127.32306,36.20375],[127.32814,36.20408],[127.33355,36.20067],[127.33021,36.19404],[127.3317,36.19269],[127.33191,36.1842],[127.33398,36.18313],[127.33762,36.1857],[127.33815,36.18909],[127.34089,36.1892],[127.34402,36.19666],[127.34763,36.1977],[127.34665,36.20325],[127.34955,36.20804],[127.35297,36.21184],[127.35929,36.21392],[127.36064,36.21846],[127.36429,36.21916],[127.3633,36.22327],[127.36011,36.22668],[127.36214,36.22838],[127.36316,36.23253],[127.36087,36.23437],[127.36498,36.2438],[127.36377,36.25159],[127.3596,36.25471],[127.36084,36.25791],[127.3595,36.26259],[127.36366,36.26978],[127.37002,36.26957],[127.37246,36.27218],[127.38333,36.26859],[127.39026,36.26227],[127.38646,36.25076],[127.38801,36.24571],[127.39089,36.24295],[127.39065,36.24061],[127.38737,36.2372],[127.38735,36.23429],[127.39669,36.23216],[127.40071,36.23316],[127.40464,36.22243],[127.40752,36.2214],[127.41063,36.21755],[127.40846,36.21262],[127.41925,36.20732],[127.42232,36.2081],[127.424,36.20606],[127.42937,36.20521],[127.43351,36.19872],[127.43942,36.19729],[127.44147,36.1948],[127.44856,36.19673],[127.45578,36.2011],[127.45632,36.20361],[127.45416,36.207],[127.45901,36.20971],[127.46028,36.21292],[127.46905,36.21468],[127.4673,36.22235],[127.47703,36.22615],[127.47786,36.22967],[127.48854,36.2327],[127.48996,36.23371],[127.48997,36.2371],[127.49258,36.23795],[127.50223,36.23766],[127.51474,36.24122],[127.51809,36.24067],[127.52385,36.24649],[127.53257,36.25089],[127.53681,36.25086],[127.5352,36.24733],[127.538,36.24278],[127.54986,36.23842],[127.54509,36.2283],[127.5456,36.22551],[127.55431,36.22618],[127.56156,36.22897],[127.56384,36.22788],[127.57024,36.23352],[127.58358,36.2313],[127.5867,36.22508],[127.59051,36.22529],[127.59108,36.22177],[127.59779,36.21749],[127.59671,36.212],[127.59879,36.21022],[127.59966,36.20509],[127.59928,36.20264],[127.5928,36.19547],[127.593,36.19231],[127.59772,36.18487],[127.59443,36.18194],[127.59477,36.17933],[127.59312,36.17735],[127.59863,36.1738],[127.60148,36.16905],[127.60166,36.16002],[127.59343,36.15048],[127.59047,36.14326],[127.5909,36.13729],[127.58947,36.13443],[127.59595,36.12571],[127.59863,36.12537],[127.59928,36.12292],[127.60602,36.11701],[127.61009,36.11861],[127.61316,36.1119],[127.61632,36.11155],[127.6191,36.10889],[127.61711,36.10504],[127.61743,36.09335],[127.61921,36.09092],[127.62334,36.09069],[127.63293,36.08137],[127.63422,36.07366],[127.63739,36.07035],[127.638,36.06667],[127.62402,36.06723],[127.62068,36.06436],[127.61856,36.04201],[127.6202,36.04003],[127.62513,36.04231],[127.63053,36.04215],[127.63265,36.03549],[127.63705,36.03517],[127.63975,36.03225],[127.63533,36.02868],[127.63167,36.03201],[127.62845,36.03196],[127.62691,36.02691],[127.62296,36.02465],[127.61608,36.02632],[127.61079,36.02539],[127.61087,36.02243],[127.61644,36.01906],[127.61866,36.00798],[127.616,36.00284],[127.61274,36.00045],[127.61057,36.00104],[127.60976,36.00542],[127.60664,36.00804],[127.60666,36.01177],[127.60007,36.01194],[127.59628,36.01895],[127.5915,36.02105],[127.58987,36.02599],[127.58257,36.02716],[127.57453,36.0233],[127.56638,36.03119],[127.56248,36.03072],[127.55891,36.03342],[127.5522,36.03277],[127.54755,36.03806],[127.54098,36.03812],[127.53163,36.04081],[127.5322,36.03461],[127.5376,36.03249],[127.53743,36.02734],[127.53884,36.02588],[127.53614,36.02012],[127.53987,36.01172],[127.53223,36.00817],[127.53665,35.99645],[127.53364,35.99201],[127.52884,35.99009],[127.52437,35.98503],[127.51004,35.98212],[127.50888,35.97978],[127.50636,35.97985],[127.50237,35.9838],[127.50208,35.98611],[127.4992,35.98728],[127.49442,35.98612],[127.48816,35.97839],[127.47593,35.98059],[127.46823,35.98796],[127.46567,35.98755],[127.46393,35.98394],[127.45675,35.98328],[127.44861,35.99315],[127.44802,35.99901],[127.44415,36.00357],[127.44457,36.00705],[127.43724,36.00933],[127.43519,36.01463],[127.43728,36.02071],[127.4343,36.02434],[127.43453,36.02922],[127.4196,36.02267],[127.41341,36.01516],[127.40722,36.01414],[127.40122,36.00874],[127.39681,36.01068],[127.39222,36.01677],[127.38964,36.01621],[127.38366,36.02124],[127.3765,36.02289],[127.37795,36.03061],[127.37354,36.03452],[127.37367,36.04073],[127.3652,36.05127],[127.36037,36.05452],[127.36155,36.05946],[127.36056,36.06151],[127.36421,36.06572],[127.36381,36.0682],[127.35946,36.06925],[127.36165,36.07633],[127.35986,36.08005],[127.35695,36.08155],[127.35726,36.08689],[127.35997,36.08927],[127.34948,36.09512],[127.34768,36.09827],[127.35033,36.1048],[127.35482,36.10815],[127.35344,36.11321],[127.35045,36.11635],[127.34441,36.11786],[127.33846,36.13045],[127.32322,36.12994],[127.31855,36.11973],[127.31532,36.1191],[127.31091,36.12045],[127.3057,36.12561],[127.3016,36.12516],[127.2971,36.12264],[127.29702,36.11887],[127.29489,36.11757],[127.29394,36.11307],[127.28531,36.11216],[127.2734,36.10728],[127.26433,36.10892],[127.25854,36.1151],[127.25645,36.11287],[127.25183,36.11303],[127.25035,36.10737],[127.24621,36.10457],[127.24605,36.09671],[127.25472,36.08744],[127.24869,36.08307],[127.24269,36.08499],[127.23159,36.09669],[127.22586,36.09912],[127.21953,36.09671],[127.21388,36.09794],[127.21178,36.10061],[127.20512,36.10026],[127.20381,36.09365],[127.20081,36.09162],[127.20223,36.08846],[127.19804,36.08579],[127.19065,36.08777],[127.18915,36.0904],[127.18264,36.09461],[127.17871,36.09412],[127.17703,36.09094],[127.16874,36.08397],[127.16454,36.0854],[127.15833,36.08351],[127.15371,36.08475],[127.15122,36.08996],[127.14599,36.09027],[127.13766,36.08679],[127.13518,36.08413],[127.13379,36.08135],[127.13395,36.07029],[127.13211,36.06685],[127.12205,36.06303],[127.11814,36.06709],[127.10904,36.07258],[127.10626,36.07196],[127.102,36.07565],[127.09442,36.07326],[127.09253,36.07566],[127.09038,36.0718],[127.08772,36.07558],[127.08226,36.07776],[127.07557,36.0848],[127.07171,36.08463],[127.07008,36.08756],[127.06531,36.08975],[127.0609,36.08904],[127.06289,36.09163],[127.06019,36.09487],[127.06078,36.10512],[127.05781,36.10705],[127.05879,36.11037],[127.05697,36.11509],[127.06103,36.11668],[127.06281,36.1247],[127.06021,36.12373],[127.06044,36.12599],[127.05611,36.12678],[127.05535,36.13003],[127.05071,36.1309],[127.04957,36.1341],[127.04476,36.13446],[127.04553,36.13719],[127.04323,36.14278],[127.04442,36.14612],[127.04245,36.14611],[127.03969,36.13827],[127.03487,36.13922],[127.02978,36.13662],[127.02344,36.13665],[127.02041,36.13824],[127.01568,36.14862],[127.01126,36.14582],[127.00586,36.14721],[127.00656,36.14958],[127.00541,36.15053],[126.99803,36.14685],[126.98128,36.14791],[126.97148,36.15102],[126.96305,36.15625],[126.95666,36.15657],[126.94133,36.1521],[126.93969,36.14947],[126.93852,36.15034],[126.93439,36.14683],[126.93202,36.14375],[126.93305,36.14293],[126.91969,36.1363],[126.91109,36.13657],[126.90419,36.14127],[126.89781,36.14267],[126.88776,36.13795],[126.88223,36.13131],[126.87384,36.11047],[126.87359,36.08686],[126.87082,36.06741],[126.86804,36.06241],[126.86387,36.0602],[126.83988,36.05286],[126.82111,36.04991],[126.81414,36.0413],[126.8058,36.03436],[126.76974,36.02964],[126.76166,36.02602],[126.74814,36.02576],[126.74386,36.01885],[126.73648,36.00043],[126.72965,36.00345],[126.72676,36.00034],[126.72354,36.00015],[126.70402,36.0063],[126.68398,36.00683],[126.6834,36.00858],[126.67713,36.00905],[126.66795,36.00444],[126.66114,36.00574],[126.66075,36.01038],[126.66446,36.01764],[126.66203,36.0273],[126.65965,36.02878],[126.66646,36.02894],[126.66849,36.03156],[126.65829,36.04472],[126.65002,36.04714],[126.64406,36.05598],[126.63308,36.05551],[126.63158,36.05374],[126.63178,36.07539],[126.62784,36.0804],[126.62419,36.08068],[126.62015,36.07646],[126.61962,36.07764],[126.62027,36.08099],[126.62342,36.08087],[126.62416,36.08415],[126.63257,36.08152],[126.64622,36.08892],[126.64444,36.09404],[126.64025,36.09108],[126.6349,36.09318],[126.63196,36.09158],[126.63083,36.09201],[126.63275,36.09606],[126.63191,36.09961],[126.62038,36.10227],[126.61678,36.10191],[126.61447,36.09596],[126.61204,36.0951],[126.61266,36.09665],[126.61105,36.09874],[126.60853,36.09934],[126.60604,36.11148],[126.6034,36.11079],[126.60096,36.11713],[126.5939,36.12656],[126.58365,36.13186],[126.57637,36.13851],[126.57004,36.14052],[126.56751,36.13934],[126.56756,36.13485],[126.56323,36.13493],[126.56292,36.13311],[126.56424,36.13266],[126.56068,36.13222],[126.55627,36.12914],[126.55557,36.13566],[126.542,36.14705],[126.53405,36.14872],[126.53391,36.15032],[126.51837,36.1523],[126.50741,36.15071],[126.50628,36.14727],[126.50108,36.14157],[126.50294,36.13439],[126.50572,36.13426],[126.50637,36.13361],[126.50311,36.13377],[126.50409,36.1295],[126.50875,36.12946],[126.50261,36.12896],[126.49838,36.13305],[126.49436,36.13354],[126.49304,36.13698],[126.49259,36.15966],[126.49777,36.15843],[126.50348,36.16147],[126.4999,36.15931],[126.50116,36.1565],[126.50579,36.15903],[126.50539,36.16109],[126.5103,36.15762],[126.51375,36.16041],[126.51796,36.15892],[126.52615,36.16777],[126.52615,36.17182],[126.52784,36.17362],[126.52403,36.185],[126.53432,36.19837],[126.53964,36.20011],[126.53822,36.21165],[126.53318,36.21876],[126.52964,36.22024],[126.53137,36.22691],[126.53007,36.23862],[126.5379,36.24729],[126.53534,36.24891],[126.53515,36.24982],[126.53725,36.2492],[126.53895,36.25485],[126.54092,36.25473],[126.54281,36.25703],[126.54141,36.26106],[126.54503,36.26008],[126.54838,36.26371],[126.54836,36.26643],[126.54082,36.27803],[126.53903,36.27774],[126.53889,36.27527],[126.53534,36.27679],[126.54009,36.27908],[126.52818,36.29714],[126.52223,36.3005],[126.51921,36.2975],[126.51719,36.29922],[126.51821,36.30128],[126.51464,36.30858],[126.50475,36.32261],[126.50099,36.32482],[126.50397,36.32509],[126.50408,36.32537],[126.50477,36.33008],[126.50481,36.33013],[126.50485,36.32873],[126.50775,36.32766],[126.51542,36.32757],[126.51626,36.33221],[126.51996,36.33519],[126.54342,36.33879],[126.55043,36.34666],[126.56167,36.35101],[126.58086,36.3489],[126.58372,36.34624],[126.58671,36.34613],[126.58167,36.35058],[126.54578,36.3552],[126.52852,36.36729],[126.52772,36.36643],[126.52031,36.37385],[126.51639,36.37499],[126.51013,36.3809],[126.50284,36.37937],[126.5005,36.38096],[126.50115,36.38341],[126.49484,36.38328],[126.49329,36.38182],[126.48881,36.38334],[126.48539,36.38188],[126.48096,36.38313],[126.47959,36.38516],[126.48448,36.3932],[126.48379,36.39619],[126.48698,36.39957],[126.4874,36.40773],[126.48907,36.41063],[126.48822,36.41377],[126.49181,36.42135],[126.49444,36.42215],[126.49749,36.41958],[126.49983,36.42147],[126.49551,36.42585],[126.50593,36.4274],[126.51783,36.43865],[126.52219,36.44046],[126.52551,36.43931],[126.53136,36.44109],[126.52497,36.44626],[126.52365,36.44412],[126.51504,36.44301],[126.51185,36.44002],[126.5103,36.44117],[126.51004,36.43937],[126.50293,36.43402],[126.49797,36.43278],[126.49605,36.43402],[126.49634,36.4387],[126.50014,36.44473],[126.49105,36.44823],[126.4898,36.45151],[126.48658,36.45295],[126.48896,36.46039],[126.4851,36.46455],[126.48987,36.46879],[126.48869,36.47124],[126.48424,36.47305],[126.48109,36.47778],[126.4821,36.48281],[126.48046,36.48615],[126.48239,36.4872],[126.47939,36.4887],[126.48268,36.50073],[126.48242,36.50739],[126.48394,36.50788],[126.48224,36.50835],[126.48374,36.50906],[126.48299,36.51407],[126.48156,36.51448],[126.48109,36.515],[126.48282,36.51573],[126.48114,36.51568],[126.48805,36.5267],[126.48421,36.53118],[126.48165,36.53033],[126.4804,36.53439],[126.47386,36.53879],[126.46919,36.53909],[126.46688,36.53734],[126.46793,36.53404],[126.47011,36.53338],[126.46705,36.53406],[126.46635,36.53484],[126.46669,36.53744],[126.46899,36.5397],[126.46278,36.54941],[126.46502,36.54889],[126.46598,36.55129],[126.46446,36.55217],[126.46681,36.55171],[126.46829,36.55621],[126.47172,36.55917],[126.46899,36.56227],[126.4672,36.56191],[126.46686,36.56217],[126.46866,36.56303],[126.46348,36.57782],[126.46455,36.58285],[126.46136,36.58694],[126.45645,36.58788],[126.45549,36.58852],[126.45759,36.58927],[126.45531,36.59229],[126.45659,36.59506],[126.42369,36.6062],[126.41329,36.60558],[126.41104,36.60347],[126.41038,36.60483],[126.41167,36.60571],[126.41043,36.60619],[126.41347,36.60585],[126.41596,36.60833],[126.41458,36.61493],[126.39851,36.61911],[126.38606,36.61854],[126.37565,36.62386],[126.37347,36.6201],[126.37081,36.62212],[126.37237,36.62443],[126.37463,36.62435],[126.3743,36.62557],[126.37125,36.62595],[126.36852,36.62419],[126.3664,36.62456],[126.36582,36.62694],[126.35613,36.62358],[126.35476,36.61936],[126.34921,36.62127],[126.34827,36.6182],[126.34438,36.61659],[126.34008,36.61579],[126.339,36.62009],[126.33649,36.61946],[126.33288,36.61641],[126.33486,36.61491],[126.33053,36.61328],[126.3314,36.61123],[126.33532,36.61156],[126.33218,36.6097],[126.3306,36.6113],[126.32681,36.61144],[126.32467,36.6094],[126.32832,36.60512],[126.3227,36.60477],[126.32254,36.60335],[126.32534,36.60206],[126.32048,36.60127],[126.31943,36.59424],[126.31378,36.5882],[126.30591,36.599],[126.3005,36.6017],[126.2959,36.60079],[126.29532,36.5997],[126.29957,36.59491],[126.30402,36.59407],[126.30248,36.59256],[126.30284,36.58895],[126.29289,36.58399],[126.28862,36.59116],[126.28577,36.5914],[126.28339,36.59414],[126.28924,36.59725],[126.29036,36.60199],[126.28785,36.61752],[126.28346,36.62218],[126.28443,36.62233],[126.28527,36.62392],[126.28602,36.62428],[126.28506,36.62282],[126.28659,36.62026],[126.29012,36.6214],[126.29133,36.62084],[126.2876,36.61964],[126.28935,36.61529],[126.29686,36.6193],[126.30124,36.6263],[126.30031,36.63577],[126.30149,36.63893],[126.29822,36.64779],[126.29707,36.65926],[126.29453,36.65943],[126.28872,36.66788],[126.28081,36.67413],[126.27443,36.67191],[126.27319,36.66984],[126.27051,36.66953],[126.27218,36.67319],[126.26548,36.67227],[126.2646,36.67917],[126.26678,36.67929],[126.26759,36.68133],[126.2665,36.68384],[126.26305,36.68438],[126.26334,36.69002],[126.26142,36.69434],[126.26548,36.69915],[126.27315,36.70354],[126.2711,36.71324],[126.27372,36.71998],[126.27094,36.72693],[126.27253,36.72851],[126.27343,36.72642],[126.27927,36.72845],[126.2793,36.73263],[126.27714,36.73319],[126.27572,36.73148],[126.26948,36.73007],[126.26216,36.72141],[126.25907,36.72171],[126.25751,36.71845],[126.25269,36.71809],[126.25111,36.71446],[126.24786,36.71848],[126.24194,36.7178],[126.24157,36.7142],[126.23739,36.71831],[126.23514,36.71806],[126.234,36.70747],[126.24023,36.70506],[126.23825,36.70246],[126.23512,36.70311],[126.23103,36.70118],[126.23069,36.69752],[126.23203,36.69597],[126.22746,36.69467],[126.23081,36.69288],[126.2248,36.69469],[126.22229,36.69286],[126.21488,36.69513],[126.20899,36.69385],[126.20716,36.69228],[126.20905,36.69155],[126.20868,36.68963],[126.21038,36.68955],[126.20879,36.68829],[126.19678,36.68519],[126.20049,36.6824],[126.19659,36.68136],[126.19826,36.67878],[126.19591,36.67559],[126.19284,36.67698],[126.18783,36.67582],[126.18653,36.67783],[126.18046,36.67883],[126.1772,36.67629],[126.17198,36.68001],[126.16908,36.6778],[126.16478,36.67868],[126.1641,36.67681],[126.16082,36.679],[126.15553,36.67708],[126.15185,36.68104],[126.1536,36.6828],[126.14974,36.6944],[126.152,36.69755],[126.14728,36.70262],[126.15084,36.70496],[126.15791,36.70507],[126.16194,36.70688],[126.16363,36.70984],[126.16011,36.71086],[126.16696,36.71674],[126.16956,36.71717],[126.17267,36.71521],[126.17574,36.71649],[126.17657,36.71401],[126.18313,36.71349],[126.18489,36.71075],[126.19491,36.70602],[126.20718,36.70518],[126.21791,36.71092],[126.22338,36.71793],[126.22288,36.72208],[126.21491,36.72718],[126.20229,36.72149],[126.20368,36.72646],[126.20965,36.73032],[126.21194,36.7343],[126.21308,36.73883],[126.21173,36.74076],[126.20579,36.73658],[126.19927,36.73728],[126.18977,36.74454],[126.18282,36.74596],[126.18256,36.74703],[126.18649,36.74834],[126.18489,36.75313],[126.17522,36.75427],[126.17208,36.75759],[126.17036,36.75676],[126.16661,36.75841],[126.16436,36.75779],[126.16407,36.75607],[126.16146,36.75614],[126.16145,36.75361],[126.15866,36.7563],[126.1559,36.75656],[126.14105,36.75394],[126.14452,36.75018],[126.14682,36.74983],[126.1474,36.74771],[126.15054,36.74793],[126.14847,36.74406],[126.15171,36.73995],[126.15106,36.7323],[126.14847,36.7297],[126.14309,36.72902],[126.1419,36.72715],[126.14324,36.72489],[126.13653,36.72084],[126.13796,36.71915],[126.13464,36.71958],[126.12848,36.71568],[126.12362,36.7076],[126.12088,36.70762],[126.12197,36.71416],[126.12488,36.71452],[126.12744,36.71754],[126.12452,36.72016],[126.12478,36.72238],[126.12233,36.72531],[126.12583,36.72635],[126.12534,36.72946],[126.13035,36.73422],[126.12948,36.73698],[126.13455,36.74009],[126.13187,36.74668],[126.1343,36.74835],[126.13089,36.75259],[126.1268,36.75223],[126.12762,36.74927],[126.1258,36.75041],[126.12629,36.75244],[126.12247,36.75375],[126.12437,36.75679],[126.12156,36.76087],[126.12298,36.76475],[126.11449,36.76808],[126.11233,36.77239],[126.11476,36.77283],[126.11412,36.77013]],[[127.0902,36.745],[127.12083,36.76267],[127.12012,36.76614],[127.11799,36.76356],[127.11431,36.76292],[127.10934,36.75921],[127.10221,36.75871],[127.09536,36.76049],[127.09634,36.75644],[127.09839,36.75563],[127.09611,36.75144],[127.0923,36.74922],[127.08699,36.74986],[127.08853,36.74601],[127.08547,36.74242],[127.0874,36.74014],[127.08312,36.73621],[127.08072,36.72987],[127.08517,36.72455],[127.0902,36.745]],[[127.09759,36.79465],[127.09724,36.79304],[127.10013,36.79268],[127.10161,36.79765],[127.09806,36.80185],[127.11248,36.85168],[127.11004,36.85294],[127.10446,36.84511],[127.09822,36.84009],[127.0987,36.83776],[127.10485,36.83832],[127.10562,36.83649],[127.10092,36.83148],[127.1015,36.82195],[127.09662,36.81502],[127.09853,36.81054],[127.09782,36.80602],[127.09618,36.80474],[127.09655,36.79845],[127.09561,36.79608],[127.09759,36.79465]],[[127.09295,36.89361],[127.08821,36.88982],[127.09104,36.88226],[127.08643,36.87601],[127.08871,36.86752],[127.08734,36.86232],[127.09102,36.86091],[127.09305,36.86206],[127.09611,36.90979],[127.09432,36.91133],[127.09274,36.90825],[127.08764,36.90741],[127.08472,36.90371],[127.08942,36.89984],[127.09295,36.89361]],[[127.0287,36.68381],[127.06057,36.70541],[127.081,36.70722],[127.08435,36.72184],[127.07995,36.71828],[127.07928,36.71011],[127.07229,36.70814],[127.05854,36.70833],[127.05597,36.70562],[127.04931,36.70346],[127.04083,36.69448],[127.02942,36.68945],[127.01959,36.67714],[127.01995,36.67528],[127.01568,36.67242],[127.01542,36.66646],[127.00854,36.6583],[127.00918,36.65714],[127.01226,36.65436],[127.0287,36.68381]],[[126.22451,36.88568],[126.23201,36.87957],[126.23999,36.88303],[126.24749,36.90398],[126.23734,36.90133],[126.23772,36.89623],[126.23185,36.89364],[126.23502,36.89105],[126.23428,36.88767],[126.23091,36.89029],[126.22913,36.88954],[126.22994,36.88769],[126.22855,36.88822],[126.22538,36.88864],[126.22451,36.88568]]],[[[126.06176,36.67988],[126.06901,36.67789],[126.07628,36.67966],[126.07709,36.68173],[126.08347,36.68511],[126.08091,36.68864],[126.08213,36.69173],[126.08462,36.69176],[126.08702,36.68961],[126.08395,36.68428],[126.08762,36.68217],[126.08768,36.68006],[126.08408,36.67965],[126.08358,36.67765],[126.08028,36.67672],[126.08098,36.67246],[126.07725,36.67333],[126.07516,36.67006],[126.07478,36.67214],[126.07123,36.67386],[126.06647,36.67139],[126.05885,36.67295],[126.05519,36.66812],[126.05209,36.66748],[126.04819,36.67162],[126.05483,36.67589],[126.05827,36.67617],[126.06176,36.67988]]],[[[126.42701,37.06096],[126.4298,37.058],[126.43791,37.0571],[126.43998,37.05817],[126.44063,37.06228],[126.44361,37.06156],[126.44589,37.05738],[126.45131,37.05412],[126.44535,37.05131],[126.44581,37.04991],[126.44946,37.04932],[126.45049,37.04519],[126.4496,37.04407],[126.4452,37.04564],[126.44024,37.04214],[126.4345,37.04369],[126.42858,37.04056],[126.42199,37.04111],[126.42086,37.04192],[126.4236,37.04514],[126.4232,37.0492],[126.42136,37.05004],[126.42281,37.05446],[126.41844,37.06009],[126.41982,37.06401],[126.42798,37.06413],[126.42701,37.06096]]]]}},{"type":"Feature","properties":{"sido":"충북","name":"충청북도","rings":2,"vertices":1029,"dropped_islands":0},"geometry":{"type":"Polygon","coordinates":[[[127.28133,36.63221],[127.28908,36.65127],[127.30252,36.65567],[127.30959,36.67833],[127.28775,36.68803],[127.31013,36.70203],[127.31045,36.71811],[127.34281,36.72952],[127.33853,36.74977],[127.38954,36.75644],[127.40672,36.74357],[127.42171,36.75468],[127.42691,36.75128],[127.42478,36.75482],[127.42688,36.75734],[127.42394,36.75866],[127.4197,36.75766],[127.42031,36.7609],[127.41718,36.76353],[127.41316,36.7729],[127.40332,36.77448],[127.39969,36.7809],[127.3955,36.78248],[127.39674,36.79028],[127.40155,36.79521],[127.40084,36.79891],[127.39749,36.79967],[127.39156,36.80663],[127.38207,36.81379],[127.36661,36.81697],[127.36074,36.82056],[127.35715,36.82356],[127.35766,36.8266],[127.3545,36.82945],[127.35103,36.8308],[127.34637,36.82931],[127.33932,36.83123],[127.3366,36.82973],[127.33454,36.83067],[127.33355,36.83197],[127.33531,36.83723],[127.33409,36.83932],[127.33679,36.84564],[127.33682,36.85389],[127.33479,36.85617],[127.32804,36.85815],[127.32452,36.8569],[127.31917,36.85903],[127.31273,36.85747],[127.3073,36.8597],[127.30578,36.86335],[127.31061,36.86812],[127.30951,36.87821],[127.31085,36.88049],[127.30835,36.88217],[127.30766,36.88537],[127.30402,36.88542],[127.29927,36.88973],[127.29598,36.88976],[127.28783,36.89378],[127.28984,36.89433],[127.29032,36.8977],[127.29738,36.90418],[127.29729,36.90673],[127.30165,36.9117],[127.30317,36.91621],[127.29497,36.93067],[127.30898,36.92946],[127.31458,36.93133],[127.31621,36.93472],[127.32676,36.93598],[127.3332,36.94035],[127.34206,36.94326],[127.34325,36.94826],[127.34963,36.95279],[127.354,36.95267],[127.35793,36.94788],[127.3673,36.9503],[127.37538,36.9487],[127.37818,36.95212],[127.37872,36.9579],[127.38484,36.95969],[127.38727,36.96446],[127.39191,36.96559],[127.39684,36.96448],[127.40116,36.96751],[127.39433,36.97695],[127.38524,36.98293],[127.39135,36.99173],[127.39254,36.99669],[127.39979,36.99986],[127.40681,36.99833],[127.41134,37.00018],[127.41415,36.99959],[127.42124,37.00396],[127.43008,37.0016],[127.43658,37.00568],[127.43709,37.00832],[127.44083,37.01211],[127.44689,37.01097],[127.44974,37.01838],[127.45371,37.02125],[127.45833,37.02075],[127.45967,37.02534],[127.45797,37.02981],[127.45625,37.03033],[127.45966,37.03816],[127.45686,37.04221],[127.46358,37.04881],[127.46809,37.05027],[127.46821,37.05349],[127.47511,37.05292],[127.48622,37.05486],[127.49657,37.04816],[127.50466,37.04805],[127.50885,37.04955],[127.5125,37.05634],[127.51826,37.0584],[127.52299,37.05547],[127.53199,37.05564],[127.53478,37.052],[127.54096,37.05074],[127.55315,37.04504],[127.55679,37.04131],[127.56917,37.04804],[127.56715,37.05175],[127.5681,37.05586],[127.56496,37.06059],[127.57798,37.07534],[127.58305,37.07547],[127.58917,37.07286],[127.59627,37.07371],[127.59944,37.07062],[127.60448,37.06882],[127.60493,37.07603],[127.59955,37.08157],[127.59965,37.0856],[127.5951,37.08799],[127.59956,37.08654],[127.60119,37.08773],[127.60596,37.08645],[127.61196,37.08726],[127.63176,37.09646],[127.63431,37.09916],[127.63412,37.10728],[127.63623,37.11429],[127.6331,37.12016],[127.63775,37.14116],[127.62745,37.15172],[127.62831,37.15529],[127.63337,37.1532],[127.63867,37.15311],[127.64113,37.15121],[127.64809,37.1506],[127.6502,37.14763],[127.65237,37.14805],[127.65637,37.14488],[127.65593,37.14248],[127.6613,37.13938],[127.666,37.13946],[127.67017,37.1362],[127.68855,37.13554],[127.69508,37.14023],[127.69408,37.1456],[127.69521,37.15124],[127.70056,37.15366],[127.70415,37.15756],[127.70459,37.16651],[127.70675,37.1707],[127.70953,37.17206],[127.71038,37.17573],[127.7169,37.18343],[127.72152,37.18306],[127.72277,37.18161],[127.72632,37.18262],[127.72835,37.19179],[127.73251,37.19593],[127.73218,37.20138],[127.73447,37.20331],[127.73526,37.20807],[127.74413,37.21486],[127.74427,37.20752],[127.74644,37.20068],[127.74785,37.20032],[127.75097,37.18279],[127.7556,37.17133],[127.7655,37.15915],[127.78931,37.14352],[127.79336,37.14574],[127.80165,37.14431],[127.80694,37.14706],[127.81674,37.14698],[127.8252,37.15224],[127.84694,37.15284],[127.85007,37.15423],[127.85128,37.15846],[127.85354,37.16033],[127.85529,37.15995],[127.85599,37.15654],[127.86124,37.15545],[127.86204,37.1611],[127.87205,37.16434],[127.89057,37.15921],[127.89543,37.15609],[127.8991,37.15009],[127.90163,37.15187],[127.90387,37.15702],[127.90346,37.16005],[127.90616,37.16175],[127.90863,37.16712],[127.91505,37.16888],[127.92396,37.16387],[127.92632,37.16561],[127.9273,37.16978],[127.93345,37.1759],[127.9326,37.18237],[127.93604,37.18872],[127.93296,37.19309],[127.93092,37.20113],[127.93247,37.20693],[127.92707,37.21997],[127.92246,37.22215],[127.92191,37.22584],[127.92662,37.2316],[127.93888,37.24074],[127.94523,37.24061],[127.94738,37.24418],[127.95267,37.24791],[127.96454,37.25104],[127.96975,37.2557],[127.9799,37.25833],[127.98165,37.25688],[127.98547,37.25814],[127.99415,37.25373],[127.999,37.25486],[128.00797,37.25212],[128.01267,37.24765],[128.01765,37.24619],[128.01922,37.24437],[128.02289,37.22595],[128.03213,37.2238],[128.03284,37.22012],[128.03876,37.21604],[128.03688,37.21276],[128.03314,37.21077],[128.02832,37.20245],[128.03163,37.19933],[128.03393,37.19139],[128.04087,37.189],[128.04377,37.19089],[128.0498,37.18961],[128.06047,37.19409],[128.06303,37.19282],[128.07005,37.19449],[128.07756,37.19374],[128.08827,37.19941],[128.09488,37.19991],[128.10871,37.20571],[128.1116,37.20785],[128.11115,37.21015],[128.11413,37.21311],[128.11551,37.22027],[128.12211,37.22513],[128.1208,37.22729],[128.12532,37.23454],[128.12957,37.23375],[128.13291,37.22983],[128.14055,37.22955],[128.14204,37.2286],[128.14247,37.22422],[128.15086,37.22074],[128.15417,37.21587],[128.15802,37.21631],[128.16429,37.21344],[128.173,37.21903],[128.17253,37.22494],[128.1758,37.2282],[128.17362,37.23101],[128.1741,37.2326],[128.19317,37.24524],[128.19996,37.24714],[128.20118,37.24897],[128.2078,37.24882],[128.2103,37.24579],[128.21464,37.24607],[128.21477,37.24205],[128.22031,37.2403],[128.22921,37.22759],[128.23293,37.22703],[128.23742,37.22932],[128.24439,37.22668],[128.25093,37.22958],[128.25797,37.22124],[128.25983,37.21636],[128.26839,37.208],[128.27285,37.20986],[128.28378,37.21024],[128.28818,37.21507],[128.3089,37.21739],[128.31404,37.22269],[128.31659,37.22339],[128.32095,37.21939],[128.3334,37.21579],[128.33053,37.21168],[128.32875,37.20591],[128.32964,37.20226],[128.32728,37.19826],[128.32574,37.19693],[128.32227,37.19819],[128.32176,37.19555],[128.31348,37.19666],[128.3142,37.19],[128.31127,37.18978],[128.31049,37.18734],[128.30766,37.186],[128.3028,37.18664],[128.29992,37.18358],[128.29581,37.18318],[128.29807,37.17166],[128.28967,37.17015],[128.28109,37.17328],[128.27673,37.17246],[128.27069,37.16628],[128.27039,37.16177],[128.26469,37.16039],[128.26628,37.15622],[128.2706,37.15422],[128.2733,37.14764],[128.27978,37.14258],[128.28469,37.14315],[128.29267,37.1393],[128.29637,37.13426],[128.30603,37.13748],[128.30588,37.13953],[128.31111,37.14578],[128.31988,37.1474],[128.32202,37.14922],[128.32467,37.14805],[128.32746,37.15294],[128.33103,37.15069],[128.3355,37.15725],[128.33847,37.15814],[128.34256,37.156],[128.35151,37.15741],[128.3598,37.15055],[128.36442,37.15763],[128.36791,37.15447],[128.37583,37.15331],[128.37755,37.15172],[128.37875,37.15469],[128.38315,37.1565],[128.38371,37.15821],[128.38881,37.15474],[128.3928,37.1548],[128.39328,37.15172],[128.39643,37.14859],[128.40087,37.14688],[128.40366,37.13962],[128.39677,37.12869],[128.40728,37.12639],[128.411,37.12218],[128.41847,37.11981],[128.42109,37.11373],[128.42356,37.11224],[128.4222,37.10783],[128.42456,37.10253],[128.4299,37.10369],[128.43058,37.10675],[128.4353,37.1094],[128.43614,37.11199],[128.44269,37.10924],[128.44462,37.10689],[128.45084,37.11236],[128.45804,37.11029],[128.47777,37.11018],[128.48168,37.11251],[128.48238,37.11494],[128.491,37.12382],[128.49655,37.12579],[128.50668,37.11546],[128.51076,37.11395],[128.51438,37.10267],[128.52184,37.10309],[128.53116,37.10001],[128.53414,37.09811],[128.53697,37.0901],[128.54983,37.08631],[128.55662,37.08722],[128.5617,37.09024],[128.57091,37.08622],[128.57064,37.08448],[128.57466,37.08138],[128.58173,37.08167],[128.59179,37.07817],[128.59506,37.08155],[128.60162,37.08306],[128.60099,37.07893],[128.60488,37.07936],[128.6064,37.07668],[128.62264,37.0874],[128.62828,37.08133],[128.62843,37.07505],[128.63435,37.07101],[128.6374,37.07226],[128.64267,37.07076],[128.6521,37.06544],[128.65187,37.06349],[128.64611,37.06106],[128.63904,37.0525],[128.63709,37.05265],[128.63775,37.05103],[128.63412,37.04574],[128.63292,37.0405],[128.62283,37.04534],[128.6215,37.04916],[128.6088,37.05248],[128.60716,37.04983],[128.60679,37.0434],[128.60158,37.04408],[128.59683,37.04177],[128.58354,37.04365],[128.57773,37.03557],[128.56909,37.03475],[128.56553,37.03096],[128.567,37.02598],[128.57261,37.02197],[128.57127,37.01593],[128.56914,37.01277],[128.56356,37.01012],[128.56292,37.00789],[128.55598,37.00552],[128.55473,36.99829],[128.54303,36.99209],[128.53553,36.99023],[128.52952,36.99076],[128.51579,36.98677],[128.5139,36.98046],[128.51461,36.97758],[128.50663,36.97323],[128.50673,36.97008],[128.48628,36.96206],[128.48489,36.95747],[128.47698,36.95742],[128.46742,36.9516],[128.46288,36.94737],[128.46342,36.94376],[128.46025,36.93784],[128.4604,36.934],[128.45608,36.93405],[128.45267,36.93072],[128.44207,36.92734],[128.44288,36.9199],[128.44517,36.91741],[128.44475,36.91369],[128.44312,36.91229],[128.44028,36.90125],[128.42694,36.88945],[128.42816,36.88477],[128.42415,36.87701],[128.43843,36.87327],[128.448,36.86439],[128.44913,36.86287],[128.44673,36.85331],[128.44903,36.84784],[128.4415,36.8376],[128.43432,36.83415],[128.43205,36.82407],[128.42614,36.81838],[128.42525,36.81478],[128.42048,36.81151],[128.40605,36.81192],[128.39435,36.81485],[128.38142,36.81387],[128.3684,36.80208],[128.36408,36.80222],[128.35708,36.80633],[128.3567,36.81045],[128.35304,36.81248],[128.33439,36.81696],[128.32085,36.81564],[128.31645,36.81666],[128.31578,36.82266],[128.3116,36.82504],[128.31039,36.82849],[128.30584,36.82892],[128.29562,36.83534],[128.28953,36.84347],[128.28655,36.84503],[128.28237,36.85637],[128.27618,36.85714],[128.26857,36.86033],[128.26497,36.86409],[128.25196,36.86702],[128.24189,36.87221],[128.24051,36.87151],[128.2395,36.8651],[128.23484,36.86255],[128.23441,36.85471],[128.23871,36.85018],[128.23702,36.84535],[128.23011,36.84537],[128.2134,36.84964],[128.21124,36.84688],[128.21072,36.84241],[128.21451,36.83486],[128.21732,36.81937],[128.21672,36.81325],[128.21422,36.8117],[128.20715,36.81242],[128.19374,36.81709],[128.1848,36.81663],[128.17138,36.82208],[128.16263,36.82099],[128.15312,36.82243],[128.15069,36.82425],[128.14901,36.8286],[128.14422,36.83017],[128.14109,36.83346],[128.13394,36.83262],[128.13397,36.82844],[128.12987,36.82515],[128.11924,36.82303],[128.11845,36.82149],[128.11009,36.82144],[128.10708,36.80731],[128.09318,36.803],[128.0935,36.79678],[128.09005,36.79664],[128.08383,36.7993],[128.08514,36.80433],[128.07195,36.81445],[128.06444,36.81739],[128.05973,36.81679],[128.05706,36.80934],[128.05795,36.80701],[128.05411,36.80538],[128.05613,36.79842],[128.05498,36.79266],[128.04877,36.78363],[128.04564,36.78232],[128.04691,36.77861],[128.04471,36.77463],[128.0448,36.77105],[128.03247,36.75532],[128.03238,36.74779],[128.05072,36.73671],[128.05544,36.73052],[128.05725,36.73108],[128.0607,36.72686],[128.06799,36.72223],[128.07272,36.71189],[128.07038,36.7077],[128.05863,36.70895],[128.0497,36.70775],[128.03178,36.71884],[128.02578,36.71906],[128.02093,36.72192],[128.01463,36.73013],[128.00943,36.7284],[128.00194,36.71726],[127.98685,36.71755],[127.98024,36.72009],[127.97315,36.7262],[127.9707,36.73088],[127.96316,36.73339],[127.96053,36.73708],[127.95847,36.73682],[127.95512,36.73185],[127.9536,36.72268],[127.94925,36.71967],[127.94953,36.70805],[127.94648,36.70621],[127.93339,36.70607],[127.93098,36.70184],[127.93159,36.69442],[127.92892,36.69084],[127.92646,36.69033],[127.91585,36.69396],[127.90739,36.69259],[127.89817,36.69312],[127.89457,36.6948],[127.89418,36.69216],[127.88858,36.69186],[127.88583,36.68825],[127.88111,36.68747],[127.88198,36.68345],[127.87468,36.68237],[127.8801,36.67874],[127.88194,36.68002],[127.88763,36.67873],[127.89145,36.68243],[127.89525,36.6811],[127.90037,36.68221],[127.90166,36.68057],[127.91297,36.67767],[127.91779,36.66802],[127.92957,36.66877],[127.93221,36.66452],[127.93171,36.6554],[127.93414,36.65332],[127.93908,36.65275],[127.93921,36.64706],[127.9343,36.641],[127.93385,36.63623],[127.93596,36.633],[127.93147,36.62467],[127.93238,36.61874],[127.92416,36.61543],[127.92497,36.60418],[127.9262,36.60297],[127.91996,36.60112],[127.91871,36.60875],[127.9118,36.61454],[127.90856,36.62582],[127.90221,36.62759],[127.89691,36.6263],[127.88885,36.62915],[127.88724,36.63472],[127.88867,36.6397],[127.88199,36.64642],[127.87935,36.65669],[127.87402,36.65507],[127.87234,36.65026],[127.86996,36.64871],[127.87013,36.64552],[127.86363,36.64065],[127.8613,36.63557],[127.85658,36.63446],[127.85221,36.63562],[127.84776,36.63386],[127.85056,36.63126],[127.84786,36.62488],[127.84988,36.61958],[127.85573,36.61758],[127.8583,36.61353],[127.85519,36.61188],[127.84977,36.6131],[127.8407,36.60829],[127.83227,36.61268],[127.82752,36.61077],[127.8217,36.6127],[127.81857,36.6083],[127.81199,36.60754],[127.80319,36.60214],[127.79847,36.60199],[127.79618,36.59516],[127.79943,36.58953],[127.7985,36.58679],[127.8051,36.58151],[127.8162,36.57808],[127.8182,36.5747],[127.82455,36.57098],[127.82803,36.5715],[127.83016,36.57428],[127.83421,36.57312],[127.83701,36.57014],[127.84262,36.57053],[127.8437,36.56902],[127.85236,36.57115],[127.86042,36.56795],[127.86047,36.56584],[127.86456,36.56401],[127.86658,36.56045],[127.87032,36.55915],[127.87299,36.55133],[127.87068,36.54298],[127.87442,36.54085],[127.87625,36.53671],[127.87905,36.53474],[127.88872,36.53369],[127.89307,36.53051],[127.89636,36.53119],[127.90246,36.52807],[127.90097,36.52514],[127.90216,36.52071],[127.90117,36.51923],[127.90339,36.51727],[127.90321,36.51099],[127.90634,36.50695],[127.90082,36.50002],[127.89503,36.4983],[127.88871,36.49314],[127.88063,36.49319],[127.88036,36.48997],[127.87605,36.48808],[127.87541,36.48331],[127.88062,36.48063],[127.88238,36.47588],[127.88038,36.47389],[127.88082,36.46852],[127.87856,36.46687],[127.88196,36.46184],[127.87898,36.45753],[127.87968,36.45407],[127.87832,36.45049],[127.87467,36.44863],[127.87219,36.44124],[127.87424,36.4383],[127.87339,36.43643],[127.8756,36.428],[127.87315,36.42446],[127.88272,36.42435],[127.88259,36.42155],[127.87575,36.41439],[127.87539,36.41131],[127.87329,36.40956],[127.87332,36.40611],[127.86951,36.40364],[127.86412,36.40297],[127.86394,36.39975],[127.86631,36.39476],[127.8634,36.39308],[127.86478,36.39151],[127.87572,36.39059],[127.87923,36.38342],[127.88417,36.38001],[127.8831,36.37417],[127.88022,36.37146],[127.88367,36.37064],[127.88646,36.36374],[127.89127,36.35969],[127.89084,36.35657],[127.88557,36.35455],[127.88551,36.35015],[127.8826,36.34591],[127.87352,36.34504],[127.87043,36.34348],[127.86999,36.33987],[127.86576,36.33558],[127.86174,36.33569],[127.86189,36.33308],[127.86021,36.33359],[127.8546,36.33064],[127.8527,36.33167],[127.8507,36.3208],[127.8458,36.31789],[127.84465,36.31335],[127.84155,36.3101],[127.84686,36.30076],[127.84566,36.29372],[127.84918,36.2888],[127.85116,36.27445],[127.86087,36.27708],[127.88253,36.27396],[127.88991,36.28924],[127.90429,36.30145],[127.90611,36.2953],[127.90563,36.29103],[127.90811,36.28551],[127.9185,36.2802],[127.93091,36.27801],[127.93795,36.26909],[127.94288,36.2668],[127.94736,36.26724],[127.94907,36.25682],[127.95461,36.25722],[127.96035,36.25235],[127.96482,36.25318],[127.96818,36.25039],[127.97051,36.25044],[127.97826,36.25464],[127.97672,36.25929],[127.98115,36.26371],[127.99049,36.26339],[127.99441,36.26744],[127.9984,36.26841],[128.00074,36.26658],[128.00907,36.27201],[128.01903,36.26731],[128.02623,36.2679],[128.02698,36.26537],[128.03001,36.26452],[128.03157,36.26187],[128.04735,36.25655],[128.04573,36.25212],[128.04022,36.25192],[128.03563,36.24614],[128.03565,36.24347],[128.03058,36.24],[128.0332,36.23369],[128.03934,36.22868],[128.04046,36.22468],[128.03905,36.22216],[128.04147,36.21838],[128.05009,36.21646],[128.04943,36.2106],[128.05078,36.20606],[128.05815,36.20125],[128.05219,36.20061],[128.04542,36.19627],[128.03863,36.19416],[128.03611,36.19778],[128.02393,36.20664],[128.00978,36.20931],[128.00637,36.20732],[127.99864,36.20734],[127.99483,36.20426],[127.99304,36.20003],[127.98921,36.19957],[127.98495,36.20128],[127.97848,36.19816],[127.97982,36.19604],[127.98271,36.1963],[127.97649,36.19197],[127.97568,36.18761],[127.98133,36.17921],[127.98413,36.17817],[127.98291,36.17008],[127.99018,36.16567],[127.99064,36.15874],[127.9972,36.15547],[127.98757,36.14741],[127.98917,36.14397],[127.9873,36.14067],[127.98886,36.13283],[127.98778,36.12882],[127.97862,36.12516],[127.97642,36.12273],[127.97027,36.12181],[127.96683,36.11805],[127.96551,36.11063],[127.96869,36.10313],[127.965,36.09868],[127.96463,36.09555],[127.95981,36.09438],[127.95848,36.09021],[127.96169,36.08298],[127.96087,36.07034],[127.95343,36.06627],[127.94719,36.05718],[127.9363,36.05108],[127.93018,36.04944],[127.92514,36.05284],[127.91614,36.05424],[127.90541,36.04603],[127.90269,36.0391],[127.89382,36.0376],[127.88853,36.03485],[127.8851,36.03569],[127.88346,36.02806],[127.87677,36.02251],[127.86615,36.02429],[127.86061,36.03143],[127.85566,36.03293],[127.85278,36.03898],[127.8483,36.03967],[127.83909,36.03588],[127.83053,36.03524],[127.81849,36.02813],[127.81462,36.02888],[127.8055,36.02596],[127.79949,36.02608],[127.78762,36.0145],[127.78153,36.01651],[127.76427,36.01243],[127.75936,36.01497],[127.7626,36.02155],[127.76142,36.02522],[127.75386,36.02406],[127.74739,36.02969],[127.74383,36.02861],[127.74148,36.0248],[127.73476,36.03229],[127.73078,36.03227],[127.72753,36.0297],[127.72532,36.03227],[127.71918,36.03186],[127.71735,36.03442],[127.71339,36.03573],[127.70572,36.03399],[127.70193,36.03527],[127.69646,36.0411],[127.69502,36.04591],[127.69603,36.0507],[127.69495,36.05836],[127.69074,36.05803],[127.68818,36.06273],[127.66934,36.05116],[127.67181,36.04848],[127.67057,36.04494],[127.67273,36.04162],[127.66906,36.03865],[127.66441,36.03751],[127.66023,36.03854],[127.65415,36.05628],[127.64905,36.05799],[127.64835,36.06261],[127.64449,36.06684],[127.63817,36.06826],[127.6342,36.07362],[127.63458,36.07671],[127.63219,36.07964],[127.63216,36.08234],[127.62325,36.09063],[127.61924,36.0907],[127.61727,36.09358],[127.61811,36.09874],[127.61692,36.10488],[127.61897,36.10899],[127.61636,36.11147],[127.61307,36.11181],[127.60978,36.11845],[127.60599,36.11679],[127.5992,36.12294],[127.59856,36.12524],[127.59602,36.12557],[127.58948,36.1343],[127.59087,36.13748],[127.59044,36.14333],[127.59341,36.15052],[127.60159,36.16],[127.60129,36.1692],[127.59866,36.1737],[127.59306,36.17738],[127.59482,36.17964],[127.59424,36.18218],[127.59756,36.18468],[127.59246,36.1952],[127.59949,36.20466],[127.59882,36.21006],[127.59631,36.21188],[127.59778,36.21739],[127.59276,36.21982],[127.59019,36.22525],[127.58657,36.22506],[127.58368,36.23122],[127.57936,36.23274],[127.57486,36.232],[127.57028,36.23347],[127.56702,36.23193],[127.56381,36.22752],[127.56139,36.22894],[127.55437,36.22619],[127.54533,36.22551],[127.54509,36.22843],[127.54961,36.23881],[127.53792,36.24278],[127.53509,36.24732],[127.53612,36.25117],[127.52706,36.24834],[127.51813,36.24064],[127.51207,36.24068],[127.50217,36.23765],[127.49258,36.23795],[127.49233,36.24435],[127.48854,36.24754],[127.48761,36.25144],[127.49002,36.25409],[127.48994,36.25742],[127.48631,36.25922],[127.48605,36.26125],[127.48833,36.26722],[127.49014,36.26823],[127.48875,36.27271],[127.49671,36.27918],[127.49885,36.28299],[127.4912,36.29659],[127.49249,36.30018],[127.49622,36.30021],[127.49893,36.30568],[127.4941,36.3121],[127.4977,36.3158],[127.49598,36.31988],[127.49996,36.32084],[127.50293,36.32557],[127.50056,36.33929],[127.5079,36.34321],[127.50744,36.34629],[127.51188,36.34621],[127.51678,36.34847],[127.52244,36.35445],[127.522,36.35788],[127.52479,36.36368],[127.52409,36.36591],[127.52653,36.36994],[127.52483,36.37525],[127.52493,36.38751],[127.53326,36.39168],[127.53342,36.39354],[127.53743,36.395],[127.53922,36.3979],[127.54389,36.39614],[127.55003,36.39687],[127.55407,36.3949],[127.55925,36.3981],[127.55894,36.39957],[127.5532,36.40122],[127.55017,36.40704],[127.54556,36.40883],[127.54289,36.41209],[127.54195,36.41944],[127.53952,36.42057],[127.53524,36.41895],[127.52938,36.41922],[127.52424,36.42336],[127.51993,36.41982],[127.51816,36.42011],[127.5047,36.40527],[127.49135,36.42977],[127.50433,36.44635],[127.48167,36.45484],[127.45534,36.44717],[127.43833,36.45372],[127.40475,36.45277],[127.40631,36.4803],[127.3978,36.48869],[127.40899,36.49216],[127.41101,36.52087],[127.40404,36.53806],[127.38562,36.53909],[127.3746,36.55717],[127.33919,36.56023],[127.3268,36.57799],[127.31022,36.58057],[127.30296,36.61262],[127.28133,36.63221]],[[127.44992,36.75671],[127.50409,36.77682],[127.50898,36.77312],[127.50875,36.77662],[127.50494,36.77947],[127.4972,36.77998],[127.49045,36.7738],[127.48189,36.77601],[127.47041,36.76882],[127.46164,36.77019],[127.45844,36.76579],[127.45109,36.76105],[127.44992,36.75671]]]}}]}