{"type":"FeatureCollection","features":[{"type":"Feature","properties":{"EMD_CD":"28720360","EMD_KOR_NM":"영흥면","sgg":"옹진군","adm_nm":"인천광역시 옹진군 영흥면","sido":"인천"},"geometry":{"type":"MultiPolygon","coordinates":[[[[126.39891,37.17418],[126.39854,37.17442],[126.39811,37.1757],[126.39881,37.17588],[126.40062,37.17516],[126.4009,37.17452],[126.40086,37.17388],[126.40044,37.17346],[126.39891,37.17418]]],[[[126.37599,37.20826],[126.37616,37.20816],[126.37592,37.20779],[126.37599,37.20826]]],[[[126.48633,37.25557],[126.48589,37.25504],[126.48606,37.25446],[126.48753,37.25362],[126.48695,37.25307],[126.48579,37.25274],[126.48522,37.25374],[126.4837,37.25421],[126.48228,37.25507],[126.48114,37.25506],[126.48079,37.25535],[126.47994,37.25534],[126.47763,37.25395],[126.47655,37.25375],[126.47541,37.25262],[126.4756,37.25198],[126.47764,37.25108],[126.47819,37.25039],[126.47921,37.24988],[126.47892,37.24975],[126.48012,37.2493],[126.48219,37.2478],[126.48224,37.24754],[126.48092,37.24658],[126.4801,37.24553],[126.48012,37.2447],[126.48094,37.24392],[126.48243,37.2432],[126.48223,37.2429],[126.48248,37.2426],[126.48238,37.24202],[126.48157,37.24194],[126.48161,37.24143],[126.4812,37.24132],[126.47993,37.24175],[126.47872,37.24164],[126.47823,37.24213],[126.47777,37.24216],[126.47537,37.2417],[126.47446,37.24093],[126.47354,37.24099],[126.47173,37.24019],[126.47034,37.23916],[126.4688,37.23701],[126.4685,37.23605],[126.46862,37.23538],[126.46912,37.23398],[126.47176,37.23334],[126.46937,37.23311],[126.46886,37.23281],[126.46896,37.23264],[126.46851,37.23273],[126.45782,37.22604],[126.45917,37.22462],[126.45917,37.22425],[126.45877,37.224],[126.45726,37.22511],[126.45486,37.22784],[126.45284,37.22846],[126.45325,37.22918],[126.45315,37.22954],[126.4538,37.22967],[126.45413,37.23141],[126.45774,37.23206],[126.45862,37.23308],[126.45855,37.23448],[126.45813,37.23541],[126.45686,37.23683],[126.45713,37.23729],[126.45769,37.2373],[126.45746,37.23752],[126.45782,37.23857],[126.45634,37.24087],[126.45546,37.24103],[126.45149,37.24292],[126.44765,37.24275],[126.44581,37.24197],[126.44514,37.24104],[126.44525,37.2397],[126.44453,37.23908],[126.44459,37.23831],[126.44388,37.23768],[126.44469,37.23836],[126.44534,37.23726],[126.44432,37.23695],[126.44419,37.23582],[126.44351,37.23518],[126.44311,37.23537],[126.44303,37.23604],[126.44333,37.238],[126.44221,37.23915],[126.44223,37.23949],[126.44098,37.23948],[126.44057,37.23868],[126.44059,37.23506],[126.43918,37.23504],[126.43922,37.23114],[126.4354,37.23112],[126.43503,37.2323],[126.43374,37.23234],[126.43308,37.23287],[126.43258,37.23246],[126.43156,37.23303],[126.43219,37.23357],[126.43172,37.23395],[126.43173,37.2386],[126.43137,37.23859],[126.43136,37.23948],[126.43172,37.23949],[126.43167,37.24439],[126.43709,37.24461],[126.43726,37.24616],[126.4377,37.24639],[126.43782,37.24734],[126.43558,37.24839],[126.43536,37.24886],[126.43518,37.24973],[126.43523,37.25014],[126.43549,37.25019],[126.43528,37.25051],[126.43562,37.25073],[126.4357,37.25138],[126.43533,37.25146],[126.43519,37.25247],[126.43565,37.25261],[126.43622,37.25427],[126.43554,37.25533],[126.43355,37.25659],[126.43348,37.25716],[126.43426,37.25727],[126.43365,37.25981],[126.43269,37.26092],[126.43046,37.26121],[126.42902,37.26183],[126.42914,37.26248],[126.43016,37.26321],[126.43,37.26348],[126.43071,37.26349],[126.43111,37.26327],[126.43108,37.26293],[126.43202,37.26268],[126.43331,37.26363],[126.43353,37.26454],[126.43385,37.26475],[126.43437,37.26482],[126.43522,37.26443],[126.43544,37.26492],[126.43688,37.26549],[126.43731,37.26668],[126.4368,37.26778],[126.43496,37.26871],[126.43446,37.26932],[126.43467,37.26948],[126.43503,37.27292],[126.43438,37.27376],[126.43551,37.27428],[126.4371,37.27271],[126.43912,37.27243],[126.44012,37.27274],[126.44057,37.27243],[126.4426,37.27317],[126.44368,37.27299],[126.44423,37.27233],[126.44579,37.27246],[126.44654,37.27155],[126.44702,37.27137],[126.44825,37.27176],[126.45041,37.27306],[126.45209,37.27447],[126.45424,37.27736],[126.45413,37.27867],[126.45346,37.27898],[126.45298,37.27986],[126.45104,37.27967],[126.45066,37.27995],[126.45207,37.28095],[126.45217,37.28157],[126.45145,37.28194],[126.4536,37.28193],[126.45489,37.28306],[126.45557,37.28451],[126.45593,37.28427],[126.45572,37.2834],[126.45726,37.28265],[126.459,37.28256],[126.46072,37.28343],[126.46087,37.28317],[126.46211,37.28301],[126.46374,37.28398],[126.4644,37.28343],[126.46583,37.2838],[126.46652,37.28366],[126.46776,37.28451],[126.46778,37.28482],[126.46874,37.28519],[126.46974,37.28602],[126.47016,37.28647],[126.47006,37.28714],[126.47055,37.28714],[126.47069,37.28742],[126.47089,37.28726],[126.47071,37.28637],[126.47029,37.28606],[126.47049,37.28566],[126.4714,37.28452],[126.47331,37.28341],[126.47378,37.28345],[126.47387,37.28302],[126.47445,37.28256],[126.4758,37.28213],[126.47943,37.28192],[126.47943,37.28146],[126.48101,37.28126],[126.48169,37.28091],[126.48511,37.28164],[126.48707,37.28241],[126.48762,37.28327],[126.48842,37.28327],[126.48906,37.28374],[126.48906,37.28218],[126.49014,37.28163],[126.49,37.28064],[126.49032,37.28018],[126.49093,37.27976],[126.4921,37.27974],[126.49146,37.27867],[126.49211,37.27971],[126.49352,37.27979],[126.49373,37.27948],[126.49349,37.27844],[126.4945,37.27751],[126.49724,37.27707],[126.49733,37.27652],[126.49647,37.27632],[126.49605,37.27587],[126.49633,37.27477],[126.49407,37.27311],[126.49409,37.27039],[126.49498,37.26847],[126.49646,37.26667],[126.49639,37.26547],[126.49595,37.26431],[126.49641,37.26326],[126.49954,37.26028],[126.50177,37.25892],[126.50181,37.25854],[126.50171,37.2589],[126.50121,37.25906],[126.50069,37.25872],[126.50087,37.25714],[126.49994,37.25601],[126.50022,37.25562],[126.4999,37.25597],[126.49883,37.25577],[126.4991,37.25502],[126.49877,37.25494],[126.49894,37.2545],[126.49771,37.25465],[126.49771,37.25389],[126.49875,37.25334],[126.4976,37.25378],[126.49651,37.25378],[126.49649,37.25582],[126.49533,37.2565],[126.49259,37.25897],[126.49147,37.2595],[126.48677,37.25973],[126.48508,37.25911],[126.48489,37.25862],[126.48529,37.25764],[126.48727,37.25659],[126.48633,37.25557]]],[[[126.38214,37.20643],[126.38338,37.20742],[126.38513,37.20714],[126.38498,37.20665],[126.383,37.20632],[126.38214,37.20643]]],[[[126.37641,37.20629],[126.37582,37.20581],[126.37502,37.20673],[126.37605,37.20713],[126.37705,37.20622],[126.37641,37.20629]]],[[[126.38095,37.20728],[126.38214,37.20718],[126.38222,37.20691],[126.38074,37.20662],[126.38016,37.20685],[126.38023,37.20718],[126.38095,37.20728]]],[[[126.36206,37.20926],[126.36188,37.20967],[126.36268,37.21098],[126.36406,37.2107],[126.36537,37.20927],[126.36328,37.20965],[126.36235,37.20914],[126.36206,37.20926]]],[[[126.384,37.24117],[126.38605,37.24067],[126.38838,37.24066],[126.38707,37.24004],[126.38511,37.23994],[126.38391,37.24033],[126.384,37.24117]]],[[[126.3904,37.24118],[126.39214,37.24303],[126.39264,37.24475],[126.39201,37.24501],[126.39226,37.24516],[126.39374,37.24501],[126.39331,37.24414],[126.3941,37.24317],[126.39662,37.243],[126.39835,37.24124],[126.39649,37.24095],[126.39517,37.24129],[126.39235,37.24063],[126.39158,37.24118],[126.3904,37.24118]]],[[[126.48755,37.24045],[126.48789,37.24073],[126.48795,37.24001],[126.48726,37.2401],[126.48755,37.24045]]],[[[126.50091,37.2427],[126.50086,37.24311],[126.50155,37.24312],[126.5015,37.24277],[126.50091,37.2427]]],[[[126.44609,37.21155],[126.44648,37.21174],[126.44644,37.21147],[126.44609,37.21155]]],[[[126.4996,37.2437],[126.49929,37.24321],[126.49861,37.24333],[126.49888,37.24398],[126.49944,37.24403],[126.4996,37.2437]]],[[[126.51611,37.23427],[126.51749,37.23401],[126.51763,37.2335],[126.51868,37.23387],[126.51864,37.23314],[126.51935,37.23217],[126.51923,37.23152],[126.51805,37.23093],[126.51766,37.22997],[126.51531,37.22902],[126.51494,37.22809],[126.51304,37.22787],[126.5127,37.22816],[126.51276,37.22897],[126.51185,37.23045],[126.51148,37.23172],[126.51185,37.23231],[126.51192,37.23316],[126.51434,37.23387],[126.51517,37.23439],[126.51611,37.23427]]],[[[126.50203,37.24245],[126.5034,37.24295],[126.50347,37.24258],[126.50419,37.24234],[126.50383,37.24201],[126.50297,37.2421],[126.5024,37.24183],[126.50241,37.24217],[126.50203,37.24245]]],[[[126.50051,37.24302],[126.50067,37.24279],[126.50008,37.2429],[126.50051,37.24302]]],[[[126.53343,37.24127],[126.53384,37.24043],[126.53352,37.23985],[126.53394,37.23894],[126.53809,37.23507],[126.53864,37.23521],[126.53793,37.23498],[126.53825,37.23415],[126.53773,37.23365],[126.53775,37.23292],[126.53733,37.23248],[126.5365,37.23293],[126.53582,37.2329],[126.53585,37.23316],[126.53381,37.2332],[126.5341,37.23346],[126.53315,37.23289],[126.53302,37.23328],[126.52934,37.23481],[126.52956,37.23489],[126.52655,37.23521],[126.52454,37.23584],[126.52393,37.23692],[126.52485,37.23722],[126.52567,37.23808],[126.52609,37.23962],[126.52631,37.24155],[126.52572,37.24466],[126.52607,37.24584],[126.52145,37.2503],[126.51982,37.25071],[126.51937,37.25009],[126.51905,37.2501],[126.51829,37.25029],[126.51819,37.25068],[126.5168,37.25154],[126.51612,37.25118],[126.51544,37.25125],[126.51529,37.25192],[126.51364,37.25326],[126.51205,37.25332],[126.51154,37.25361],[126.51054,37.25293],[126.50986,37.25325],[126.51029,37.25313],[126.51077,37.25418],[126.51052,37.25433],[126.51147,37.25406],[126.51267,37.25468],[126.51346,37.25583],[126.51422,37.25632],[126.51429,37.25744],[126.51328,37.25785],[126.51384,37.25814],[126.51412,37.25763],[126.51601,37.25715],[126.51697,37.25757],[126.51731,37.25807],[126.51762,37.25772],[126.51735,37.25808],[126.51864,37.25785],[126.51893,37.25808],[126.52026,37.2581],[126.52087,37.25852],[126.52059,37.25879],[126.52088,37.25947],[126.52196,37.25951],[126.52109,37.25884],[126.52108,37.25856],[126.52285,37.2575],[126.52398,37.25782],[126.52386,37.25755],[126.52677,37.25438],[126.52771,37.25237],[126.52877,37.25202],[126.52879,37.25145],[126.5284,37.25142],[126.52907,37.25029],[126.52629,37.24897],[126.52719,37.24751],[126.52897,37.24611],[126.53065,37.24535],[126.53185,37.24509],[126.53256,37.24536],[126.53232,37.24582],[126.53364,37.24558],[126.53316,37.24423],[126.5322,37.24367],[126.53193,37.24296],[126.53343,37.24127]]],[[[126.533,37.22876],[126.5327,37.22871],[126.53244,37.22936],[126.53304,37.22971],[126.53325,37.22946],[126.533,37.22876]]],[[[126.55197,37.2449],[126.55137,37.24481],[126.55096,37.24515],[126.55097,37.24584],[126.55172,37.24558],[126.55197,37.2449]]],[[[126.54847,37.24576],[126.54807,37.24609],[126.5486,37.24598],[126.54847,37.24576]]],[[[126.54129,37.24614],[126.54088,37.24581],[126.54035,37.24643],[126.54059,37.24673],[126.54129,37.24614]]],[[[126.50778,37.27602],[126.50837,37.27587],[126.50791,37.27578],[126.50778,37.27602]]],[[[126.51673,37.26029],[126.51687,37.25951],[126.51654,37.25952],[126.51635,37.25973],[126.51673,37.26029]]]]}},{"type":"Feature","properties":{"EMD_CD":"28155108","EMD_KOR_NM":"무의동","sgg":"영종구","adm_nm":"인천광역시 영종구 무의동","sido":"인천"},"geometry":{"type":"MultiPolygon","coordinates":[[[[126.41191,37.4107],[126.41226,37.41073],[126.41402,37.40924],[126.41427,37.40952],[126.414,37.40901],[126.41412,37.40742],[126.41325,37.40546],[126.41355,37.4044],[126.41432,37.40341],[126.41559,37.40411],[126.41703,37.40324],[126.41751,37.40328],[126.41804,37.40249],[126.41946,37.40162],[126.42259,37.40108],[126.42243,37.40057],[126.42205,37.4004],[126.42214,37.39981],[126.42284,37.39901],[126.42229,37.39854],[126.42247,37.39827],[126.4232,37.39761],[126.42433,37.39714],[126.42546,37.39606],[126.42632,37.39623],[126.42609,37.39588],[126.4272,37.39422],[126.42716,37.39374],[126.428,37.39395],[126.42882,37.39375],[126.4288,37.39254],[126.42974,37.3909],[126.4302,37.39088],[126.43135,37.38976],[126.43222,37.38976],[126.43299,37.38933],[126.43483,37.38928],[126.43513,37.38874],[126.43499,37.38792],[126.43602,37.38702],[126.43819,37.38656],[126.43866,37.38601],[126.4399,37.38592],[126.44048,37.38545],[126.44199,37.38532],[126.44193,37.38505],[126.44129,37.38491],[126.44099,37.38369],[126.44155,37.38322],[126.44134,37.38296],[126.44166,37.38239],[126.44166,37.382],[126.44126,37.38166],[126.43982,37.38199],[126.43927,37.38141],[126.43863,37.38124],[126.43848,37.38146],[126.43819,37.38122],[126.43781,37.3813],[126.4375,37.38188],[126.43717,37.38156],[126.4362,37.38197],[126.43451,37.38176],[126.43472,37.38072],[126.43587,37.3797],[126.43528,37.37923],[126.43723,37.3792],[126.43868,37.37823],[126.43923,37.37826],[126.43941,37.37858],[126.4402,37.37833],[126.44014,37.37795],[126.4387,37.3776],[126.43921,37.37744],[126.43902,37.37717],[126.43998,37.37691],[126.4399,37.37645],[126.43936,37.37596],[126.43801,37.376],[126.43651,37.37484],[126.43624,37.37501],[126.43644,37.3752],[126.43558,37.37504],[126.43639,37.37477],[126.43511,37.37514],[126.4342,37.37501],[126.43325,37.3743],[126.4338,37.37292],[126.43324,37.37241],[126.43322,37.37141],[126.43436,37.37112],[126.43483,37.37128],[126.43592,37.37241],[126.4346,37.37096],[126.43501,37.37051],[126.43392,37.36985],[126.43366,37.3689],[126.43171,37.36875],[126.43018,37.36984],[126.42941,37.36969],[126.42872,37.36896],[126.42644,37.36832],[126.42566,37.36876],[126.42491,37.3688],[126.42424,37.36861],[126.42382,37.36782],[126.42408,37.36728],[126.42332,37.36705],[126.42306,37.36653],[126.4226,37.36718],[126.42008,37.36804],[126.41938,37.36782],[126.41911,37.36585],[126.4182,37.36558],[126.41768,37.3659],[126.4161,37.36554],[126.41432,37.36676],[126.41362,37.36651],[126.41359,37.3671],[126.41247,37.36895],[126.41202,37.36939],[126.40972,37.37024],[126.40999,37.37066],[126.40901,37.37134],[126.40892,37.37239],[126.40815,37.37256],[126.4082,37.37337],[126.40864,37.37389],[126.41028,37.37438],[126.41095,37.37511],[126.41087,37.37604],[126.41006,37.37666],[126.40959,37.3777],[126.40962,37.37842],[126.40899,37.37916],[126.40845,37.38056],[126.4091,37.38231],[126.40985,37.38242],[126.41027,37.3829],[126.40958,37.38547],[126.40753,37.38953],[126.40653,37.38955],[126.40558,37.39003],[126.40588,37.39077],[126.40538,37.39183],[126.40516,37.39167],[126.4042,37.39215],[126.40218,37.392],[126.40163,37.39168],[126.40092,37.39181],[126.40022,37.39234],[126.39965,37.39215],[126.39904,37.39234],[126.39773,37.39139],[126.39671,37.3916],[126.39649,37.39261],[126.39712,37.39363],[126.39687,37.3939],[126.39751,37.39374],[126.39799,37.39407],[126.39859,37.39512],[126.4012,37.39573],[126.40065,37.39821],[126.40138,37.39857],[126.40217,37.39848],[126.40244,37.39883],[126.40056,37.40093],[126.40227,37.40253],[126.40498,37.40589],[126.40574,37.40782],[126.40539,37.4086],[126.40426,37.40907],[126.40439,37.40989],[126.40594,37.41078],[126.4068,37.41067],[126.408,37.41238],[126.41033,37.41175],[126.41053,37.4112],[126.41167,37.41052],[126.41191,37.4107]]],[[[126.43988,37.36181],[126.44022,37.36153],[126.44179,37.36194],[126.44212,37.36151],[126.44164,37.36104],[126.44163,37.36067],[126.44101,37.36038],[126.44027,37.36057],[126.44027,37.3612],[126.43963,37.3616],[126.43988,37.36181]]],[[[126.51322,37.35945],[126.51313,37.35864],[126.51272,37.35809],[126.51303,37.3575],[126.51266,37.35716],[126.51197,37.35691],[126.50968,37.35724],[126.50956,37.3584],[126.51013,37.35935],[126.50993,37.35951],[126.51169,37.3593],[126.5119,37.35951],[126.51322,37.35945]]],[[[126.51401,37.36058],[126.51453,37.36049],[126.51386,37.36009],[126.51376,37.36045],[126.51401,37.36058]]],[[[126.44182,37.37297],[126.4421,37.37355],[126.44114,37.37397],[126.44133,37.3743],[126.44249,37.37408],[126.44248,37.37432],[126.44364,37.37472],[126.44534,37.37472],[126.4463,37.37502],[126.44543,37.37383],[126.44565,37.37223],[126.44617,37.37201],[126.44589,37.37191],[126.4458,37.37099],[126.44451,37.37101],[126.44415,37.37046],[126.44325,37.37042],[126.44305,37.37071],[126.44084,37.37103],[126.4401,37.37169],[126.44075,37.37253],[126.44043,37.37284],[126.44071,37.37312],[126.44067,37.37266],[126.44182,37.37297]]],[[[126.38928,37.39829],[126.38923,37.39892],[126.39007,37.39923],[126.39021,37.39953],[126.39013,37.39999],[126.38945,37.40059],[126.38982,37.40165],[126.38979,37.40249],[126.39059,37.40305],[126.39239,37.40322],[126.39374,37.40457],[126.39515,37.40467],[126.39555,37.40495],[126.39625,37.40451],[126.3956,37.40319],[126.39606,37.40264],[126.39464,37.4025],[126.39358,37.40194],[126.39362,37.40121],[126.39428,37.40057],[126.39377,37.40061],[126.39363,37.40021],[126.39233,37.3997],[126.39223,37.39917],[126.39139,37.3985],[126.39107,37.39702],[126.39044,37.39653],[126.38971,37.39664],[126.38913,37.39737],[126.38928,37.39829]]],[[[126.43598,37.40561],[126.43653,37.4057],[126.43834,37.40501],[126.43906,37.40536],[126.44065,37.40542],[126.44123,37.4052],[126.44148,37.40479],[126.4406,37.40385],[126.43986,37.40356],[126.43622,37.40452],[126.43547,37.40525],[126.43572,37.40565],[126.43598,37.40561]]]]}},{"type":"Feature","properties":{"EMD_CD":"28185106","EMD_KOR_NM":"송도동","sgg":"연수구","adm_nm":"인천광역시 연수구 송도동","sido":"인천"},"geometry":{"type":"MultiPolygon","coordinates":[[[[126.68426,37.36215],[126.67855,37.36565],[126.66553,37.35221],[126.66345,37.35054],[126.65474,37.3559],[126.64916,37.35014],[126.64757,37.34895],[126.64451,37.34778],[126.64074,37.34754],[126.64076,37.34186],[126.62271,37.34181],[126.62268,37.34748],[126.61501,37.34745],[126.61485,37.34313],[126.61457,37.34348],[126.61477,37.34352],[126.61457,37.34361],[126.61477,37.34366],[126.61469,37.34745],[126.60251,37.34736],[126.6025,37.34717],[126.59189,37.34732],[126.59189,37.34698],[126.59162,37.34698],[126.59162,37.34732],[126.58309,37.34729],[126.58305,37.35473],[126.6422,37.35494],[126.64207,37.34788],[126.64315,37.34776],[126.64573,37.34821],[126.64815,37.34944],[126.65466,37.35596],[126.61627,37.37945],[126.60997,37.38719],[126.60994,37.39292],[126.60818,37.39399],[126.60816,37.39759],[126.60991,37.39867],[126.60981,37.41632],[126.59945,37.41632],[126.59616,37.41583],[126.59562,37.41675],[126.5897,37.41938],[126.58966,37.42668],[126.59226,37.42669],[126.59228,37.42391],[126.59186,37.42391],[126.59189,37.42314],[126.592,37.4235],[126.59228,37.4235],[126.59228,37.42282],[126.60103,37.41965],[126.60486,37.42527],[126.60807,37.42677],[126.63276,37.42685],[126.63456,37.41804],[126.63795,37.41944],[126.63899,37.41609],[126.64158,37.41237],[126.66176,37.3956],[126.66709,37.39245],[126.66685,37.3922],[126.6725,37.38924],[126.67492,37.38857],[126.68321,37.38714],[126.6834,37.38744],[126.68331,37.38712],[126.68459,37.3869],[126.68467,37.38723],[126.685,37.38717],[126.68269,37.38479],[126.69506,37.38273],[126.69666,37.38147],[126.69747,37.37999],[126.69783,37.37812],[126.69765,37.3766],[126.69695,37.37499],[126.69247,37.37046],[126.69189,37.36871],[126.68736,37.36412],[126.68545,37.3633],[126.68426,37.36215]]]]}},{"type":"Feature","properties":{"EMD_CD":"28200111","EMD_KOR_NM":"고잔동","sgg":"남동구","adm_nm":"인천광역시 남동구 고잔동","sido":"인천"},"geometry":{"type":"MultiPolygon","coordinates":[[[[126.69045,37.41062],[126.69585,37.40742],[126.69736,37.40687],[126.69769,37.40667],[126.69755,37.40651],[126.69945,37.4053],[126.70389,37.40403],[126.70366,37.40328],[126.71286,37.39884],[126.72046,37.39997],[126.72214,37.39902],[126.72237,37.39928],[126.72224,37.39887],[126.72256,37.39849],[126.72152,37.39831],[126.72182,37.3972],[126.72065,37.39699],[126.71928,37.39834],[126.71843,37.39795],[126.71814,37.39748],[126.71661,37.3977],[126.7161,37.39718],[126.71647,37.39656],[126.71741,37.39599],[126.71733,37.39545],[126.71757,37.39531],[126.71703,37.39458],[126.7172,37.39375],[126.71811,37.39321],[126.71892,37.3938],[126.71975,37.39377],[126.72026,37.39255],[126.72068,37.39231],[126.71986,37.39162],[126.71976,37.3902],[126.71824,37.38935],[126.71835,37.38911],[126.71763,37.38844],[126.71698,37.38697],[126.71635,37.38696],[126.7161,37.38615],[126.71568,37.38628],[126.7149,37.38582],[126.71164,37.38618],[126.7112,37.38585],[126.71079,37.38443],[126.7105,37.38328],[126.71247,37.38303],[126.71345,37.38307],[126.71377,37.38334],[126.71476,37.38317],[126.71473,37.38278],[126.71584,37.38277],[126.71753,37.3822],[126.71789,37.3819],[126.71771,37.38147],[126.71464,37.38153],[126.71049,37.38252],[126.71039,37.3829],[126.686,37.387],[126.68587,37.38666],[126.68523,37.38676],[126.68479,37.38623],[126.68429,37.38611],[126.68406,37.3862],[126.685,37.38717],[126.67289,37.38926],[126.66743,37.39225],[126.67811,37.4016],[126.67985,37.40263],[126.68292,37.40382],[126.68428,37.40471],[126.68537,37.40614],[126.68604,37.40902],[126.68679,37.41052],[126.68895,37.41083],[126.69045,37.41062]]]]}},{"type":"Feature","properties":{"EMD_CD":"28200110","EMD_KOR_NM":"논현동","sgg":"남동구","adm_nm":"인천광역시 남동구 논현동","sido":"인천"},"geometry":{"type":"MultiPolygon","coordinates":[[[[126.7134,37.41324],[126.71384,37.41269],[126.71494,37.41314],[126.716,37.4115],[126.71746,37.4113],[126.71715,37.41057],[126.71775,37.40951],[126.71784,37.40865],[126.71841,37.40832],[126.71909,37.4089],[126.7216,37.40935],[126.72331,37.4102],[126.72466,37.40992],[126.72564,37.41012],[126.72727,37.40961],[126.72818,37.4102],[126.72926,37.41033],[126.73251,37.41218],[126.73265,37.41239],[126.73225,37.41325],[126.73528,37.41518],[126.73516,37.4164],[126.73593,37.41795],[126.73642,37.41829],[126.73859,37.41812],[126.73949,37.41879],[126.73911,37.41884],[126.74053,37.41926],[126.74012,37.4203],[126.73949,37.42099],[126.74117,37.42092],[126.73974,37.42454],[126.74153,37.42505],[126.74022,37.42455],[126.74169,37.42082],[126.74451,37.42061],[126.74658,37.42012],[126.75357,37.41703],[126.75267,37.41637],[126.75165,37.41096],[126.74916,37.40811],[126.74996,37.4084],[126.75071,37.40799],[126.74978,37.4083],[126.7485,37.4074],[126.74488,37.40642],[126.74451,37.40553],[126.74326,37.40527],[126.74441,37.40189],[126.74348,37.40129],[126.744,37.40099],[126.74195,37.40041],[126.74162,37.39985],[126.74102,37.3996],[126.74084,37.39932],[126.74107,37.39913],[126.7403,37.39837],[126.73989,37.3984],[126.73883,37.39709],[126.73821,37.39711],[126.73803,37.39806],[126.73768,37.39727],[126.73743,37.39733],[126.7335,37.39387],[126.72631,37.38641],[126.72114,37.3825],[126.72025,37.38269],[126.72032,37.38322],[126.71894,37.38344],[126.7162,37.38271],[126.71473,37.38278],[126.71476,37.38317],[126.71377,37.38334],[126.71345,37.38307],[126.71079,37.38443],[126.7112,37.38585],[126.71164,37.38618],[126.7149,37.38582],[126.71568,37.38628],[126.7161,37.38615],[126.71635,37.38696],[126.71698,37.38697],[126.71763,37.38844],[126.71835,37.38911],[126.71824,37.38935],[126.71976,37.3902],[126.71986,37.39162],[126.72068,37.39231],[126.72026,37.39255],[126.71975,37.39377],[126.71892,37.3938],[126.71811,37.39321],[126.7172,37.39375],[126.71703,37.39458],[126.71757,37.39531],[126.71733,37.39545],[126.71741,37.39599],[126.71647,37.39656],[126.7161,37.39718],[126.71661,37.3977],[126.71814,37.39748],[126.71843,37.39795],[126.71928,37.39834],[126.72065,37.39699],[126.72182,37.3972],[126.72152,37.39831],[126.72256,37.39849],[126.72224,37.39887],[126.72237,37.39928],[126.72214,37.39902],[126.72046,37.39997],[126.71286,37.39884],[126.70366,37.40328],[126.70389,37.40403],[126.69945,37.4053],[126.69755,37.40651],[126.69769,37.40667],[126.69585,37.40742],[126.691,37.41048],[126.68895,37.41083],[126.68692,37.41052],[126.69185,37.41464],[126.69531,37.41711],[126.69812,37.41535],[126.7095,37.41012],[126.7104,37.41138],[126.71126,37.41376],[126.71094,37.41382],[126.71105,37.41413],[126.71132,37.41394],[126.71269,37.41776],[126.71239,37.41826],[126.71345,37.41653],[126.71317,37.4154],[126.71358,37.41425],[126.7134,37.41324]]]]}},{"type":"Feature","properties":{"EMD_CD":"28155103","EMD_KOR_NM":"운서동","sgg":"영종구","adm_nm":"인천광역시 영종구 운서동","sido":"인천"},"geometry":{"type":"MultiPolygon","coordinates":[[[[126.45458,37.4999],[126.45561,37.50028],[126.45406,37.49987],[126.45403,37.49941],[126.45499,37.49941],[126.45511,37.49911],[126.47135,37.49848],[126.47173,37.4985],[126.47184,37.49936],[126.47229,37.49862],[126.47291,37.49871],[126.47293,37.49955],[126.47357,37.49876],[126.47611,37.49953],[126.49427,37.5075],[126.49421,37.50724],[126.49469,37.5069],[126.49582,37.50718],[126.49731,37.50704],[126.49758,37.50687],[126.49638,37.50673],[126.4962,37.50621],[126.49712,37.50622],[126.49753,37.50584],[126.49764,37.50521],[126.49711,37.50495],[126.49822,37.50381],[126.498,37.50379],[126.49821,37.50284],[126.49778,37.5022],[126.49813,37.50179],[126.49906,37.50187],[126.49939,37.50129],[126.50005,37.50143],[126.50207,37.50357],[126.50368,37.50469],[126.50556,37.50511],[126.50545,37.50494],[126.50875,37.50472],[126.50927,37.50443],[126.5101,37.50344],[126.50959,37.49962],[126.51233,37.49529],[126.51362,37.49464],[126.51458,37.49456],[126.51576,37.49349],[126.51648,37.49355],[126.51726,37.49119],[126.51718,37.48963],[126.51621,37.48681],[126.51642,37.48542],[126.51457,37.48456],[126.51422,37.48343],[126.51364,37.48379],[126.51292,37.48379],[126.51255,37.48239],[126.51047,37.48084],[126.50785,37.48084],[126.50639,37.48343],[126.50315,37.48235],[126.49967,37.4788],[126.50294,37.47686],[126.50427,37.47554],[126.50465,37.47466],[126.50485,37.4719],[126.50561,37.47034],[126.5066,37.46927],[126.50681,37.46749],[126.50458,37.46531],[126.50515,37.46512],[126.49312,37.45542],[126.48739,37.44723],[126.48633,37.44615],[126.48474,37.44511],[126.4849,37.44449],[126.48527,37.44446],[126.48402,37.44466],[126.44271,37.42134],[126.44055,37.42106],[126.43619,37.42177],[126.43622,37.42203],[126.43532,37.42223],[126.43458,37.42223],[126.43432,37.42173],[126.43405,37.42211],[126.42802,37.4231],[126.42553,37.42178],[126.42499,37.42283],[126.42521,37.4239],[126.42462,37.42367],[126.42392,37.42382],[126.42302,37.42448],[126.42262,37.42534],[126.42261,37.42664],[126.42311,37.42799],[126.42602,37.43163],[126.4275,37.43194],[126.43015,37.43178],[126.43237,37.43373],[126.43303,37.43625],[126.43201,37.43872],[126.43136,37.44214],[126.43313,37.44586],[126.43345,37.44725],[126.43303,37.44758],[126.43103,37.44794],[126.42976,37.44813],[126.4296,37.44792],[126.42669,37.44937],[126.42443,37.44999],[126.42057,37.45237],[126.436,37.46057],[126.42096,37.45267],[126.4191,37.45403],[126.41914,37.45479],[126.4166,37.45575],[126.41121,37.4596],[126.41076,37.46126],[126.41213,37.462],[126.41161,37.46256],[126.40925,37.46208],[126.40935,37.46151],[126.4086,37.46115],[126.40653,37.46093],[126.40667,37.46121],[126.40538,37.46153],[126.40486,37.46252],[126.40431,37.46283],[126.40316,37.46245],[126.40256,37.46261],[126.40256,37.46321],[126.39762,37.46296],[126.3966,37.46356],[126.39677,37.46392],[126.39616,37.46428],[126.39613,37.46487],[126.39654,37.46547],[126.39575,37.46578],[126.3951,37.46471],[126.39189,37.46314],[126.39327,37.4624],[126.3948,37.46235],[126.39755,37.46122],[126.39775,37.46099],[126.39741,37.46071],[126.39784,37.45953],[126.39843,37.45947],[126.3981,37.45844],[126.39287,37.45522],[126.39324,37.4552],[126.39205,37.45496],[126.3912,37.45556],[126.39119,37.45597],[126.3901,37.45605],[126.38918,37.45532],[126.38916,37.45501],[126.38846,37.45469],[126.37928,37.46048],[126.37473,37.46615],[126.37427,37.46593],[126.37744,37.46187],[126.37617,37.46248],[126.37503,37.46485],[126.37317,37.46564],[126.3735,37.46603],[126.37324,37.46604],[126.37295,37.46755],[126.37421,37.4678],[126.37472,37.46839],[126.37405,37.46852],[126.37264,37.46976],[126.37265,37.47007],[126.37347,37.47065],[126.37305,37.4713],[126.37372,37.47166],[126.37351,37.47249],[126.37418,37.4719],[126.41748,37.49635],[126.41947,37.49687],[126.4397,37.49845],[126.4404,37.49823],[126.44037,37.49852],[126.4433,37.49875],[126.44333,37.49854],[126.44467,37.49869],[126.44524,37.4982],[126.44657,37.49788],[126.44853,37.49852],[126.44925,37.49908],[126.45112,37.49917],[126.45245,37.49963],[126.45264,37.4994],[126.45383,37.49941],[126.45385,37.49991],[126.45458,37.4999]]]]}},{"type":"Feature","properties":{"EMD_CD":"28155105","EMD_KOR_NM":"을왕동","sgg":"영종구","adm_nm":"인천광역시 영종구 을왕동","sido":"인천"},"geometry":{"type":"MultiPolygon","coordinates":[[[[126.38092,37.43575],[126.38112,37.43595],[126.38096,37.43538],[126.38092,37.43575]]],[[[126.35652,37.469],[126.35736,37.4699],[126.35852,37.47026],[126.3596,37.47115],[126.35942,37.47266],[126.35917,37.47289],[126.35976,37.4734],[126.36146,37.47391],[126.36282,37.47372],[126.36417,37.47456],[126.36581,37.47415],[126.36572,37.47381],[126.36905,37.47361],[126.36911,37.47219],[126.36858,37.47138],[126.36866,37.47022],[126.36914,37.4703],[126.36979,37.47133],[126.37121,37.4724],[126.37312,37.47127],[126.37343,37.47078],[126.37264,37.46976],[126.37405,37.46852],[126.37472,37.46839],[126.37421,37.4678],[126.37295,37.46755],[126.37324,37.46604],[126.3735,37.46603],[126.37317,37.46564],[126.37503,37.46485],[126.37617,37.46248],[126.37744,37.46187],[126.37427,37.46593],[126.37473,37.46615],[126.37928,37.46048],[126.38846,37.45469],[126.38916,37.45501],[126.38918,37.45532],[126.3901,37.45605],[126.39119,37.45597],[126.3912,37.45556],[126.39205,37.45496],[126.39324,37.4552],[126.39287,37.45522],[126.3981,37.45844],[126.39843,37.45947],[126.39784,37.45953],[126.39741,37.46071],[126.39775,37.46099],[126.39755,37.46122],[126.3948,37.46235],[126.39327,37.4624],[126.39189,37.46314],[126.3951,37.46471],[126.39575,37.46578],[126.39654,37.46547],[126.39613,37.46487],[126.39616,37.46428],[126.39677,37.46392],[126.3966,37.46356],[126.39762,37.46296],[126.40256,37.46321],[126.40256,37.46261],[126.40316,37.46245],[126.40431,37.46283],[126.40319,37.46145],[126.40201,37.46086],[126.40095,37.4596],[126.40121,37.45766],[126.40098,37.45685],[126.3999,37.45663],[126.40042,37.45578],[126.40157,37.45495],[126.40114,37.45395],[126.40211,37.45302],[126.40339,37.45236],[126.40338,37.451],[126.40423,37.44994],[126.40443,37.44915],[126.40515,37.44857],[126.40592,37.44859],[126.40619,37.44766],[126.40444,37.44739],[126.40335,37.44589],[126.40072,37.44589],[126.39914,37.44456],[126.3966,37.44593],[126.39519,37.44618],[126.39527,37.4468],[126.39551,37.44688],[126.39438,37.44676],[126.39483,37.44581],[126.39444,37.44559],[126.39387,37.44577],[126.39107,37.44361],[126.38926,37.44346],[126.38921,37.4432],[126.38958,37.44315],[126.38925,37.44228],[126.38938,37.44036],[126.39016,37.43975],[126.38898,37.43979],[126.3876,37.44059],[126.38428,37.44106],[126.38005,37.43991],[126.38177,37.43649],[126.38107,37.43595],[126.38093,37.43661],[126.3804,37.43704],[126.37889,37.43746],[126.3793,37.43835],[126.37799,37.44054],[126.37641,37.44168],[126.37554,37.44184],[126.37345,37.44116],[126.37206,37.4411],[126.37146,37.44162],[126.3701,37.44206],[126.36975,37.44185],[126.36857,37.4419],[126.36796,37.44158],[126.36602,37.44194],[126.36521,37.44237],[126.36459,37.44213],[126.36407,37.44245],[126.36588,37.44324],[126.36518,37.44362],[126.36521,37.44387],[126.36646,37.44387],[126.36788,37.44428],[126.36968,37.44422],[126.37051,37.44386],[126.37318,37.44455],[126.37344,37.44505],[126.37224,37.44448],[126.37266,37.44481],[126.3728,37.44691],[126.3722,37.44849],[126.37062,37.44951],[126.36946,37.44903],[126.36946,37.44821],[126.36902,37.44877],[126.36878,37.44865],[126.36914,37.44964],[126.36894,37.45013],[126.36984,37.451],[126.3706,37.45302],[126.369,37.45662],[126.36735,37.45765],[126.36561,37.45791],[126.36443,37.4586],[126.36416,37.45823],[126.36457,37.45712],[126.36512,37.45669],[126.36403,37.45684],[126.36316,37.45764],[126.36243,37.45801],[126.3618,37.45794],[126.36101,37.45848],[126.36036,37.45963],[126.36048,37.46058],[126.35955,37.46201],[126.35865,37.46183],[126.35807,37.46225],[126.35757,37.46211],[126.35704,37.46242],[126.35629,37.46417],[126.35688,37.46462],[126.35701,37.46564],[126.3568,37.46633],[126.35578,37.46757],[126.35652,37.469]]],[[[126.35946,37.45413],[126.35867,37.45392],[126.35794,37.45414],[126.35577,37.45616],[126.35554,37.45671],[126.35593,37.45743],[126.3593,37.45956],[126.35914,37.45871],[126.35943,37.45844],[126.35732,37.45695],[126.35762,37.45667],[126.35727,37.45643],[126.35895,37.45485],[126.36024,37.45477],[126.36101,37.45518],[126.35946,37.45413]]]]}},{"type":"Feature","properties":{"EMD_CD":"28155107","EMD_KOR_NM":"덕교동","sgg":"영종구","adm_nm":"인천광역시 영종구 덕교동","sido":"인천"},"geometry":{"type":"MultiPolygon","coordinates":[[[[126.39435,37.43148],[126.39422,37.43186],[126.39474,37.43263],[126.39589,37.43286],[126.39546,37.43202],[126.39484,37.43172],[126.39466,37.43189],[126.39435,37.43148]]],[[[126.4241,37.44402],[126.42513,37.44257],[126.42741,37.44154],[126.42897,37.44188],[126.42969,37.44167],[126.43015,37.4409],[126.431,37.44096],[126.43136,37.44214],[126.43201,37.43872],[126.43303,37.43625],[126.43237,37.43373],[126.43015,37.43178],[126.4275,37.43194],[126.42615,37.43172],[126.42387,37.42922],[126.42311,37.42799],[126.42261,37.42664],[126.42271,37.42497],[126.42392,37.42382],[126.42462,37.42367],[126.42521,37.4239],[126.42499,37.42283],[126.42553,37.42178],[126.42503,37.42205],[126.42484,37.42261],[126.42133,37.4214],[126.42036,37.42162],[126.4198,37.42213],[126.41781,37.42169],[126.41593,37.4203],[126.41614,37.41916],[126.41586,37.41737],[126.41515,37.41695],[126.41519,37.41628],[126.41499,37.4171],[126.41385,37.41673],[126.41338,37.41685],[126.41289,37.41715],[126.41271,37.41816],[126.41246,37.41801],[126.41235,37.41835],[126.41275,37.4185],[126.41291,37.41973],[126.41457,37.4192],[126.4149,37.41953],[126.41597,37.41959],[126.41587,37.42032],[126.41662,37.42111],[126.41988,37.42238],[126.41994,37.42351],[126.41878,37.4276],[126.418,37.42984],[126.41691,37.4316],[126.41466,37.43433],[126.41179,37.43686],[126.41213,37.43709],[126.40843,37.43855],[126.40717,37.43867],[126.40537,37.43794],[126.40466,37.43582],[126.40309,37.43481],[126.40203,37.43369],[126.40145,37.43362],[126.40008,37.43428],[126.40012,37.43519],[126.40135,37.43568],[126.40214,37.43757],[126.40439,37.43869],[126.40426,37.43977],[126.40324,37.44121],[126.40384,37.44145],[126.40659,37.44116],[126.41103,37.44217],[126.41261,37.44192],[126.41301,37.4411],[126.41465,37.44153],[126.41525,37.44252],[126.41618,37.44277],[126.41682,37.44338],[126.41837,37.44343],[126.42024,37.44266],[126.42175,37.44248],[126.42264,37.44276],[126.42276,37.44357],[126.42323,37.44402],[126.4241,37.44402]]],[[[126.43617,37.42205],[126.43614,37.42164],[126.43523,37.42156],[126.43532,37.42223],[126.43617,37.42205]]],[[[126.44203,37.41432],[126.44227,37.41418],[126.44204,37.41354],[126.44121,37.41346],[126.44079,37.41381],[126.44079,37.41423],[126.44147,37.41453],[126.44202,37.41455],[126.44203,37.41432]]]]}},{"type":"Feature","properties":{"EMD_CD":"28155106","EMD_KOR_NM":"남북동","sgg":"영종구","adm_nm":"인천광역시 영종구 남북동","sido":"인천"},"geometry":{"type":"MultiPolygon","coordinates":[[[[126.43136,37.44214],[126.431,37.44096],[126.43015,37.4409],[126.42969,37.44167],[126.42897,37.44188],[126.42741,37.44154],[126.42621,37.44203],[126.42453,37.44312],[126.4241,37.44402],[126.42323,37.44402],[126.42276,37.44357],[126.42264,37.44276],[126.42175,37.44248],[126.42024,37.44266],[126.41837,37.44343],[126.41682,37.44338],[126.41618,37.44277],[126.41525,37.44252],[126.41465,37.44153],[126.41301,37.4411],[126.41261,37.44192],[126.41103,37.44217],[126.40659,37.44116],[126.40384,37.44145],[126.40324,37.44121],[126.40138,37.44297],[126.39914,37.44456],[126.40072,37.44589],[126.40335,37.44589],[126.40444,37.44739],[126.40619,37.44766],[126.40592,37.44859],[126.40515,37.44857],[126.40443,37.44915],[126.40423,37.44994],[126.40338,37.451],[126.40339,37.45236],[126.40211,37.45302],[126.40114,37.45395],[126.40157,37.45495],[126.40042,37.45578],[126.3999,37.45663],[126.40098,37.45685],[126.40121,37.45766],[126.40095,37.4596],[126.40201,37.46086],[126.40319,37.46145],[126.40439,37.46265],[126.40486,37.46252],[126.4054,37.46151],[126.40667,37.46121],[126.40653,37.46093],[126.4086,37.46115],[126.40935,37.46151],[126.40925,37.46208],[126.41161,37.46256],[126.41213,37.462],[126.41076,37.46126],[126.41121,37.4596],[126.4166,37.45575],[126.41914,37.45479],[126.4191,37.45403],[126.42096,37.45267],[126.436,37.46057],[126.42057,37.45237],[126.42443,37.44999],[126.42669,37.44937],[126.4296,37.44792],[126.42976,37.44813],[126.43103,37.44794],[126.43341,37.44732],[126.43313,37.44586],[126.43136,37.44214]]]]}},{"type":"Feature","properties":{"EMD_CD":"28125135","EMD_KOR_NM":"신흥동3가","sgg":"제물포구","adm_nm":"인천광역시 제물포구 신흥동3가","sido":"인천"},"geometry":{"type":"MultiPolygon","coordinates":[[[[126.62911,37.44892],[126.62905,37.44913],[126.6283,37.44889],[126.62885,37.44846],[126.62887,37.44865],[126.63235,37.43],[126.61166,37.42993],[126.61665,37.43749],[126.61699,37.43736],[126.63043,37.45849],[126.63463,37.46621],[126.63496,37.46656],[126.63569,37.46618],[126.63541,37.46594],[126.63647,37.46518],[126.63805,37.46449],[126.64024,37.46411],[126.63883,37.46334],[126.63922,37.46322],[126.63777,37.46096],[126.63756,37.45997],[126.63271,37.45364],[126.62951,37.45256],[126.62941,37.4519],[126.62914,37.45179],[126.63004,37.45054],[126.62976,37.45029],[126.63009,37.44994],[126.62911,37.44892]]]]}},{"type":"Feature","properties":{"EMD_CD":"28125125","EMD_KOR_NM":"항동7가","sgg":"제물포구","adm_nm":"인천광역시 제물포구 항동7가","sido":"인천"},"geometry":{"type":"MultiPolygon","coordinates":[[[[126.5911,37.45452],[126.59135,37.45458],[126.59346,37.44935],[126.59699,37.44935],[126.59699,37.45033],[126.5966,37.4507],[126.59681,37.45121],[126.59518,37.4526],[126.59553,37.45284],[126.59341,37.45484],[126.59425,37.45539],[126.59779,37.45399],[126.5997,37.45473],[126.6033,37.45668],[126.60155,37.45869],[126.60295,37.45946],[126.60257,37.4599],[126.60318,37.46024],[126.60334,37.46005],[126.61217,37.46235],[126.62427,37.45765],[126.62516,37.45911],[126.61957,37.46128],[126.62002,37.46201],[126.62031,37.46249],[126.6259,37.46032],[126.62674,37.4617],[126.61821,37.46502],[126.61804,37.46488],[126.61424,37.46655],[126.61528,37.46827],[126.62408,37.46486],[126.62506,37.46656],[126.61564,37.47022],[126.61635,37.47019],[126.61702,37.47089],[126.61611,37.47193],[126.6177,37.47106],[126.61847,37.47196],[126.62735,37.4666],[126.6266,37.46539],[126.63284,37.46292],[126.63043,37.45849],[126.617,37.43738],[126.61665,37.43749],[126.61153,37.42972],[126.61068,37.42966],[126.6102,37.43011],[126.6114,37.432],[126.61164,37.43191],[126.61545,37.43798],[126.61213,37.43932],[126.61197,37.43908],[126.60937,37.44014],[126.60952,37.44037],[126.6081,37.44095],[126.61019,37.44422],[126.61668,37.44154],[126.61868,37.44467],[126.61062,37.44795],[126.61389,37.45311],[126.6109,37.45433],[126.60105,37.4387],[126.59427,37.43868],[126.59414,37.44165],[126.59324,37.44164],[126.59321,37.44935],[126.5911,37.45452]]]]}},{"type":"Feature","properties":{"EMD_CD":"28125145","EMD_KOR_NM":"북성동1가","sgg":"제물포구","adm_nm":"인천광역시 제물포구 북성동1가","sido":"인천"},"geometry":{"type":"MultiPolygon","coordinates":[[[[126.59517,37.47075],[126.59765,37.47549],[126.59783,37.47659],[126.59761,37.47683],[126.59787,37.47681],[126.59789,37.47733],[126.6006,37.48152],[126.60178,37.48136],[126.60155,37.48204],[126.60221,37.48219],[126.60333,37.47983],[126.6035,37.47961],[126.60394,37.47973],[126.60273,37.48233],[126.60276,37.4843],[126.60342,37.48401],[126.60585,37.48473],[126.60646,37.48338],[126.60753,37.4837],[126.60636,37.48628],[126.60805,37.48676],[126.6098,37.48295],[126.60455,37.48136],[126.6051,37.48008],[126.61195,37.48208],[126.61343,37.47895],[126.61424,37.47889],[126.61285,37.48253],[126.61687,37.48351],[126.61734,37.48303],[126.61822,37.48285],[126.6188,37.48309],[126.62064,37.48049],[126.61928,37.48],[126.61743,37.47789],[126.61728,37.47527],[126.61616,37.47551],[126.61627,37.47621],[126.61558,37.4756],[126.6158,37.47212],[126.61702,37.4709],[126.61634,37.47019],[126.61562,37.47024],[126.61242,37.47716],[126.60701,37.47567],[126.60992,37.46914],[126.60804,37.46723],[126.60607,37.4663],[126.60394,37.4663],[126.60374,37.46563],[126.60373,37.46601],[126.60353,37.46567],[126.60304,37.46576],[126.60298,37.46556],[126.6049,37.46522],[126.60402,37.46519],[126.60392,37.46487],[126.60476,37.46472],[126.60462,37.46421],[126.60397,37.464],[126.60427,37.46332],[126.60261,37.46088],[126.60318,37.46024],[126.60257,37.4599],[126.6022,37.46034],[126.60061,37.45947],[126.60014,37.45981],[126.59918,37.45931],[126.59899,37.45945],[126.59911,37.45928],[126.59846,37.45881],[126.59799,37.45886],[126.59817,37.45855],[126.59711,37.4576],[126.59669,37.45773],[126.59487,37.45681],[126.59246,37.45813],[126.59093,37.46194],[126.59255,37.45819],[126.59475,37.45708],[126.59579,37.458],[126.5957,37.46384],[126.59348,37.46505],[126.59105,37.4642],[126.59382,37.46529],[126.59577,37.4642],[126.59912,37.46465],[126.59977,37.46496],[126.59996,37.4656],[126.6004,37.46552],[126.60048,37.46579],[126.60009,37.46609],[126.60066,37.46617],[126.60016,37.46629],[126.60033,37.46693],[126.59947,37.46724],[126.59763,37.46987],[126.59683,37.46935],[126.59548,37.46979],[126.59478,37.46888],[126.59543,37.46982],[126.59506,37.47017],[126.59517,37.47075]]],[[[126.59614,37.47284],[126.59596,37.47308],[126.59629,37.47384],[126.59662,37.47434],[126.59705,37.47444],[126.59614,37.47284]]]]}},{"type":"Feature","properties":{"EMD_CD":"28177102","EMD_KOR_NM":"용현동","sgg":"미추홀구","adm_nm":"인천광역시 미추홀구 용현동","sido":"인천"},"geometry":{"type":"MultiPolygon","coordinates":[[[[126.65353,37.44738],[126.65011,37.44849],[126.65049,37.44559],[126.64368,37.44395],[126.64373,37.44368],[126.64317,37.44355],[126.63286,37.44212],[126.63297,37.44163],[126.63263,37.44158],[126.63084,37.45011],[126.62936,37.45224],[126.6299,37.45281],[126.63271,37.45364],[126.63756,37.45997],[126.63791,37.46117],[126.64658,37.45772],[126.6491,37.45833],[126.64922,37.45808],[126.64979,37.45826],[126.65003,37.45777],[126.65367,37.45891],[126.65325,37.4596],[126.65353,37.4597],[126.65376,37.45932],[126.65497,37.45905],[126.65698,37.45929],[126.65759,37.45822],[126.65814,37.45836],[126.65948,37.45775],[126.6616,37.45786],[126.66258,37.45854],[126.66353,37.45761],[126.66461,37.45709],[126.66558,37.45727],[126.66521,37.45703],[126.66625,37.45588],[126.66376,37.45497],[126.66506,37.4542],[126.66456,37.4532],[126.66751,37.45226],[126.66719,37.45021],[126.66789,37.44776],[126.66734,37.44747],[126.6659,37.4478],[126.66383,37.4478],[126.66339,37.44726],[126.6622,37.44698],[126.66013,37.44768],[126.6602,37.44707],[126.65985,37.44662],[126.6586,37.44712],[126.65753,37.44576],[126.65353,37.44738]]]]}},{"type":"Feature","properties":{"EMD_CD":"28177103","EMD_KOR_NM":"학익동","sgg":"미추홀구","adm_nm":"인천광역시 미추홀구 학익동","sido":"인천"},"geometry":{"type":"MultiPolygon","coordinates":[[[[126.63633,37.43044],[126.63571,37.43027],[126.63533,37.43155],[126.63494,37.43099],[126.63531,37.43046],[126.63507,37.43051],[126.63464,37.43202],[126.63433,37.43213],[126.63336,37.4319],[126.63358,37.43072],[126.63235,37.42999],[126.62901,37.44789],[126.6315,37.44698],[126.63263,37.44158],[126.63297,37.44163],[126.63286,37.44212],[126.64317,37.44355],[126.64373,37.44368],[126.64368,37.44395],[126.65049,37.44559],[126.65011,37.44849],[126.65069,37.44849],[126.65753,37.44576],[126.6586,37.44712],[126.65985,37.44662],[126.6602,37.44707],[126.66013,37.44768],[126.6622,37.44698],[126.66339,37.44726],[126.66383,37.4478],[126.6659,37.4478],[126.66734,37.44747],[126.66838,37.44776],[126.66984,37.44671],[126.67082,37.44491],[126.67228,37.44378],[126.67857,37.44415],[126.67823,37.44167],[126.67848,37.44125],[126.67804,37.4397],[126.67793,37.43944],[126.6775,37.43943],[126.67754,37.43866],[126.67717,37.43807],[126.67617,37.43758],[126.67566,37.43635],[126.67715,37.43388],[126.67746,37.43285],[126.67724,37.43143],[126.6758,37.43036],[126.67104,37.4313],[126.66815,37.43301],[126.66611,37.4329],[126.66472,37.43318],[126.66257,37.43474],[126.6611,37.43482],[126.6597,37.4356],[126.65862,37.43504],[126.6574,37.43537],[126.65668,37.43501],[126.65557,37.43541],[126.64983,37.43474],[126.64907,37.43495],[126.64897,37.43539],[126.65066,37.43663],[126.64987,37.43673],[126.64752,37.43604],[126.64603,37.43085],[126.64477,37.43128],[126.64298,37.43138],[126.63633,37.43044]]]]}},{"type":"Feature","properties":{"EMD_CD":"28177101","EMD_KOR_NM":"숭의동","sgg":"미추홀구","adm_nm":"인천광역시 미추홀구 숭의동","sido":"인천"},"geometry":{"type":"MultiPolygon","coordinates":[[[[126.64404,37.46625],[126.64296,37.46728],[126.643,37.46794],[126.6434,37.46797],[126.64243,37.46839],[126.64291,37.46879],[126.64186,37.46927],[126.64227,37.47028],[126.64341,37.46968],[126.64453,37.46959],[126.64544,37.46995],[126.64783,37.46975],[126.64904,37.46928],[126.65031,37.46952],[126.65103,37.46871],[126.65189,37.46856],[126.65114,37.46855],[126.65572,37.46688],[126.65655,37.46688],[126.65654,37.46663],[126.65727,37.46615],[126.66103,37.46618],[126.66036,37.46542],[126.66074,37.46428],[126.6617,37.46377],[126.66181,37.46294],[126.6629,37.46155],[126.66429,37.46106],[126.66411,37.46044],[126.66224,37.45819],[126.66076,37.45769],[126.65948,37.45775],[126.65814,37.45836],[126.65759,37.45822],[126.65698,37.45929],[126.65497,37.45905],[126.65376,37.45932],[126.65353,37.4597],[126.65325,37.4596],[126.65367,37.45891],[126.65003,37.45777],[126.64979,37.45826],[126.64922,37.45808],[126.6491,37.45833],[126.64658,37.45772],[126.63791,37.46117],[126.63922,37.46322],[126.63883,37.46334],[126.64287,37.46516],[126.64318,37.46583],[126.6441,37.46593],[126.64404,37.46625]]]]}},{"type":"Feature","properties":{"EMD_CD":"28177104","EMD_KOR_NM":"도화동","sgg":"미추홀구","adm_nm":"인천광역시 미추홀구 도화동","sido":"인천"},"geometry":{"type":"MultiPolygon","coordinates":[[[[126.67223,37.45743],[126.672,37.45716],[126.67133,37.45745],[126.67187,37.45825],[126.67012,37.45899],[126.66872,37.45749],[126.66739,37.45858],[126.66769,37.45893],[126.66667,37.45997],[126.66666,37.4607],[126.66632,37.46105],[126.66497,37.46166],[126.66429,37.46106],[126.6629,37.46155],[126.66181,37.46294],[126.6617,37.46377],[126.6612,37.46388],[126.66064,37.46449],[126.66036,37.46542],[126.66103,37.46618],[126.65727,37.46615],[126.65654,37.46663],[126.65655,37.46688],[126.65572,37.46688],[126.65114,37.46855],[126.65189,37.46856],[126.65103,37.46871],[126.65031,37.46952],[126.65086,37.46992],[126.65222,37.46965],[126.65356,37.47021],[126.65362,37.47049],[126.65293,37.47018],[126.65226,37.47029],[126.65376,37.47354],[126.65244,37.47426],[126.65198,37.47521],[126.65278,37.47567],[126.65303,37.47603],[126.65265,37.47623],[126.65341,37.47696],[126.65401,37.47825],[126.65449,37.47841],[126.65428,37.47918],[126.653,37.47954],[126.65305,37.48165],[126.65244,37.48135],[126.65499,37.48403],[126.65923,37.48248],[126.67031,37.47684],[126.67437,37.47561],[126.67377,37.46574],[126.67429,37.4657],[126.67425,37.46544],[126.67396,37.4655],[126.67333,37.46376],[126.67498,37.46329],[126.67496,37.46276],[126.67702,37.4627],[126.67691,37.46232],[126.67767,37.46228],[126.67773,37.46072],[126.67674,37.46074],[126.67664,37.45975],[126.67579,37.45793],[126.67574,37.45678],[126.67445,37.45681],[126.67449,37.45799],[126.67291,37.45809],[126.67223,37.45743]]]]}},{"type":"Feature","properties":{"EMD_CD":"28177105","EMD_KOR_NM":"주안동","sgg":"미추홀구","adm_nm":"인천광역시 미추홀구 주안동","sido":"인천"},"geometry":{"type":"MultiPolygon","coordinates":[[[[126.67223,37.45743],[126.67291,37.45809],[126.67449,37.45799],[126.67445,37.45681],[126.67574,37.45678],[126.67579,37.45793],[126.67664,37.45975],[126.67674,37.46074],[126.67773,37.46072],[126.67767,37.46228],[126.67691,37.46232],[126.67702,37.4627],[126.67496,37.46276],[126.67498,37.46329],[126.67333,37.46376],[126.67396,37.4655],[126.67425,37.46544],[126.67429,37.4657],[126.67377,37.46574],[126.67437,37.47561],[126.68111,37.47378],[126.68344,37.4734],[126.68504,37.47257],[126.68576,37.4716],[126.68435,37.46952],[126.68725,37.46899],[126.6868,37.46619],[126.69268,37.4657],[126.69295,37.46454],[126.694,37.46458],[126.69723,37.46126],[126.69524,37.46029],[126.6955,37.45993],[126.69538,37.45915],[126.6946,37.45877],[126.69452,37.45599],[126.69505,37.45566],[126.69491,37.4545],[126.69446,37.45336],[126.69429,37.45128],[126.69272,37.45137],[126.6926,37.44986],[126.69331,37.44982],[126.69294,37.44843],[126.69204,37.44766],[126.69184,37.44703],[126.69119,37.44739],[126.69097,37.4468],[126.68978,37.44648],[126.68891,37.44683],[126.68743,37.44678],[126.68747,37.44603],[126.68708,37.44604],[126.68664,37.44548],[126.68716,37.44547],[126.68731,37.44435],[126.6864,37.44413],[126.68602,37.44459],[126.68559,37.44379],[126.68496,37.44356],[126.68526,37.4427],[126.68425,37.44129],[126.68321,37.44137],[126.6823,37.44104],[126.6818,37.44162],[126.68198,37.44185],[126.67974,37.44206],[126.67968,37.44182],[126.67871,37.4419],[126.67848,37.44125],[126.67823,37.44167],[126.67842,37.44429],[126.67228,37.44378],[126.67082,37.44491],[126.66984,37.44671],[126.66838,37.44776],[126.66789,37.44776],[126.66719,37.45021],[126.66751,37.45226],[126.66456,37.4532],[126.66506,37.4542],[126.66376,37.45497],[126.66625,37.45588],[126.66521,37.45703],[126.66558,37.45727],[126.66461,37.45709],[126.66353,37.45761],[126.66256,37.45854],[126.66497,37.46166],[126.66652,37.4609],[126.66667,37.45997],[126.66769,37.45893],[126.66739,37.45858],[126.66872,37.45749],[126.67012,37.45899],[126.67187,37.45825],[126.67133,37.45745],[126.672,37.45716],[126.67223,37.45743]]]]}},{"type":"Feature","properties":{"EMD_CD":"28177106","EMD_KOR_NM":"관교동","sgg":"미추홀구","adm_nm":"인천광역시 미추홀구 관교동","sido":"인천"},"geometry":{"type":"MultiPolygon","coordinates":[[[[126.68708,37.44604],[126.68747,37.44603],[126.68743,37.44678],[126.68891,37.44683],[126.68978,37.44648],[126.69097,37.4468],[126.69119,37.44739],[126.69187,37.44704],[126.69204,37.44766],[126.69293,37.44842],[126.69281,37.44814],[126.69406,37.4475],[126.69401,37.44712],[126.69321,37.44666],[126.69599,37.44479],[126.70095,37.4434],[126.70294,37.4432],[126.70241,37.43939],[126.70206,37.43902],[126.70124,37.43903],[126.70085,37.43876],[126.69541,37.43868],[126.69524,37.43782],[126.69474,37.43858],[126.69379,37.43871],[126.69417,37.43936],[126.6937,37.43865],[126.693,37.43955],[126.69047,37.44081],[126.69123,37.44097],[126.69126,37.4412],[126.69083,37.44109],[126.69093,37.44162],[126.69064,37.44167],[126.69105,37.44208],[126.69052,37.44324],[126.68994,37.44232],[126.689,37.4418],[126.6877,37.44238],[126.68505,37.44286],[126.68496,37.44356],[126.68559,37.44379],[126.68596,37.44456],[126.6864,37.44413],[126.68731,37.44435],[126.68716,37.44547],[126.68664,37.44548],[126.68708,37.44604]]]]}},{"type":"Feature","properties":{"EMD_CD":"28177107","EMD_KOR_NM":"문학동","sgg":"미추홀구","adm_nm":"인천광역시 미추홀구 문학동","sido":"인천"},"geometry":{"type":"MultiPolygon","coordinates":[[[[126.67968,37.44182],[126.67974,37.44206],[126.68198,37.44185],[126.6818,37.44162],[126.6823,37.44104],[126.68321,37.44137],[126.68425,37.44129],[126.68526,37.4427],[126.6877,37.44238],[126.68939,37.44185],[126.69052,37.44324],[126.69105,37.44208],[126.69064,37.44167],[126.69093,37.44162],[126.69083,37.44109],[126.69126,37.4412],[126.69123,37.44097],[126.69047,37.44081],[126.693,37.43955],[126.6937,37.43865],[126.69417,37.43936],[126.69379,37.43871],[126.69474,37.43858],[126.69524,37.43782],[126.69537,37.43854],[126.69627,37.43721],[126.69585,37.43685],[126.69774,37.4336],[126.69715,37.43377],[126.69614,37.43352],[126.68915,37.43334],[126.68725,37.43358],[126.68683,37.4321],[126.68574,37.43152],[126.68595,37.43074],[126.68553,37.43023],[126.68331,37.43037],[126.6816,37.43089],[126.67994,37.43071],[126.67864,37.43131],[126.67724,37.43143],[126.67746,37.43285],[126.67715,37.43388],[126.67566,37.43635],[126.67617,37.43758],[126.67717,37.43807],[126.67754,37.43866],[126.6775,37.43943],[126.67793,37.43944],[126.67871,37.4419],[126.67968,37.44182]]]]}},{"type":"Feature","properties":{"EMD_CD":"28185101","EMD_KOR_NM":"옥련동","sgg":"연수구","adm_nm":"인천광역시 연수구 옥련동","sido":"인천"},"geometry":{"type":"MultiPolygon","coordinates":[[[[126.63533,37.43155],[126.63585,37.4302],[126.64298,37.43138],[126.64477,37.43128],[126.64603,37.43085],[126.64752,37.43604],[126.64934,37.43668],[126.65066,37.43663],[126.64897,37.43539],[126.64907,37.43495],[126.64983,37.43474],[126.65438,37.43538],[126.65557,37.43541],[126.65665,37.43502],[126.6564,37.43444],[126.65744,37.4314],[126.65831,37.43129],[126.65926,37.42972],[126.6599,37.42938],[126.66039,37.4273],[126.661,37.42655],[126.66067,37.42576],[126.65961,37.42511],[126.65855,37.42394],[126.65933,37.42259],[126.66004,37.42029],[126.65966,37.42015],[126.66097,37.41909],[126.66132,37.41727],[126.65699,37.41693],[126.65722,37.41739],[126.65633,37.41735],[126.656,37.4172],[126.65626,37.41686],[126.65546,37.41654],[126.65498,37.41592],[126.65326,37.41522],[126.65281,37.41541],[126.65205,37.41501],[126.65163,37.4151],[126.65124,37.41443],[126.64825,37.41316],[126.64665,37.4153],[126.64119,37.41291],[126.63899,37.41609],[126.63657,37.4241],[126.63525,37.42989],[126.63477,37.43061],[126.63484,37.43107],[126.63493,37.43065],[126.63531,37.43046],[126.63494,37.43099],[126.63533,37.43155]]]]}},{"type":"Feature","properties":{"EMD_CD":"28185102","EMD_KOR_NM":"선학동","sgg":"연수구","adm_nm":"인천광역시 연수구 선학동","sido":"인천"},"geometry":{"type":"MultiPolygon","coordinates":[[[[126.70241,37.43939],[126.70262,37.43943],[126.70264,37.43902],[126.705,37.43897],[126.70489,37.43717],[126.70587,37.43595],[126.70663,37.4343],[126.70562,37.43018],[126.70561,37.42846],[126.70526,37.42842],[126.70509,37.42659],[126.70403,37.4249],[126.69867,37.41953],[126.69531,37.41711],[126.69391,37.41799],[126.69669,37.42068],[126.69815,37.42326],[126.69145,37.42293],[126.6914,37.42349],[126.692,37.4238],[126.68978,37.42516],[126.68899,37.42615],[126.6886,37.42724],[126.6873,37.42827],[126.68553,37.43023],[126.68595,37.43074],[126.68574,37.43152],[126.68683,37.4321],[126.68725,37.43358],[126.68915,37.43334],[126.69614,37.43352],[126.69715,37.43377],[126.69774,37.4336],[126.69585,37.43685],[126.69627,37.43721],[126.69532,37.43863],[126.70085,37.43876],[126.70124,37.43903],[126.70206,37.43902],[126.70241,37.43939]]]]}},{"type":"Feature","properties":{"EMD_CD":"28185103","EMD_KOR_NM":"연수동","sgg":"연수구","adm_nm":"인천광역시 연수구 연수동","sido":"인천"},"geometry":{"type":"MultiPolygon","coordinates":[[[[126.6758,37.43036],[126.67724,37.43143],[126.67864,37.43131],[126.67994,37.43071],[126.6816,37.43089],[126.68331,37.43037],[126.68553,37.43023],[126.6873,37.42827],[126.6886,37.42724],[126.68899,37.42615],[126.68978,37.42516],[126.692,37.4238],[126.6914,37.42349],[126.69145,37.42293],[126.69815,37.42326],[126.69669,37.42068],[126.69391,37.41799],[126.69531,37.41711],[126.68707,37.41083],[126.68604,37.40902],[126.68546,37.40664],[126.68312,37.40784],[126.6766,37.41245],[126.67566,37.41368],[126.6767,37.41506],[126.67749,37.41707],[126.6784,37.41815],[126.67325,37.42124],[126.66931,37.42519],[126.66944,37.42554],[126.67027,37.42537],[126.67056,37.426],[126.67215,37.42586],[126.67218,37.42671],[126.67146,37.42738],[126.67349,37.42789],[126.67495,37.42989],[126.6758,37.43036]]]]}},{"type":"Feature","properties":{"EMD_CD":"28185104","EMD_KOR_NM":"청학동","sgg":"연수구","adm_nm":"인천광역시 연수구 청학동","sido":"인천"},"geometry":{"type":"MultiPolygon","coordinates":[[[[126.65665,37.43502],[126.6574,37.43537],[126.65862,37.43504],[126.66003,37.43554],[126.6611,37.43482],[126.66257,37.43474],[126.66472,37.43318],[126.66611,37.4329],[126.66815,37.43301],[126.67104,37.4313],[126.6758,37.43036],[126.67495,37.42989],[126.67349,37.42789],[126.67146,37.42738],[126.67218,37.42671],[126.67215,37.42586],[126.67056,37.426],[126.67027,37.42537],[126.66944,37.42554],[126.66931,37.42519],[126.67325,37.42124],[126.6784,37.41815],[126.67749,37.41707],[126.6767,37.41506],[126.67566,37.41368],[126.67293,37.41671],[126.67211,37.41717],[126.6703,37.41759],[126.66972,37.41679],[126.66799,37.41679],[126.66768,37.41565],[126.66675,37.41569],[126.66525,37.41625],[126.66238,37.41629],[126.66132,37.41727],[126.66097,37.41909],[126.65966,37.42015],[126.66004,37.42029],[126.65933,37.42259],[126.65855,37.42394],[126.65961,37.42511],[126.66067,37.42576],[126.661,37.42655],[126.66039,37.4273],[126.6599,37.42938],[126.65926,37.42972],[126.65831,37.43129],[126.65744,37.4314],[126.6564,37.43444],[126.65665,37.43502]]]]}},{"type":"Feature","properties":{"EMD_CD":"28200101","EMD_KOR_NM":"구월동","sgg":"남동구","adm_nm":"인천광역시 남동구 구월동","sido":"인천"},"geometry":{"type":"MultiPolygon","coordinates":[[[[126.72116,37.46077],[126.72182,37.46067],[126.72163,37.45575],[126.72233,37.45571],[126.72518,37.45367],[126.72644,37.45055],[126.72945,37.44867],[126.72979,37.44791],[126.72885,37.44795],[126.72903,37.44774],[126.72832,37.44677],[126.72835,37.44626],[126.72794,37.44597],[126.72721,37.44452],[126.72559,37.44393],[126.72439,37.4439],[126.72017,37.44222],[126.71987,37.44202],[126.71969,37.44102],[126.71815,37.44093],[126.71756,37.44063],[126.71745,37.43967],[126.71661,37.43943],[126.71505,37.43741],[126.71361,37.43677],[126.71312,37.43742],[126.71215,37.43758],[126.71186,37.43792],[126.7105,37.43747],[126.7104,37.43713],[126.70977,37.43686],[126.70992,37.43623],[126.70909,37.43598],[126.70879,37.43546],[126.70908,37.43492],[126.70892,37.43464],[126.70852,37.43439],[126.70777,37.43463],[126.70663,37.4343],[126.70587,37.43595],[126.70489,37.43717],[126.705,37.43897],[126.70264,37.43902],[126.70262,37.43943],[126.70241,37.43939],[126.70294,37.4432],[126.70106,37.44337],[126.6962,37.44469],[126.69321,37.44666],[126.69401,37.44712],[126.69406,37.4475],[126.69281,37.44814],[126.69331,37.44982],[126.6926,37.44986],[126.69272,37.45137],[126.69429,37.45128],[126.69446,37.45336],[126.69506,37.45571],[126.70076,37.45432],[126.70179,37.45475],[126.70209,37.45681],[126.71271,37.45717],[126.71249,37.46065],[126.72012,37.46075],[126.72017,37.46105],[126.72116,37.46077]]]]}},{"type":"Feature","properties":{"EMD_CD":"28200102","EMD_KOR_NM":"간석동","sgg":"남동구","adm_nm":"인천광역시 남동구 간석동","sido":"인천"},"geometry":{"type":"MultiPolygon","coordinates":[[[[126.71363,37.47664],[126.71499,37.47621],[126.71567,37.47635],[126.7178,37.47514],[126.7187,37.47395],[126.71939,37.47409],[126.72046,37.47297],[126.72038,37.4727],[126.72126,37.47203],[126.72097,37.47162],[126.72194,37.47069],[126.72207,37.47021],[126.72355,37.47004],[126.72371,37.46792],[126.72247,37.46646],[126.72205,37.46491],[126.72109,37.46502],[126.72093,37.46415],[126.72194,37.46391],[126.72182,37.46067],[126.72017,37.46105],[126.72012,37.46075],[126.71249,37.46065],[126.71271,37.45717],[126.70209,37.45681],[126.70179,37.45475],[126.70076,37.45432],[126.69492,37.4557],[126.69452,37.45599],[126.6946,37.45877],[126.69538,37.45915],[126.6955,37.45993],[126.69524,37.46029],[126.69723,37.46126],[126.694,37.46458],[126.69295,37.46454],[126.69268,37.4657],[126.6868,37.46619],[126.68725,37.46899],[126.68435,37.46952],[126.68607,37.47204],[126.68803,37.47093],[126.69028,37.47075],[126.69306,37.46942],[126.69357,37.46977],[126.69758,37.46814],[126.69822,37.46887],[126.70024,37.46813],[126.70325,37.46766],[126.70342,37.46853],[126.70461,37.46836],[126.70489,37.4696],[126.708,37.46932],[126.70804,37.47057],[126.70763,37.47058],[126.7091,37.47314],[126.70937,37.47546],[126.71087,37.47994],[126.71184,37.4774],[126.71363,37.47664]]]]}},{"type":"Feature","properties":{"EMD_CD":"28200107","EMD_KOR_NM":"남촌동","sgg":"남동구","adm_nm":"인천광역시 남동구 남촌동","sido":"인천"},"geometry":{"type":"MultiPolygon","coordinates":[[[[126.71242,37.43749],[126.71312,37.43742],[126.71343,37.43688],[126.71527,37.43608],[126.71882,37.43525],[126.72251,37.43634],[126.72351,37.43188],[126.72292,37.43098],[126.72281,37.43018],[126.72208,37.42923],[126.72205,37.42839],[126.72146,37.42774],[126.72142,37.42701],[126.72182,37.42513],[126.72251,37.42455],[126.72232,37.42366],[126.72287,37.42259],[126.7217,37.42184],[126.71936,37.42228],[126.71768,37.42219],[126.71618,37.42155],[126.71355,37.41286],[126.71328,37.41357],[126.71358,37.41425],[126.71317,37.4154],[126.71345,37.41653],[126.71239,37.41826],[126.71269,37.41776],[126.71132,37.41394],[126.71105,37.41413],[126.71094,37.41382],[126.71126,37.41376],[126.7104,37.41138],[126.7095,37.41012],[126.69812,37.41535],[126.69531,37.41711],[126.69865,37.41951],[126.70462,37.42567],[126.70527,37.42726],[126.70526,37.42842],[126.70561,37.42846],[126.70562,37.43018],[126.70663,37.4343],[126.70777,37.43463],[126.70852,37.43439],[126.70892,37.43464],[126.70908,37.43492],[126.70879,37.43546],[126.70909,37.43598],[126.70992,37.43623],[126.70977,37.43686],[126.7104,37.43713],[126.7105,37.43747],[126.71186,37.43792],[126.71242,37.43749]]]]}},{"type":"Feature","properties":{"EMD_CD":"28185105","EMD_KOR_NM":"동춘동","sgg":"연수구","adm_nm":"인천광역시 연수구 동춘동","sido":"인천"},"geometry":{"type":"MultiPolygon","coordinates":[[[[126.67566,37.41368],[126.67714,37.41191],[126.68384,37.40738],[126.68546,37.40664],[126.68537,37.40614],[126.68351,37.40413],[126.67985,37.40263],[126.67811,37.4016],[126.66743,37.39225],[126.66176,37.3956],[126.64119,37.41291],[126.64665,37.4153],[126.64825,37.41316],[126.65124,37.41443],[126.65163,37.4151],[126.65435,37.4156],[126.65626,37.41686],[126.656,37.4172],[126.65722,37.41739],[126.65699,37.41693],[126.66132,37.41727],[126.66238,37.41629],[126.66525,37.41625],[126.66675,37.41569],[126.66768,37.41565],[126.66799,37.41679],[126.66972,37.41679],[126.6703,37.41759],[126.67265,37.41695],[126.67566,37.41368]]]]}},{"type":"Feature","properties":{"EMD_CD":"28200105","EMD_KOR_NM":"서창동","sgg":"남동구","adm_nm":"인천광역시 남동구 서창동","sido":"인천"},"geometry":{"type":"MultiPolygon","coordinates":[[[[126.75502,37.44653],[126.75705,37.44642],[126.75783,37.44577],[126.75716,37.44595],[126.75687,37.44528],[126.75691,37.44473],[126.75776,37.44342],[126.75741,37.44248],[126.75783,37.44228],[126.75808,37.44164],[126.75705,37.44087],[126.7566,37.43924],[126.75584,37.43879],[126.75559,37.43814],[126.75607,37.4381],[126.75593,37.43737],[126.75682,37.43637],[126.75668,37.43533],[126.75625,37.43473],[126.75685,37.43372],[126.75676,37.43286],[126.75809,37.43255],[126.75837,37.43206],[126.75927,37.43203],[126.75948,37.43041],[126.76015,37.42877],[126.76164,37.42791],[126.76189,37.42764],[126.76077,37.42824],[126.76242,37.42697],[126.76072,37.42634],[126.75998,37.42646],[126.75953,37.42693],[126.75898,37.4269],[126.75843,37.42646],[126.75868,37.4258],[126.75838,37.42501],[126.75738,37.42485],[126.75602,37.4241],[126.75498,37.4227],[126.75441,37.42311],[126.75325,37.4227],[126.75506,37.41814],[126.75357,37.41703],[126.74658,37.42012],[126.74451,37.42061],[126.74169,37.42082],[126.74022,37.42455],[126.74153,37.42505],[126.73974,37.42454],[126.74117,37.42092],[126.73949,37.42099],[126.73839,37.42238],[126.7387,37.42283],[126.7384,37.42342],[126.73807,37.42339],[126.73869,37.42433],[126.73813,37.4268],[126.73778,37.42717],[126.73734,37.42714],[126.73718,37.42837],[126.73527,37.42976],[126.73601,37.43338],[126.73744,37.43308],[126.73862,37.43333],[126.74123,37.43308],[126.74254,37.43363],[126.74323,37.43424],[126.74316,37.43464],[126.74374,37.43575],[126.74496,37.43659],[126.74434,37.43726],[126.74346,37.4373],[126.74364,37.439],[126.74403,37.43908],[126.74441,37.43969],[126.74555,37.43973],[126.74598,37.43922],[126.74658,37.43962],[126.74638,37.44067],[126.74567,37.44138],[126.74688,37.44133],[126.74788,37.44176],[126.74937,37.4418],[126.75051,37.44343],[126.75011,37.44529],[126.75362,37.44631],[126.75391,37.44684],[126.75502,37.44653]]]]}},{"type":"Feature","properties":{"EMD_CD":"28200103","EMD_KOR_NM":"만수동","sgg":"남동구","adm_nm":"인천광역시 남동구 만수동","sido":"인천"},"geometry":{"type":"MultiPolygon","coordinates":[[[[126.73181,37.4725],[126.7336,37.47184],[126.73809,37.47093],[126.73888,37.47106],[126.73937,37.47053],[126.74187,37.46936],[126.7429,37.46696],[126.74343,37.46646],[126.74503,37.46622],[126.74479,37.46526],[126.74349,37.46495],[126.74194,37.4616],[126.74288,37.46081],[126.74294,37.46042],[126.74218,37.45935],[126.7427,37.459],[126.74284,37.4578],[126.74334,37.45709],[126.74256,37.45397],[126.74072,37.45113],[126.74534,37.44998],[126.74545,37.44937],[126.74478,37.44786],[126.74625,37.44572],[126.74714,37.44532],[126.74992,37.44539],[126.7504,37.44474],[126.75024,37.44403],[126.75051,37.44343],[126.74937,37.4418],[126.74788,37.44176],[126.74688,37.44133],[126.74576,37.44143],[126.74638,37.44067],[126.74658,37.43962],[126.74598,37.43922],[126.74555,37.43973],[126.7445,37.43971],[126.74403,37.43908],[126.74364,37.439],[126.74346,37.4373],[126.74434,37.43726],[126.74496,37.43659],[126.74374,37.43575],[126.74316,37.43464],[126.74318,37.43417],[126.74162,37.43315],[126.73854,37.43333],[126.73744,37.43308],[126.73601,37.43338],[126.73602,37.43543],[126.73674,37.43678],[126.73632,37.4381],[126.73414,37.44048],[126.73314,37.44469],[126.73138,37.44609],[126.73012,37.44762],[126.72937,37.44732],[126.72885,37.44795],[126.72979,37.44791],[126.72945,37.44867],[126.72649,37.45049],[126.72518,37.45367],[126.72233,37.45571],[126.72163,37.45575],[126.72194,37.46391],[126.72093,37.46415],[126.72109,37.46502],[126.72205,37.46491],[126.72247,37.46646],[126.72371,37.46792],[126.72356,37.46993],[126.72659,37.47033],[126.72703,37.47129],[126.72752,37.47165],[126.72894,37.47224],[126.73045,37.47224],[126.73094,37.473],[126.73181,37.4725]]]]}},{"type":"Feature","properties":{"EMD_CD":"28200104","EMD_KOR_NM":"장수동","sgg":"남동구","adm_nm":"인천광역시 남동구 장수동","sido":"인천"},"geometry":{"type":"MultiPolygon","coordinates":[[[[126.77369,37.47197],[126.7746,37.47142],[126.77606,37.47167],[126.77711,37.47222],[126.7782,37.4718],[126.77787,37.47002],[126.77943,37.4683],[126.77918,37.46778],[126.77966,37.46684],[126.77952,37.46602],[126.77982,37.46583],[126.77774,37.46279],[126.77853,37.46204],[126.77884,37.4597],[126.77777,37.4591],[126.77737,37.45716],[126.77806,37.457],[126.78043,37.45498],[126.78001,37.45445],[126.78,37.45339],[126.77902,37.45102],[126.77158,37.45027],[126.77013,37.45113],[126.76895,37.45247],[126.76547,37.45426],[126.76327,37.45233],[126.76135,37.4486],[126.75944,37.44796],[126.75839,37.44675],[126.75735,37.44612],[126.75705,37.44642],[126.75391,37.44684],[126.75362,37.44631],[126.75011,37.44529],[126.74883,37.44551],[126.74714,37.44532],[126.74625,37.44572],[126.74478,37.44786],[126.74545,37.44937],[126.74541,37.44994],[126.74074,37.4511],[126.74256,37.45397],[126.743,37.45516],[126.74334,37.45709],[126.74284,37.4578],[126.7427,37.459],[126.74218,37.45935],[126.74292,37.46059],[126.74194,37.4616],[126.74349,37.46495],[126.74493,37.46539],[126.74546,37.46524],[126.74625,37.46448],[126.74725,37.46543],[126.74894,37.46585],[126.75289,37.46485],[126.75437,37.46537],[126.75481,37.46677],[126.75576,37.46713],[126.75708,37.46913],[126.75863,37.46946],[126.76036,37.46934],[126.76236,37.46985],[126.76606,37.46975],[126.76776,37.47176],[126.77142,37.47185],[126.77196,37.47231],[126.77282,37.47238],[126.77369,37.47197]]]]}},{"type":"Feature","properties":{"EMD_CD":"28200106","EMD_KOR_NM":"운연동","sgg":"남동구","adm_nm":"인천광역시 남동구 운연동","sido":"인천"},"geometry":{"type":"MultiPolygon","coordinates":[[[[126.77097,37.45048],[126.77158,37.45027],[126.77374,37.45052],[126.77097,37.4488],[126.77033,37.4475],[126.77102,37.44686],[126.77111,37.44641],[126.76828,37.44356],[126.76749,37.44341],[126.76854,37.44332],[126.76935,37.44229],[126.76927,37.44139],[126.76973,37.44096],[126.77046,37.4378],[126.7712,37.43648],[126.77114,37.43477],[126.77071,37.4337],[126.77024,37.43296],[126.769,37.432],[126.76957,37.43162],[126.7711,37.4315],[126.77076,37.42981],[126.76968,37.42866],[126.76916,37.42747],[126.76732,37.42671],[126.76453,37.42603],[126.76236,37.42629],[126.76258,37.42728],[126.76015,37.42877],[126.75948,37.43041],[126.75927,37.43203],[126.75837,37.43206],[126.75809,37.43255],[126.75676,37.43286],[126.75685,37.43372],[126.75633,37.43437],[126.75682,37.43637],[126.75593,37.43737],[126.75607,37.4381],[126.75559,37.43814],[126.75563,37.43845],[126.7566,37.43924],[126.75705,37.44087],[126.75808,37.44164],[126.75736,37.44268],[126.75776,37.44342],[126.75691,37.44473],[126.75699,37.4456],[126.75716,37.44595],[126.75783,37.44577],[126.75732,37.44608],[126.75861,37.44694],[126.75944,37.44796],[126.76135,37.4486],[126.76327,37.45233],[126.76547,37.45426],[126.76895,37.45247],[126.76944,37.45173],[126.77097,37.45048]]]]}},{"type":"Feature","properties":{"EMD_CD":"28200108","EMD_KOR_NM":"수산동","sgg":"남동구","adm_nm":"인천광역시 남동구 수산동","sido":"인천"},"geometry":{"type":"MultiPolygon","coordinates":[[[[126.72928,37.44743],[126.73012,37.44762],[126.73138,37.44609],[126.73314,37.44469],[126.73414,37.44048],[126.73648,37.43771],[126.73647,37.43705],[126.73674,37.43678],[126.73602,37.43543],[126.73601,37.43338],[126.73527,37.42976],[126.73481,37.42911],[126.73399,37.42959],[126.73227,37.42948],[126.73215,37.42923],[126.73075,37.42879],[126.73061,37.42848],[126.72971,37.42836],[126.72873,37.42706],[126.7249,37.42736],[126.72145,37.42706],[126.72146,37.42774],[126.72205,37.42839],[126.72208,37.42923],[126.72281,37.43018],[126.72292,37.43098],[126.72351,37.43188],[126.72251,37.43634],[126.72038,37.43585],[126.7191,37.43524],[126.71527,37.43608],[126.71361,37.43677],[126.71505,37.43741],[126.71661,37.43943],[126.71745,37.43967],[126.71756,37.44063],[126.71815,37.44093],[126.71969,37.44102],[126.71987,37.44202],[126.72017,37.44222],[126.72439,37.4439],[126.72559,37.44393],[126.72721,37.44452],[126.72885,37.44756],[126.72903,37.44774],[126.72928,37.44743]]]]}},{"type":"Feature","properties":{"EMD_CD":"28200109","EMD_KOR_NM":"도림동","sgg":"남동구","adm_nm":"인천광역시 남동구 도림동","sido":"인천"},"geometry":{"type":"MultiPolygon","coordinates":[[[[126.71356,37.41288],[126.71618,37.42155],[126.71768,37.42219],[126.71936,37.42228],[126.7217,37.42184],[126.72283,37.42248],[126.72232,37.42366],[126.72251,37.42455],[126.72182,37.42513],[126.72145,37.42706],[126.7249,37.42736],[126.72873,37.42706],[126.72971,37.42836],[126.73061,37.42848],[126.73075,37.42879],[126.73215,37.42923],[126.73227,37.42948],[126.73399,37.42959],[126.73481,37.42911],[126.73509,37.42982],[126.73718,37.42837],[126.73734,37.42714],[126.73778,37.42717],[126.73813,37.4268],[126.73869,37.42437],[126.73807,37.42344],[126.7384,37.42342],[126.73869,37.42291],[126.73839,37.42238],[126.74012,37.4203],[126.74053,37.41926],[126.73911,37.41884],[126.73949,37.41879],[126.73859,37.41812],[126.73642,37.41829],[126.73593,37.41795],[126.73516,37.4164],[126.73528,37.41518],[126.73225,37.41325],[126.73265,37.41239],[126.73251,37.41218],[126.72926,37.41033],[126.72818,37.4102],[126.72727,37.40961],[126.72564,37.41012],[126.72466,37.40992],[126.72331,37.4102],[126.7216,37.40935],[126.71909,37.4089],[126.71841,37.40832],[126.71784,37.40865],[126.71775,37.40951],[126.71715,37.41057],[126.71746,37.4113],[126.716,37.4115],[126.71494,37.41314],[126.71384,37.41269],[126.71356,37.41288]]]]}},{"type":"Feature","properties":{"EMD_CD":"28720310","EMD_KOR_NM":"북도면","sgg":"옹진군","adm_nm":"인천광역시 옹진군 북도면","sido":"인천"},"geometry":{"type":"MultiPolygon","coordinates":[[[[126.41969,37.5186],[126.41947,37.51877],[126.41982,37.51903],[126.42021,37.51873],[126.42072,37.51901],[126.42065,37.51947],[126.42113,37.51935],[126.42103,37.51867],[126.42052,37.5183],[126.41969,37.5186]]],[[[126.46332,37.54209],[126.4655,37.54118],[126.46541,37.54078],[126.46625,37.53983],[126.46581,37.53942],[126.46597,37.53885],[126.46733,37.53829],[126.46899,37.5382],[126.47048,37.53735],[126.47253,37.53695],[126.47258,37.53731],[126.47313,37.53725],[126.47251,37.53518],[126.47236,37.53336],[126.4727,37.53345],[126.47337,37.53234],[126.47338,37.53196],[126.47266,37.53116],[126.47303,37.53026],[126.47317,37.52874],[126.47239,37.52861],[126.47181,37.529],[126.47052,37.5281],[126.4699,37.5284],[126.46978,37.52776],[126.46806,37.52876],[126.46682,37.52868],[126.4667,37.52833],[126.46646,37.52461],[126.46824,37.5223],[126.47039,37.52212],[126.46824,37.5166],[126.46731,37.51516],[126.46817,37.51373],[126.47006,37.51328],[126.46999,37.51245],[126.46966,37.51216],[126.46787,37.51281],[126.46752,37.51281],[126.46674,37.51179],[126.46533,37.51206],[126.46415,37.51181],[126.46289,37.51229],[126.46277,37.51289],[126.46321,37.51319],[126.46315,37.51375],[126.46019,37.51642],[126.45773,37.51728],[126.45778,37.5176],[126.45695,37.51689],[126.45559,37.5173],[126.45577,37.51842],[126.4544,37.51834],[126.45409,37.51857],[126.45412,37.51903],[126.45366,37.51916],[126.45153,37.51905],[126.4475,37.51957],[126.44708,37.51984],[126.44563,37.51982],[126.4443,37.51876],[126.44455,37.51751],[126.44112,37.51647],[126.43965,37.51632],[126.43935,37.5158],[126.4393,37.51425],[126.43909,37.51454],[126.43806,37.51461],[126.43805,37.51514],[126.43711,37.51519],[126.43671,37.51556],[126.43654,37.51673],[126.435,37.51769],[126.43305,37.51819],[126.43249,37.51755],[126.43163,37.51715],[126.42995,37.51815],[126.42973,37.51869],[126.43051,37.51966],[126.43028,37.51991],[126.43087,37.52136],[126.43146,37.52142],[126.43174,37.52031],[126.43191,37.52045],[126.43153,37.52188],[126.43228,37.52304],[126.43202,37.52358],[126.43254,37.52459],[126.43146,37.52523],[126.43142,37.52553],[126.43223,37.52605],[126.43409,37.52652],[126.43593,37.5276],[126.43632,37.52807],[126.43641,37.52883],[126.43805,37.52941],[126.43818,37.5303],[126.43852,37.53062],[126.44043,37.5315],[126.44148,37.53084],[126.44202,37.53092],[126.44196,37.53134],[126.44256,37.53154],[126.44337,37.53124],[126.44419,37.53173],[126.44481,37.53257],[126.44683,37.53264],[126.44697,37.53324],[126.44858,37.5333],[126.45128,37.53637],[126.45223,37.53685],[126.45383,37.53689],[126.45566,37.53888],[126.45491,37.53931],[126.45537,37.54026],[126.45589,37.54041],[126.45625,37.53947],[126.45638,37.53961],[126.45604,37.54034],[126.457,37.54226],[126.45653,37.54321],[126.45685,37.54389],[126.45716,37.54412],[126.45844,37.54393],[126.46074,37.54429],[126.46144,37.54395],[126.46254,37.54234],[126.46332,37.54209]]],[[[126.42592,37.51695],[126.42606,37.51734],[126.42556,37.5185],[126.42575,37.51855],[126.42628,37.51793],[126.42691,37.51785],[126.42727,37.51651],[126.42625,37.5162],[126.42592,37.51695]]],[[[126.41253,37.53973],[126.41226,37.53924],[126.41331,37.53815],[126.41336,37.53764],[126.41409,37.53741],[126.41393,37.53663],[126.41448,37.53637],[126.41405,37.53583],[126.41466,37.53511],[126.41393,37.53587],[126.41193,37.53487],[126.41269,37.53363],[126.41177,37.53075],[126.40975,37.52926],[126.41073,37.52779],[126.40955,37.52674],[126.40863,37.52653],[126.40835,37.52736],[126.40762,37.52816],[126.40626,37.52864],[126.40485,37.52867],[126.4045,37.52911],[126.40471,37.52947],[126.40447,37.52991],[126.40378,37.53035],[126.40367,37.53078],[126.40287,37.53118],[126.40208,37.53101],[126.4018,37.53139],[126.40251,37.53173],[126.40279,37.53258],[126.40394,37.5334],[126.40392,37.53402],[126.4045,37.53448],[126.40429,37.53532],[126.40549,37.5355],[126.40678,37.53636],[126.40837,37.53647],[126.40896,37.53753],[126.41089,37.53957],[126.41178,37.54015],[126.41241,37.5401],[126.41213,37.53963],[126.41257,37.53999],[126.41253,37.53973]]],[[[126.42735,37.54806],[126.42713,37.54788],[126.42779,37.54711],[126.43099,37.54623],[126.4313,37.54569],[126.43097,37.54485],[126.43144,37.54425],[126.43172,37.54447],[126.43265,37.54413],[126.43447,37.54442],[126.43744,37.54579],[126.43848,37.54544],[126.4401,37.54551],[126.44138,37.5446],[126.44071,37.5441],[126.43961,37.54452],[126.43878,37.54433],[126.43731,37.54349],[126.43439,37.54267],[126.43484,37.54016],[126.43236,37.53589],[126.43198,37.53251],[126.43108,37.53131],[126.43186,37.53098],[126.43152,37.53052],[126.43044,37.53015],[126.42956,37.52887],[126.42864,37.52852],[126.42633,37.52597],[126.42623,37.52511],[126.42688,37.5242],[126.42794,37.52376],[126.42766,37.523],[126.42682,37.523],[126.42693,37.52224],[126.42521,37.5218],[126.42504,37.52309],[126.42273,37.52386],[126.42243,37.52336],[126.42154,37.52287],[126.4172,37.52317],[126.41676,37.52246],[126.41612,37.52323],[126.41695,37.52342],[126.41699,37.52408],[126.41738,37.52408],[126.4176,37.52442],[126.41867,37.52438],[126.42004,37.52538],[126.42029,37.52617],[126.41999,37.52685],[126.4192,37.52714],[126.4188,37.52792],[126.41932,37.52845],[126.41896,37.52888],[126.4191,37.52966],[126.41941,37.53027],[126.42236,37.53313],[126.42175,37.53542],[126.42016,37.53651],[126.41895,37.53657],[126.41917,37.53702],[126.42032,37.53677],[126.42038,37.53795],[126.42092,37.53924],[126.42244,37.54165],[126.42393,37.5411],[126.42373,37.54188],[126.42242,37.54196],[126.42446,37.54429],[126.42415,37.54548],[126.42382,37.54576],[126.42402,37.54648],[126.4264,37.5483],[126.42714,37.5483],[126.42735,37.54806]]],[[[126.31255,37.55877],[126.3171,37.55716],[126.31732,37.55635],[126.31768,37.55609],[126.31972,37.55602],[126.3209,37.55487],[126.32172,37.5549],[126.32315,37.5538],[126.32327,37.55335],[126.32497,37.55388],[126.32617,37.55294],[126.32775,37.55245],[126.32737,37.55095],[126.32945,37.55003],[126.33183,37.55056],[126.33306,37.55014],[126.33667,37.55144],[126.33744,37.55129],[126.33722,37.55018],[126.33822,37.54993],[126.3377,37.54919],[126.3378,37.54858],[126.33866,37.54776],[126.34017,37.5472],[126.33999,37.5461],[126.3402,37.54563],[126.34005,37.54512],[126.33953,37.54484],[126.33945,37.54425],[126.34239,37.54137],[126.34308,37.54044],[126.34338,37.53928],[126.34645,37.53777],[126.3496,37.53727],[126.35228,37.53603],[126.35233,37.5355],[126.35353,37.5349],[126.35602,37.53471],[126.35688,37.53492],[126.3578,37.53432],[126.35984,37.53473],[126.36123,37.53465],[126.36296,37.53533],[126.36368,37.5347],[126.36504,37.5343],[126.36902,37.53511],[126.37145,37.53585],[126.37165,37.53615],[126.37377,37.53648],[126.37503,37.53736],[126.37643,37.53747],[126.37776,37.53673],[126.38082,37.53739],[126.38357,37.53832],[126.38351,37.53888],[126.38377,37.53905],[126.38412,37.53885],[126.38387,37.53805],[126.38418,37.5373],[126.3839,37.5367],[126.38429,37.53547],[126.38334,37.53303],[126.38398,37.53188],[126.38545,37.53168],[126.38475,37.53162],[126.38482,37.53105],[126.38452,37.53072],[126.38476,37.53027],[126.38419,37.53083],[126.38214,37.53016],[126.38212,37.52844],[126.38147,37.52793],[126.37967,37.52791],[126.37965,37.52872],[126.37844,37.52903],[126.36821,37.53071],[126.36759,37.53071],[126.3669,37.52984],[126.36565,37.52944],[126.3615,37.53104],[126.35535,37.52983],[126.35427,37.52974],[126.35249,37.53014],[126.3514,37.52949],[126.34964,37.52914],[126.34937,37.5288],[126.34958,37.52771],[126.34919,37.52756],[126.34853,37.52769],[126.34778,37.52845],[126.34668,37.52879],[126.34268,37.52827],[126.34254,37.52731],[126.34317,37.52653],[126.34293,37.52582],[126.34234,37.52564],[126.34047,37.52618],[126.34065,37.52819],[126.34036,37.52989],[126.33776,37.53067],[126.33638,37.5307],[126.33539,37.53031],[126.3353,37.5305],[126.33532,37.53017],[126.33419,37.52955],[126.33411,37.52841],[126.33456,37.52711],[126.33331,37.52725],[126.33236,37.52693],[126.33166,37.52622],[126.32989,37.52614],[126.32948,37.52573],[126.32925,37.52464],[126.3278,37.5241],[126.32714,37.52345],[126.32707,37.52292],[126.32646,37.52367],[126.32618,37.52454],[126.32532,37.52529],[126.32706,37.52589],[126.3286,37.52709],[126.32914,37.52974],[126.32903,37.53079],[126.32776,37.53226],[126.328,37.53265],[126.32947,37.53292],[126.33037,37.53703],[126.32969,37.54087],[126.32856,37.54239],[126.3253,37.54387],[126.32457,37.5449],[126.32359,37.54517],[126.32215,37.54504],[126.32122,37.54567],[126.32074,37.54651],[126.3211,37.547],[126.32054,37.54746],[126.32062,37.54807],[126.31894,37.54952],[126.3185,37.55029],[126.31483,37.55177],[126.31429,37.55258],[126.31321,37.55295],[126.31255,37.55445],[126.31187,37.55467],[126.31003,37.55634],[126.30947,37.5565],[126.30932,37.55743],[126.30854,37.55805],[126.30918,37.55873],[126.30822,37.55956],[126.30813,37.5601],[126.30874,37.56034],[126.31016,37.55991],[126.31059,37.55916],[126.31234,37.55885],[126.31265,37.55925],[126.31255,37.55877]]],[[[126.39573,37.53358],[126.39543,37.53426],[126.39571,37.5345],[126.39666,37.53376],[126.39679,37.53298],[126.39573,37.53358]]],[[[126.41315,37.54021],[126.4133,37.54009],[126.41286,37.53974],[126.41315,37.54021]]]]}},{"type":"Feature","properties":{"EMD_CD":"28155104","EMD_KOR_NM":"운북동","sgg":"영종구","adm_nm":"인천광역시 영종구 운북동","sido":"인천"},"geometry":{"type":"MultiPolygon","coordinates":[[[[126.50181,37.53169],[126.50239,37.53236],[126.50223,37.53211],[126.50284,37.53174],[126.50253,37.53121],[126.50295,37.53061],[126.5042,37.53056],[126.50513,37.53113],[126.5101,37.53268],[126.51003,37.53135],[126.51043,37.53094],[126.51018,37.53177],[126.51034,37.53272],[126.51138,37.53395],[126.51237,37.53426],[126.51563,37.53423],[126.51712,37.53366],[126.51697,37.53313],[126.51735,37.53138],[126.51761,37.53119],[126.5225,37.53044],[126.52555,37.52721],[126.52484,37.52492],[126.52959,37.52362],[126.53007,37.52445],[126.53161,37.52457],[126.53853,37.52239],[126.54141,37.521],[126.54098,37.51958],[126.54194,37.5192],[126.54308,37.51],[126.54287,37.50984],[126.54302,37.50719],[126.54252,37.50609],[126.54228,37.50582],[126.54181,37.50589],[126.54166,37.50538],[126.54106,37.505],[126.54038,37.50497],[126.54013,37.50392],[126.53746,37.50425],[126.53663,37.50514],[126.53339,37.50554],[126.53095,37.50672],[126.53012,37.50606],[126.5295,37.50401],[126.52838,37.50339],[126.52791,37.50024],[126.52719,37.49936],[126.52583,37.49855],[126.52526,37.49742],[126.52466,37.49693],[126.52429,37.49596],[126.51999,37.49517],[126.51576,37.49349],[126.51458,37.49456],[126.51362,37.49464],[126.51233,37.49529],[126.51147,37.49652],[126.51055,37.4984],[126.50959,37.49962],[126.5101,37.50344],[126.50875,37.50472],[126.50545,37.50494],[126.50556,37.50511],[126.50368,37.50469],[126.50207,37.50357],[126.50005,37.50143],[126.49939,37.50129],[126.49898,37.50191],[126.49813,37.50179],[126.49778,37.5022],[126.49821,37.50284],[126.498,37.50379],[126.49819,37.50408],[126.49711,37.50495],[126.49764,37.50521],[126.49753,37.50584],[126.49712,37.50622],[126.49659,37.50605],[126.49619,37.50628],[126.49675,37.50691],[126.49757,37.50691],[126.49582,37.50718],[126.49469,37.5069],[126.4942,37.50733],[126.49662,37.5132],[126.50079,37.51318],[126.49973,37.51516],[126.50032,37.51374],[126.49613,37.51334],[126.495,37.51374],[126.49706,37.52708],[126.49866,37.52936],[126.49853,37.52977],[126.4989,37.53057],[126.49933,37.53093],[126.50074,37.53068],[126.50136,37.53087],[126.50178,37.53104],[126.50181,37.53169]]],[[[126.48759,37.51725],[126.48912,37.51754],[126.4881,37.51612],[126.48729,37.51628],[126.48637,37.51709],[126.48759,37.51725]]],[[[126.47868,37.50949],[126.47935,37.5095],[126.47942,37.50972],[126.4797,37.50949],[126.47904,37.50905],[126.47864,37.50914],[126.47868,37.50949]]],[[[126.50243,37.54055],[126.5033,37.54071],[126.50363,37.5405],[126.50333,37.53922],[126.50378,37.53821],[126.5038,37.53722],[126.50345,37.53721],[126.50284,37.53792],[126.50312,37.53905],[126.50288,37.53976],[126.50215,37.54036],[126.50131,37.54024],[126.50145,37.54049],[126.50243,37.54055]]]]}},{"type":"Feature","properties":{"EMD_CD":"28155102","EMD_KOR_NM":"운남동","sgg":"영종구","adm_nm":"인천광역시 영종구 운남동","sido":"인천"},"geometry":{"type":"MultiPolygon","coordinates":[[[[126.50432,37.47545],[126.50294,37.47686],[126.49967,37.4788],[126.50315,37.48235],[126.50639,37.48343],[126.50785,37.48084],[126.51047,37.48084],[126.51255,37.48239],[126.51292,37.48379],[126.51364,37.48379],[126.51422,37.48343],[126.51457,37.48456],[126.51642,37.48542],[126.51621,37.48681],[126.51718,37.48963],[126.51726,37.49119],[126.51685,37.49285],[126.51633,37.49364],[126.51999,37.49517],[126.52429,37.49596],[126.52466,37.49693],[126.52526,37.49742],[126.52583,37.49855],[126.52719,37.49936],[126.52791,37.50024],[126.52838,37.50339],[126.5295,37.50401],[126.53012,37.50606],[126.53101,37.50675],[126.53339,37.50554],[126.53663,37.50514],[126.53746,37.50425],[126.53921,37.5042],[126.5406,37.50378],[126.54144,37.50301],[126.54297,37.50229],[126.54556,37.50146],[126.54415,37.49927],[126.54374,37.49737],[126.54537,37.49372],[126.54507,37.493],[126.54532,37.49246],[126.54481,37.49216],[126.54473,37.49119],[126.54431,37.49097],[126.5448,37.49043],[126.5446,37.48982],[126.54329,37.48794],[126.54358,37.48772],[126.55071,37.49444],[126.55148,37.49404],[126.54954,37.49221],[126.55154,37.49085],[126.55056,37.48994],[126.55006,37.48901],[126.54962,37.48339],[126.55801,37.48304],[126.55823,37.48226],[126.56009,37.48109],[126.55894,37.47832],[126.54887,37.47625],[126.53861,37.47594],[126.53449,37.47536],[126.53036,37.47409],[126.51994,37.46961],[126.50735,37.46609],[126.50494,37.46503],[126.50458,37.46531],[126.50655,37.46706],[126.50692,37.46801],[126.5066,37.46927],[126.50561,37.47034],[126.50485,37.4719],[126.50465,37.47466],[126.50432,37.47545]]]]}},{"type":"Feature","properties":{"EMD_CD":"28125108","EMD_KOR_NM":"중앙동1가","sgg":"제물포구","adm_nm":"인천광역시 제물포구 중앙동1가","sido":"인천"},"geometry":{"type":"MultiPolygon","coordinates":[[[[126.62131,37.47338],[126.62088,37.47287],[126.6196,37.47354],[126.62002,37.47404],[126.62131,37.47338]]]]}},{"type":"Feature","properties":{"EMD_CD":"28125121","EMD_KOR_NM":"항동3가","sgg":"제물포구","adm_nm":"인천광역시 제물포구 항동3가","sido":"인천"},"geometry":{"type":"MultiPolygon","coordinates":[[[[126.62029,37.47214],[126.61955,37.47133],[126.61847,37.47196],[126.61911,37.47278],[126.62029,37.47214]]]]}},{"type":"Feature","properties":{"EMD_CD":"28125122","EMD_KOR_NM":"항동4가","sgg":"제물포구","adm_nm":"인천광역시 제물포구 항동4가","sido":"인천"},"geometry":{"type":"MultiPolygon","coordinates":[[[[126.62072,37.47066],[126.61955,37.47133],[126.62029,37.47214],[126.62149,37.47149],[126.62072,37.47066]]]]}},{"type":"Feature","properties":{"EMD_CD":"28125101","EMD_KOR_NM":"만석동","sgg":"제물포구","adm_nm":"인천광역시 제물포구 만석동","sido":"인천"},"geometry":{"type":"MultiPolygon","coordinates":[[[[126.58716,37.49693],[126.58651,37.49719],[126.58618,37.49794],[126.58849,37.49867],[126.58967,37.49853],[126.59055,37.49798],[126.59138,37.49697],[126.59105,37.49669],[126.58903,37.49653],[126.58716,37.49693]]],[[[126.62583,37.48845],[126.625,37.48679],[126.62661,37.48625],[126.62646,37.4854],[126.62682,37.48468],[126.62838,37.48315],[126.62834,37.48257],[126.62691,37.48265],[126.62653,37.48141],[126.62809,37.47929],[126.62472,37.48126],[126.62281,37.48141],[126.62046,37.48073],[126.6188,37.48309],[126.61822,37.48285],[126.61703,37.48321],[126.61689,37.48352],[126.61809,37.48437],[126.61841,37.48491],[126.61907,37.48469],[126.62018,37.48642],[126.61943,37.48596],[126.61168,37.48352],[126.6099,37.48735],[126.61198,37.48801],[126.61317,37.48544],[126.61428,37.48579],[126.61311,37.4884],[126.61523,37.48905],[126.61641,37.48637],[126.61667,37.48644],[126.6166,37.48672],[126.61745,37.48687],[126.61621,37.48974],[126.61772,37.49018],[126.61837,37.4887],[126.61901,37.48888],[126.61839,37.49038],[126.62316,37.49182],[126.62399,37.49016],[126.62343,37.48937],[126.62397,37.48903],[126.62474,37.49014],[126.62483,37.49106],[126.6242,37.49212],[126.62627,37.49248],[126.62731,37.49145],[126.62583,37.48845]]]]}},{"type":"Feature","properties":{"EMD_CD":"28125119","EMD_KOR_NM":"항동1가","sgg":"제물포구","adm_nm":"인천광역시 제물포구 항동1가","sido":"인천"},"geometry":{"type":"MultiPolygon","coordinates":[[[[126.61954,37.47347],[126.61939,37.47328],[126.61719,37.47355],[126.61583,37.47207],[126.61558,37.4756],[126.61627,37.47621],[126.61596,37.47463],[126.61782,37.47447],[126.61802,37.47406],[126.61954,37.47347]]]]}},{"type":"Feature","properties":{"EMD_CD":"28125120","EMD_KOR_NM":"항동2가","sgg":"제물포구","adm_nm":"인천광역시 제물포구 항동2가","sido":"인천"},"geometry":{"type":"MultiPolygon","coordinates":[[[[126.61847,37.47196],[126.6177,37.47106],[126.61583,37.47207],[126.61719,37.47355],[126.61939,37.47328],[126.61847,37.47196]]]]}},{"type":"Feature","properties":{"EMD_CD":"28125146","EMD_KOR_NM":"북성동2가","sgg":"제물포구","adm_nm":"인천광역시 제물포구 북성동2가","sido":"인천"},"geometry":{"type":"MultiPolygon","coordinates":[[[[126.61927,37.47758],[126.61906,37.47696],[126.61956,37.47554],[126.6187,37.47493],[126.61728,37.47527],[126.61743,37.47789],[126.61841,37.47901],[126.61889,37.47872],[126.61836,37.47805],[126.61927,37.47758]]]]}},{"type":"Feature","properties":{"EMD_CD":"28125147","EMD_KOR_NM":"북성동3가","sgg":"제물포구","adm_nm":"인천광역시 제물포구 북성동3가","sido":"인천"},"geometry":{"type":"MultiPolygon","coordinates":[[[[126.62269,37.47539],[126.62158,37.47566],[126.62044,37.47458],[126.6187,37.47493],[126.61963,37.47578],[126.61906,37.47696],[126.61927,37.47758],[126.6199,37.47745],[126.62072,37.47676],[126.62182,37.47702],[126.62283,37.47765],[126.62238,37.47618],[126.62269,37.47539]]]]}},{"type":"Feature","properties":{"EMD_CD":"28125148","EMD_KOR_NM":"선린동","sgg":"제물포구","adm_nm":"인천광역시 제물포구 선린동","sido":"인천"},"geometry":{"type":"MultiPolygon","coordinates":[[[[126.6196,37.47354],[126.61802,37.47406],[126.61782,37.47447],[126.61596,37.47463],[126.61616,37.47551],[126.62044,37.47458],[126.6196,37.47354]]]]}},{"type":"Feature","properties":{"EMD_CD":"28125150","EMD_KOR_NM":"송월동2가","sgg":"제물포구","adm_nm":"인천광역시 제물포구 송월동2가","sido":"인천"},"geometry":{"type":"MultiPolygon","coordinates":[[[[126.61927,37.47758],[126.61836,37.47805],[126.61889,37.47872],[126.61841,37.47901],[126.61928,37.48],[126.62064,37.48049],[126.6209,37.48018],[126.61984,37.47935],[126.61927,37.47758]]]]}},{"type":"Feature","properties":{"EMD_CD":"28125151","EMD_KOR_NM":"송월동3가","sgg":"제물포구","adm_nm":"인천광역시 제물포구 송월동3가","sido":"인천"},"geometry":{"type":"MultiPolygon","coordinates":[[[[126.61927,37.47758],[126.61984,37.47935],[126.62023,37.47969],[126.62035,37.4792],[126.62236,37.47875],[126.62306,37.47817],[126.62236,37.47726],[126.62072,37.47676],[126.6199,37.47745],[126.61927,37.47758]]]]}},{"type":"Feature","properties":{"EMD_CD":"28125112","EMD_KOR_NM":"해안동1가","sgg":"제물포구","adm_nm":"인천광역시 제물포구 해안동1가","sido":"인천"},"geometry":{"type":"MultiPolygon","coordinates":[[[[126.61911,37.47278],[126.6196,37.47354],[126.62088,37.47287],[126.62027,37.47215],[126.61911,37.47278]]]]}},{"type":"Feature","properties":{"EMD_CD":"28155101","EMD_KOR_NM":"중산동","sgg":"영종구","adm_nm":"인천광역시 영종구 중산동","sido":"인천"},"geometry":{"type":"MultiPolygon","coordinates":[[[[126.5795,37.49218],[126.58051,37.49217],[126.58162,37.49336],[126.58096,37.49255],[126.58205,37.49224],[126.58285,37.49157],[126.58285,37.49132],[126.58219,37.49132],[126.58199,37.49084],[126.58258,37.49065],[126.58235,37.48975],[126.58137,37.49003],[126.58131,37.4897],[126.57815,37.48886],[126.57747,37.48822],[126.57675,37.48835],[126.56997,37.48436],[126.56683,37.48089],[126.56444,37.47958],[126.55894,37.47832],[126.56009,37.48109],[126.55823,37.48226],[126.55801,37.48304],[126.54962,37.48339],[126.55006,37.48901],[126.55056,37.48994],[126.55154,37.49085],[126.54954,37.49221],[126.55148,37.49404],[126.55071,37.49444],[126.54358,37.48772],[126.54329,37.48794],[126.5446,37.48982],[126.5448,37.49043],[126.54431,37.49097],[126.54473,37.49119],[126.54481,37.49216],[126.54532,37.49246],[126.54507,37.493],[126.54537,37.49372],[126.54374,37.49737],[126.54415,37.49927],[126.54556,37.50146],[126.54297,37.50229],[126.54144,37.50301],[126.5406,37.50378],[126.53991,37.50385],[126.54036,37.50428],[126.54038,37.50497],[126.54166,37.50538],[126.54181,37.50589],[126.54228,37.50582],[126.54302,37.50719],[126.54287,37.50984],[126.54308,37.51],[126.54194,37.5192],[126.541,37.51967],[126.54701,37.51755],[126.55404,37.51808],[126.56229,37.51533],[126.56371,37.5163],[126.56373,37.51674],[126.56438,37.51658],[126.56244,37.51528],[126.564,37.51476],[126.56574,37.51351],[126.56925,37.50777],[126.57102,37.507],[126.57172,37.50622],[126.5743,37.50577],[126.57444,37.50525],[126.57669,37.50377],[126.57649,37.50252],[126.57889,37.49791],[126.5804,37.49343],[126.5795,37.49218]]],[[[126.54175,37.52199],[126.54306,37.52296],[126.54344,37.52232],[126.54151,37.52076],[126.54063,37.52137],[126.54175,37.52199]]],[[[126.5802,37.52419],[126.58094,37.52407],[126.58055,37.52381],[126.5802,37.52419]]],[[[126.5651,37.53968],[126.56459,37.5399],[126.56421,37.54062],[126.56564,37.54096],[126.5667,37.54176],[126.56779,37.54085],[126.56982,37.54129],[126.57636,37.5435],[126.57755,37.54184],[126.57683,37.54163],[126.57743,37.54104],[126.57744,37.54018],[126.57708,37.53935],[126.57723,37.53796],[126.57703,37.53764],[126.57509,37.53742],[126.57513,37.53617],[126.57544,37.53577],[126.57512,37.53482],[126.57499,37.52951],[126.5777,37.52718],[126.579,37.52726],[126.5806,37.52561],[126.57979,37.52487],[126.57898,37.52489],[126.57722,37.526],[126.57635,37.5273],[126.57578,37.52767],[126.57517,37.52768],[126.5751,37.52123],[126.55809,37.5212],[126.55154,37.52856],[126.5441,37.52286],[126.5438,37.52352],[126.56168,37.53733],[126.5651,37.53968]]]]}},{"type":"Feature","properties":{"EMD_CD":"28275109","EMD_KOR_NM":"원창동","sgg":"서해구","adm_nm":"인천광역시 서해구 원창동","sido":"인천"},"geometry":{"type":"MultiPolygon","coordinates":[[[[126.66255,37.52533],[126.66253,37.5216],[126.66161,37.52007],[126.66238,37.5186],[126.66139,37.51803],[126.65993,37.51646],[126.66075,37.51519],[126.66133,37.51487],[126.66125,37.51418],[126.66154,37.51367],[126.66119,37.51272],[126.66055,37.51222],[126.661,37.5113],[126.66031,37.51056],[126.66063,37.50926],[126.65628,37.50779],[126.65416,37.50797],[126.65312,37.50768],[126.6526,37.50661],[126.64077,37.50671],[126.64077,37.50236],[126.63947,37.50236],[126.63947,37.50424],[126.63077,37.50425],[126.63076,37.50047],[126.62665,37.49741],[126.62271,37.49732],[126.62274,37.49628],[126.60454,37.49591],[126.60445,37.50882],[126.60419,37.50882],[126.60418,37.5096],[126.60542,37.51072],[126.60458,37.51101],[126.60488,37.51191],[126.60419,37.51209],[126.60326,37.513],[126.60353,37.51314],[126.60305,37.51367],[126.60281,37.51639],[126.61008,37.51532],[126.60926,37.51287],[126.61079,37.51244],[126.61089,37.5128],[126.61223,37.51254],[126.61351,37.51265],[126.61371,37.51148],[126.61391,37.51146],[126.61382,37.512],[126.61437,37.51179],[126.61543,37.51209],[126.6159,37.51136],[126.61761,37.51104],[126.62007,37.51157],[126.62364,37.51333],[126.62571,37.51296],[126.62686,37.5134],[126.62822,37.51345],[126.63038,37.5143],[126.63426,37.51685],[126.63296,37.5186],[126.63366,37.51939],[126.63593,37.51983],[126.63655,37.51965],[126.63798,37.51847],[126.6439,37.51778],[126.64808,37.51608],[126.65033,37.51606],[126.65103,37.51551],[126.65101,37.51662],[126.65162,37.51671],[126.65125,37.5169],[126.65105,37.51793],[126.65119,37.52083],[126.65522,37.5214],[126.65635,37.52204],[126.65913,37.52276],[126.65971,37.52582],[126.66262,37.52563],[126.66255,37.52533]]],[[[126.57009,37.55543],[126.57006,37.55513],[126.56929,37.55502],[126.5683,37.55516],[126.56797,37.55561],[126.56839,37.5561],[126.56934,37.55577],[126.56992,37.55592],[126.57009,37.55543]]],[[[126.56532,37.55725],[126.5656,37.55774],[126.56581,37.55757],[126.56555,37.55716],[126.56532,37.55725]]],[[[126.55933,37.57386],[126.55954,37.57395],[126.55953,37.57468],[126.55865,37.57561],[126.55794,37.57579],[126.5567,37.57508],[126.55541,37.57556],[126.55559,37.57603],[126.55526,37.57634],[126.55581,37.57662],[126.55601,37.57765],[126.55566,37.57888],[126.55686,37.57869],[126.55787,37.57729],[126.5583,37.57727],[126.55906,37.57631],[126.55988,37.5763],[126.56279,37.57466],[126.56345,37.57455],[126.56398,37.57519],[126.56458,37.57519],[126.56533,37.57406],[126.56652,37.57366],[126.56661,37.57313],[126.56839,37.57281],[126.56927,37.5734],[126.57116,37.57242],[126.57108,37.57206],[126.57014,37.57176],[126.57029,37.571],[126.57004,37.57052],[126.56922,37.57022],[126.56857,37.57147],[126.5686,37.57116],[126.56548,37.57119],[126.56512,37.57144],[126.56439,37.57097],[126.56153,37.57171],[126.56008,37.57246],[126.55959,37.57303],[126.55887,37.57316],[126.55867,37.57364],[126.5593,37.57365],[126.55933,37.57386]]],[[[126.55375,37.57742],[126.55416,37.57744],[126.55445,37.57687],[126.55375,37.57742]]],[[[126.58787,37.54843],[126.58884,37.54789],[126.58807,37.54746],[126.5867,37.54757],[126.58527,37.54849],[126.58605,37.54824],[126.58674,37.54879],[126.58787,37.54843]]],[[[126.57963,37.5453],[126.57943,37.54504],[126.57835,37.54582],[126.57775,37.54702],[126.57831,37.54703],[126.579,37.54581],[126.57963,37.5453]]],[[[126.58808,37.5464],[126.58731,37.54744],[126.58887,37.54756],[126.58906,37.54672],[126.58808,37.5464]]]]}},{"type":"Feature","properties":{"EMD_CD":"28275111","EMD_KOR_NM":"청라동","sgg":"서해구","adm_nm":"인천광역시 서해구 청라동","sido":"인천"},"geometry":{"type":"MultiPolygon","coordinates":[[[[126.63547,37.55819],[126.63846,37.55673],[126.63628,37.55582],[126.63267,37.55086],[126.6329,37.55057],[126.63698,37.54963],[126.63734,37.54912],[126.63837,37.54865],[126.64014,37.54881],[126.64118,37.54854],[126.64186,37.54761],[126.64365,37.54716],[126.6451,37.54615],[126.65072,37.54339],[126.65028,37.54277],[126.6502,37.54058],[126.65056,37.54086],[126.6594,37.54088],[126.66153,37.53919],[126.66157,37.53865],[126.66339,37.53882],[126.66348,37.53673],[126.66335,37.53471],[126.66299,37.53457],[126.66289,37.53333],[126.66262,37.52563],[126.65971,37.52583],[126.65913,37.52276],[126.65635,37.52204],[126.65522,37.5214],[126.65119,37.52083],[126.65105,37.51793],[126.65125,37.5169],[126.65162,37.51671],[126.65101,37.51662],[126.65103,37.51551],[126.65033,37.51606],[126.64808,37.51608],[126.6439,37.51778],[126.63798,37.51847],[126.63655,37.51965],[126.63593,37.51983],[126.63366,37.51939],[126.63296,37.5186],[126.63426,37.51685],[126.63038,37.5143],[126.62822,37.51345],[126.62686,37.5134],[126.62571,37.51296],[126.62364,37.51333],[126.62007,37.51157],[126.61761,37.51104],[126.6159,37.51136],[126.61543,37.51209],[126.61437,37.51179],[126.61382,37.512],[126.61391,37.51146],[126.61371,37.51148],[126.61306,37.51524],[126.60277,37.51684],[126.60271,37.52691],[126.61104,37.52694],[126.6109,37.52774],[126.61047,37.52779],[126.60269,37.5278],[126.60263,37.53329],[126.59929,37.53328],[126.5995,37.53534],[126.59928,37.53552],[126.59927,37.5364],[126.59876,37.5364],[126.59876,37.53717],[126.59856,37.53717],[126.59875,37.53883],[126.60497,37.53886],[126.60504,37.53974],[126.59867,37.53971],[126.59666,37.54858],[126.59835,37.54908],[126.59768,37.55024],[126.60654,37.55337],[126.60672,37.55409],[126.6073,37.55444],[126.60881,37.55386],[126.60853,37.55408],[126.6087,37.55432],[126.6107,37.55498],[126.61649,37.5554],[126.63006,37.55803],[126.6336,37.55914],[126.63675,37.56089],[126.63701,37.56033],[126.63633,37.55969],[126.63691,37.55924],[126.63646,37.55899],[126.63661,37.55873],[126.63547,37.55819]]]]}},{"type":"Feature","properties":{"EMD_CD":"28125115","EMD_KOR_NM":"해안동4가","sgg":"제물포구","adm_nm":"인천광역시 제물포구 해안동4가","sido":"인천"},"geometry":{"type":"MultiPolygon","coordinates":[[[[126.62386,37.47013],[126.62272,37.47079],[126.62311,37.47122],[126.6243,37.47052],[126.62386,37.47013]]]]}},{"type":"Feature","properties":{"EMD_CD":"28125131","EMD_KOR_NM":"신포동","sgg":"제물포구","adm_nm":"인천광역시 제물포구 신포동","sido":"인천"},"geometry":{"type":"MultiPolygon","coordinates":[[[[126.62746,37.47013],[126.62655,37.47013],[126.62655,37.47052],[126.62481,37.47107],[126.62567,37.47202],[126.62653,37.4718],[126.62643,37.47152],[126.62869,37.47165],[126.62746,37.47013]]]]}},{"type":"Feature","properties":{"EMD_CD":"28125103","EMD_KOR_NM":"송현동","sgg":"제물포구","adm_nm":"인천광역시 제물포구 송현동","sido":"인천"},"geometry":{"type":"MultiPolygon","coordinates":[[[[126.63678,37.49474],[126.64076,37.49577],[126.65523,37.48799],[126.6526,37.48496],[126.64888,37.48725],[126.64527,37.4839],[126.64478,37.48423],[126.64414,37.48362],[126.64517,37.48334],[126.64524,37.4829],[126.64446,37.48207],[126.64559,37.48132],[126.6455,37.48099],[126.64395,37.48101],[126.64558,37.4806],[126.64541,37.47966],[126.64372,37.48015],[126.64359,37.47949],[126.64301,37.47956],[126.64289,37.47897],[126.64107,37.47808],[126.63899,37.4783],[126.63919,37.47739],[126.63888,37.4769],[126.63784,37.47621],[126.63468,37.47514],[126.63513,37.47487],[126.63532,37.47431],[126.63474,37.47375],[126.63137,37.47675],[126.63172,37.47677],[126.63197,37.47777],[126.63323,37.47906],[126.63337,37.48041],[126.63277,37.48069],[126.63312,37.48064],[126.63344,37.48103],[126.6325,37.48165],[126.63336,37.48291],[126.63478,37.48342],[126.63455,37.48372],[126.63603,37.48508],[126.63855,37.48342],[126.63742,37.4823],[126.63762,37.48218],[126.63903,37.48351],[126.63191,37.48827],[126.62748,37.49337],[126.63632,37.49588],[126.63678,37.49474]]]]}},{"type":"Feature","properties":{"EMD_CD":"28125107","EMD_KOR_NM":"송림동","sgg":"제물포구","adm_nm":"인천광역시 제물포구 송림동","sido":"인천"},"geometry":{"type":"MultiPolygon","coordinates":[[[[126.65894,37.48599],[126.66429,37.48308],[126.67132,37.47779],[126.67443,37.47694],[126.67437,37.47561],[126.67031,37.47684],[126.65923,37.48248],[126.65499,37.48403],[126.65244,37.48135],[126.65305,37.48165],[126.653,37.47954],[126.65428,37.47918],[126.65449,37.47841],[126.65401,37.47825],[126.65341,37.47696],[126.65265,37.47623],[126.65303,37.47603],[126.65278,37.47567],[126.65198,37.47521],[126.65244,37.47426],[126.65376,37.47354],[126.65222,37.47063],[126.65226,37.47029],[126.65293,37.47018],[126.65362,37.47049],[126.65356,37.47021],[126.65246,37.46972],[126.65086,37.46992],[126.64992,37.4693],[126.64911,37.46928],[126.64783,37.46975],[126.64544,37.46995],[126.64597,37.47045],[126.64525,37.47054],[126.6455,37.47079],[126.64413,37.47058],[126.64347,37.47105],[126.64421,37.47199],[126.64375,37.47221],[126.64394,37.47255],[126.64353,37.47272],[126.64368,37.47341],[126.64252,37.47352],[126.64178,37.47391],[126.63891,37.47308],[126.63839,37.47379],[126.63711,37.47313],[126.6363,37.47394],[126.63527,37.47429],[126.63513,37.47487],[126.63468,37.47514],[126.63784,37.47621],[126.63888,37.4769],[126.63919,37.47739],[126.63899,37.4783],[126.64107,37.47808],[126.64289,37.47897],[126.64301,37.47956],[126.64359,37.47949],[126.64372,37.48015],[126.64541,37.47966],[126.64558,37.4806],[126.64395,37.48101],[126.6455,37.48099],[126.64559,37.48132],[126.64446,37.48207],[126.64524,37.4829],[126.64517,37.48334],[126.64414,37.48362],[126.64478,37.48423],[126.64527,37.4839],[126.64888,37.48725],[126.6526,37.48496],[126.65523,37.48799],[126.65894,37.48599]]]]}},{"type":"Feature","properties":{"EMD_CD":"28125117","EMD_KOR_NM":"관동2가","sgg":"제물포구","adm_nm":"인천광역시 제물포구 관동2가","sido":"인천"},"geometry":{"type":"MultiPolygon","coordinates":[[[[126.62389,37.4721],[126.62261,37.47277],[126.62314,37.47339],[126.62444,37.47272],[126.62389,37.4721]]]]}},{"type":"Feature","properties":{"EMD_CD":"28237101","EMD_KOR_NM":"부평동","sgg":"부평구","adm_nm":"인천광역시 부평구 부평동","sido":"인천"},"geometry":{"type":"MultiPolygon","coordinates":[[[[126.73377,37.49285],[126.73525,37.49371],[126.73654,37.49363],[126.73628,37.49208],[126.73549,37.49083],[126.7349,37.49036],[126.73394,37.49071],[126.73346,37.48979],[126.73394,37.48963],[126.73243,37.48927],[126.73215,37.48882],[126.73209,37.48709],[126.73232,37.48709],[126.73188,37.4849],[126.73165,37.48493],[126.73096,37.48326],[126.73122,37.48306],[126.73227,37.48358],[126.7322,37.48215],[126.73031,37.48144],[126.73035,37.48112],[126.72937,37.47996],[126.72902,37.48186],[126.72799,37.48028],[126.72914,37.47892],[126.73032,37.47913],[126.73134,37.47861],[126.7327,37.47689],[126.73283,37.47475],[126.73111,37.47327],[126.73045,37.47224],[126.72894,37.47224],[126.72752,37.47165],[126.72703,37.47129],[126.72659,37.47033],[126.72602,37.4701],[126.72244,37.47002],[126.72097,37.47162],[126.72126,37.47203],[126.72038,37.4727],[126.72046,37.47297],[126.71939,37.47409],[126.7187,37.47395],[126.7178,37.47514],[126.71567,37.47635],[126.71402,37.47642],[126.71184,37.4774],[126.71114,37.47962],[126.7118,37.4814],[126.71236,37.48192],[126.71167,37.48197],[126.71206,37.48277],[126.7117,37.48341],[126.71199,37.48483],[126.71168,37.48518],[126.71184,37.48549],[126.71152,37.48594],[126.71097,37.48558],[126.71072,37.48576],[126.71078,37.48618],[126.71022,37.48687],[126.70825,37.48665],[126.7099,37.48908],[126.71008,37.49004],[126.70995,37.48934],[126.71221,37.49078],[126.71644,37.49087],[126.71638,37.49119],[126.71682,37.49139],[126.71639,37.49141],[126.71605,37.4989],[126.71622,37.50328],[126.71559,37.50387],[126.71669,37.50389],[126.71683,37.50525],[126.71851,37.50514],[126.71862,37.5062],[126.72068,37.50607],[126.72076,37.50756],[126.73126,37.50697],[126.73112,37.50535],[126.73238,37.50532],[126.73287,37.50482],[126.73289,37.50418],[126.7334,37.50414],[126.7343,37.50255],[126.73417,37.502],[126.73452,37.50169],[126.73417,37.50171],[126.73334,37.49343],[126.73377,37.49285]]]]}},{"type":"Feature","properties":{"EMD_CD":"28125105","EMD_KOR_NM":"창영동","sgg":"제물포구","adm_nm":"인천광역시 제물포구 창영동","sido":"인천"},"geometry":{"type":"MultiPolygon","coordinates":[[[[126.63577,37.47275],[126.63671,37.47252],[126.637,37.47202],[126.63959,37.47211],[126.64008,37.47183],[126.64055,37.47212],[126.64087,37.47179],[126.6418,37.47176],[126.64242,37.47048],[126.64288,37.47107],[126.64333,37.47085],[126.64347,37.47105],[126.64413,37.47058],[126.6455,37.47079],[126.64525,37.47054],[126.64597,37.47045],[126.64453,37.46959],[126.6432,37.46973],[126.64227,37.47028],[126.64186,37.46927],[126.64291,37.46879],[126.64243,37.46839],[126.63746,37.471],[126.63542,37.47277],[126.63577,37.47275]]]]}},{"type":"Feature","properties":{"EMD_CD":"28125116","EMD_KOR_NM":"관동1가","sgg":"제물포구","adm_nm":"인천광역시 제물포구 관동1가","sido":"인천"},"geometry":{"type":"MultiPolygon","coordinates":[[[[126.62261,37.47277],[126.62002,37.47404],[126.6205,37.47461],[126.62314,37.47339],[126.62261,37.47277]]]]}},{"type":"Feature","properties":{"EMD_CD":"28125118","EMD_KOR_NM":"관동3가","sgg":"제물포구","adm_nm":"인천광역시 제물포구 관동3가","sido":"인천"},"geometry":{"type":"MultiPolygon","coordinates":[[[[126.62567,37.47202],[126.62511,37.4714],[126.62389,37.4721],[126.62444,37.47272],[126.62567,37.47202]]]]}},{"type":"Feature","properties":{"EMD_CD":"28125123","EMD_KOR_NM":"항동5가","sgg":"제물포구","adm_nm":"인천광역시 제물포구 항동5가","sido":"인천"},"geometry":{"type":"MultiPolygon","coordinates":[[[[126.62193,37.46992],[126.62072,37.47066],[126.62149,37.47149],[126.62273,37.47078],[126.62193,37.46992]]]]}},{"type":"Feature","properties":{"EMD_CD":"28125124","EMD_KOR_NM":"항동6가","sgg":"제물포구","adm_nm":"인천광역시 제물포구 항동6가","sido":"인천"},"geometry":{"type":"MultiPolygon","coordinates":[[[[126.62306,37.46928],[126.62193,37.46992],[126.62273,37.47078],[126.62386,37.47013],[126.62306,37.46928]]]]}},{"type":"Feature","properties":{"EMD_CD":"28125130","EMD_KOR_NM":"신생동","sgg":"제물포구","adm_nm":"인천광역시 제물포구 신생동","sido":"인천"},"geometry":{"type":"MultiPolygon","coordinates":[[[[126.62718,37.4667],[126.62738,37.46747],[126.62691,37.46866],[126.62735,37.46892],[126.62582,37.47014],[126.62386,37.47013],[126.62481,37.47107],[126.62655,37.47052],[126.62655,37.47013],[126.62746,37.47013],[126.62697,37.46965],[126.62828,37.46879],[126.62809,37.46846],[126.62989,37.46739],[126.62971,37.46711],[126.63003,37.46566],[126.63062,37.46555],[126.62975,37.46414],[126.6266,37.46539],[126.62735,37.4666],[126.62718,37.4667]]]]}},{"type":"Feature","properties":{"EMD_CD":"28125132","EMD_KOR_NM":"답동","sgg":"제물포구","adm_nm":"인천광역시 제물포구 답동","sido":"인천"},"geometry":{"type":"MultiPolygon","coordinates":[[[[126.62746,37.47013],[126.62869,37.47165],[126.62996,37.47163],[126.63119,37.47094],[126.63021,37.46858],[126.63033,37.46804],[126.62989,37.46739],[126.62809,37.46846],[126.62828,37.46879],[126.62697,37.46965],[126.62746,37.47013]]]]}},{"type":"Feature","properties":{"EMD_CD":"28125133","EMD_KOR_NM":"신흥동1가","sgg":"제물포구","adm_nm":"인천광역시 제물포구 신흥동1가","sido":"인천"},"geometry":{"type":"MultiPolygon","coordinates":[[[[126.63112,37.4636],[126.62975,37.46414],[126.63062,37.46555],[126.63003,37.46566],[126.62971,37.46711],[126.63033,37.46804],[126.63021,37.46858],[126.63085,37.47026],[126.63223,37.46895],[126.63328,37.46897],[126.63352,37.46803],[126.63345,37.46744],[126.63273,37.46677],[126.63346,37.46641],[126.63249,37.46599],[126.63112,37.4636]]]]}},{"type":"Feature","properties":{"EMD_CD":"28125144","EMD_KOR_NM":"전동","sgg":"제물포구","adm_nm":"인천광역시 제물포구 전동","sido":"인천"},"geometry":{"type":"MultiPolygon","coordinates":[[[[126.62902,37.47532],[126.6265,37.47535],[126.62623,37.47476],[126.62367,37.47502],[126.62269,37.47539],[126.62238,37.47623],[126.62306,37.47817],[126.62351,37.47813],[126.62425,37.47946],[126.62758,37.4796],[126.63087,37.47699],[126.62861,37.47642],[126.62902,37.47532]]]]}},{"type":"Feature","properties":{"EMD_CD":"28125134","EMD_KOR_NM":"신흥동2가","sgg":"제물포구","adm_nm":"인천광역시 제물포구 신흥동2가","sido":"인천"},"geometry":{"type":"MultiPolygon","coordinates":[[[[126.63112,37.4636],[126.63249,37.46599],[126.63346,37.46641],[126.63274,37.46661],[126.63349,37.46757],[126.63328,37.46897],[126.63544,37.46863],[126.63673,37.46802],[126.63569,37.46618],[126.63496,37.46656],[126.63463,37.46621],[126.63284,37.46292],[126.63112,37.4636]]]]}},{"type":"Feature","properties":{"EMD_CD":"28125149","EMD_KOR_NM":"송월동1가","sgg":"제물포구","adm_nm":"인천광역시 제물포구 송월동1가","sido":"인천"},"geometry":{"type":"MultiPolygon","coordinates":[[[[126.62023,37.47969],[126.6209,37.48018],[126.62046,37.48073],[126.62327,37.48145],[126.62503,37.48115],[126.62758,37.4796],[126.62425,37.47946],[126.62351,37.47813],[126.62222,37.4788],[126.62035,37.4792],[126.62023,37.47969]]]]}},{"type":"Feature","properties":{"EMD_CD":"28125136","EMD_KOR_NM":"선화동","sgg":"제물포구","adm_nm":"인천광역시 제물포구 선화동","sido":"인천"},"geometry":{"type":"MultiPolygon","coordinates":[[[[126.63569,37.46618],[126.63654,37.4676],[126.63687,37.46747],[126.63733,37.46632],[126.63951,37.46434],[126.63805,37.46449],[126.63647,37.46518],[126.63541,37.46594],[126.63569,37.46618]]]]}},{"type":"Feature","properties":{"EMD_CD":"28125137","EMD_KOR_NM":"유동","sgg":"제물포구","adm_nm":"인천광역시 제물포구 유동","sido":"인천"},"geometry":{"type":"MultiPolygon","coordinates":[[[[126.63673,37.46802],[126.63571,37.46852],[126.63559,37.46976],[126.63495,37.47032],[126.63648,37.47032],[126.63658,37.47082],[126.63715,37.47125],[126.63906,37.47028],[126.63867,37.4696],[126.63832,37.46957],[126.63747,37.46871],[126.63731,37.4693],[126.63673,37.46802]]]]}},{"type":"Feature","properties":{"EMD_CD":"28125138","EMD_KOR_NM":"율목동","sgg":"제물포구","adm_nm":"인천광역시 제물포구 율목동","sido":"인천"},"geometry":{"type":"MultiPolygon","coordinates":[[[[126.63328,37.46897],[126.63223,37.46895],[126.63085,37.47026],[126.63149,37.47153],[126.63288,37.47165],[126.63485,37.47084],[126.636,37.47222],[126.63715,37.47125],[126.63658,37.47082],[126.63648,37.47032],[126.63495,37.47033],[126.63559,37.46976],[126.63571,37.46852],[126.63328,37.46897]]]]}},{"type":"Feature","properties":{"EMD_CD":"28125139","EMD_KOR_NM":"도원동","sgg":"제물포구","adm_nm":"인천광역시 제물포구 도원동","sido":"인천"},"geometry":{"type":"MultiPolygon","coordinates":[[[[126.64404,37.46625],[126.6441,37.46593],[126.64318,37.46583],[126.64287,37.46516],[126.64027,37.46408],[126.63951,37.46431],[126.63925,37.46479],[126.63733,37.46632],[126.63693,37.46738],[126.63654,37.4676],[126.63731,37.4693],[126.63747,37.46871],[126.63832,37.46957],[126.63867,37.4696],[126.63903,37.47024],[126.6434,37.46797],[126.643,37.46794],[126.64296,37.46728],[126.64404,37.46625]]]]}},{"type":"Feature","properties":{"EMD_CD":"28125140","EMD_KOR_NM":"내동","sgg":"제물포구","adm_nm":"인천광역시 제물포구 내동","sido":"인천"},"geometry":{"type":"MultiPolygon","coordinates":[[[[126.62908,37.47228],[126.62876,37.47165],[126.62643,37.47152],[126.62653,37.4718],[126.62567,37.47202],[126.62726,37.47411],[126.62693,37.47473],[126.62623,37.47476],[126.6265,37.47535],[126.62902,37.47532],[126.62948,37.47321],[126.62908,37.47228]]]]}},{"type":"Feature","properties":{"EMD_CD":"28125141","EMD_KOR_NM":"경동","sgg":"제물포구","adm_nm":"인천광역시 제물포구 경동","sido":"인천"},"geometry":{"type":"MultiPolygon","coordinates":[[[[126.62908,37.47228],[126.62936,37.47223],[126.6295,37.47264],[126.63055,37.47237],[126.63177,37.47255],[126.63214,37.47302],[126.63289,37.47308],[126.6333,37.47353],[126.63543,37.47277],[126.636,37.47222],[126.63479,37.47084],[126.63288,37.47165],[126.63149,37.47153],[126.63119,37.47094],[126.62996,37.47163],[126.62876,37.47165],[126.62908,37.47228]]]]}},{"type":"Feature","properties":{"EMD_CD":"28125142","EMD_KOR_NM":"용동","sgg":"제물포구","adm_nm":"인천광역시 제물포구 용동","sido":"인천"},"geometry":{"type":"MultiPolygon","coordinates":[[[[126.62908,37.47228],[126.62948,37.47321],[126.63174,37.47413],[126.63224,37.47421],[126.6333,37.47353],[126.63289,37.47308],[126.63214,37.47302],[126.63177,37.47255],[126.63055,37.47237],[126.6295,37.47264],[126.62936,37.47223],[126.62908,37.47228]]]]}},{"type":"Feature","properties":{"EMD_CD":"28125106","EMD_KOR_NM":"금곡동","sgg":"제물포구","adm_nm":"인천광역시 제물포구 금곡동","sido":"인천"},"geometry":{"type":"MultiPolygon","coordinates":[[[[126.63473,37.47376],[126.63564,37.47433],[126.63711,37.47313],[126.63839,37.47379],[126.63891,37.47308],[126.64192,37.47391],[126.64252,37.47352],[126.64368,37.47341],[126.64353,37.47272],[126.64394,37.47255],[126.64375,37.47221],[126.64421,37.47199],[126.64333,37.47085],[126.64288,37.47107],[126.64242,37.47048],[126.6418,37.47176],[126.64087,37.47179],[126.64055,37.47212],[126.64008,37.47183],[126.63959,37.47211],[126.637,37.47202],[126.63671,37.47252],[126.63583,37.47268],[126.63473,37.47376]]]]}},{"type":"Feature","properties":{"EMD_CD":"28125109","EMD_KOR_NM":"중앙동2가","sgg":"제물포구","adm_nm":"인천광역시 제물포구 중앙동2가","sido":"인천"},"geometry":{"type":"MultiPolygon","coordinates":[[[[126.62211,37.47219],[126.62088,37.47287],[126.62131,37.47338],[126.6226,37.47275],[126.62211,37.47219]]]]}},{"type":"Feature","properties":{"EMD_CD":"28125110","EMD_KOR_NM":"중앙동3가","sgg":"제물포구","adm_nm":"인천광역시 제물포구 중앙동3가","sido":"인천"},"geometry":{"type":"MultiPolygon","coordinates":[[[[126.62187,37.47191],[126.62261,37.47277],[126.62389,37.4721],[126.62311,37.47122],[126.62187,37.47191]]]]}},{"type":"Feature","properties":{"EMD_CD":"28125111","EMD_KOR_NM":"중앙동4가","sgg":"제물포구","adm_nm":"인천광역시 제물포구 중앙동4가","sido":"인천"},"geometry":{"type":"MultiPolygon","coordinates":[[[[126.62481,37.47107],[126.6243,37.47052],[126.62311,37.47122],[126.62389,37.4721],[126.62511,37.4714],[126.62481,37.47107]]]]}},{"type":"Feature","properties":{"EMD_CD":"28125102","EMD_KOR_NM":"화수동","sgg":"제물포구","adm_nm":"인천광역시 제물포구 화수동","sido":"인천"},"geometry":{"type":"MultiPolygon","coordinates":[[[[126.62889,37.48989],[126.6293,37.48953],[126.62907,37.48946],[126.62917,37.48922],[126.62973,37.48921],[126.63185,37.48732],[126.63605,37.48508],[126.63455,37.48372],[126.63478,37.48342],[126.63336,37.48291],[126.6325,37.48165],[126.63344,37.48103],[126.63312,37.48064],[126.63137,37.48086],[126.63013,37.48065],[126.6299,37.48014],[126.62872,37.48034],[126.62889,37.47973],[126.62821,37.47921],[126.62653,37.48141],[126.62691,37.48265],[126.62834,37.48257],[126.62838,37.48315],[126.62682,37.48468],[126.62646,37.4854],[126.62661,37.48625],[126.625,37.48679],[126.62731,37.49145],[126.62889,37.48989]]]]}},{"type":"Feature","properties":{"EMD_CD":"28125113","EMD_KOR_NM":"해안동2가","sgg":"제물포구","adm_nm":"인천광역시 제물포구 해안동2가","sido":"인천"},"geometry":{"type":"MultiPolygon","coordinates":[[[[126.62187,37.47191],[126.62149,37.47149],[126.62027,37.47215],[126.62088,37.47287],[126.62211,37.47219],[126.62187,37.47191]]]]}},{"type":"Feature","properties":{"EMD_CD":"28125104","EMD_KOR_NM":"화평동","sgg":"제물포구","adm_nm":"인천광역시 제물포구 화평동","sido":"인천"},"geometry":{"type":"MultiPolygon","coordinates":[[[[126.63176,37.4808],[126.63293,37.48072],[126.63337,37.48041],[126.63303,37.47864],[126.63197,37.47777],[126.63172,37.47677],[126.63136,37.47674],[126.62821,37.47921],[126.62889,37.47973],[126.62872,37.48034],[126.6299,37.48014],[126.63013,37.48065],[126.63176,37.4808]]]]}},{"type":"Feature","properties":{"EMD_CD":"28125143","EMD_KOR_NM":"인현동","sgg":"제물포구","adm_nm":"인천광역시 제물포구 인현동","sido":"인천"},"geometry":{"type":"MultiPolygon","coordinates":[[[[126.62902,37.47532],[126.62861,37.47642],[126.63098,37.47702],[126.63556,37.47292],[126.63543,37.47277],[126.63403,37.47322],[126.63224,37.47421],[126.62948,37.47321],[126.62902,37.47532]]]]}},{"type":"Feature","properties":{"EMD_CD":"28125114","EMD_KOR_NM":"해안동3가","sgg":"제물포구","adm_nm":"인천광역시 제물포구 해안동3가","sido":"인천"},"geometry":{"type":"MultiPolygon","coordinates":[[[[126.62272,37.47079],[126.62149,37.47149],[126.62186,37.47192],[126.62311,37.47122],[126.62272,37.47079]]]]}},{"type":"Feature","properties":{"EMD_CD":"28125126","EMD_KOR_NM":"송학동1가","sgg":"제물포구","adm_nm":"인천광역시 제물포구 송학동1가","sido":"인천"},"geometry":{"type":"MultiPolygon","coordinates":[[[[126.62314,37.47339],[126.6205,37.47461],[126.62158,37.47566],[126.62457,37.475],[126.62314,37.47339]]]]}},{"type":"Feature","properties":{"EMD_CD":"28125127","EMD_KOR_NM":"송학동2가","sgg":"제물포구","adm_nm":"인천광역시 제물포구 송학동2가","sido":"인천"},"geometry":{"type":"MultiPolygon","coordinates":[[[[126.62444,37.47272],[126.62314,37.47339],[126.62457,37.475],[126.62623,37.47476],[126.62444,37.47272]]]]}},{"type":"Feature","properties":{"EMD_CD":"28125128","EMD_KOR_NM":"송학동3가","sgg":"제물포구","adm_nm":"인천광역시 제물포구 송학동3가","sido":"인천"},"geometry":{"type":"MultiPolygon","coordinates":[[[[126.62444,37.47272],[126.62623,37.47476],[126.62693,37.47473],[126.62726,37.47411],[126.62716,37.47371],[126.62567,37.47202],[126.62444,37.47272]]]]}},{"type":"Feature","properties":{"EMD_CD":"28125129","EMD_KOR_NM":"사동","sgg":"제물포구","adm_nm":"인천광역시 제물포구 사동","sido":"인천"},"geometry":{"type":"MultiPolygon","coordinates":[[[[126.62718,37.4667],[126.62306,37.46932],[126.62386,37.47013],[126.62582,37.47014],[126.62735,37.46892],[126.62691,37.46866],[126.62738,37.46747],[126.62718,37.4667]]]]}},{"type":"Feature","properties":{"EMD_CD":"28237102","EMD_KOR_NM":"십정동","sgg":"부평구","adm_nm":"인천광역시 부평구 십정동","sido":"인천"},"geometry":{"type":"MultiPolygon","coordinates":[[[[126.7116,37.48088],[126.71115,37.47959],[126.71087,37.47994],[126.70961,37.47636],[126.7091,37.47314],[126.70762,37.47058],[126.70804,37.47057],[126.708,37.46932],[126.70489,37.4696],[126.70461,37.46836],[126.70342,37.46853],[126.70325,37.46766],[126.70024,37.46813],[126.69822,37.46887],[126.69758,37.46814],[126.69357,37.46977],[126.69306,37.46942],[126.69028,37.47075],[126.68846,37.47083],[126.68422,37.47356],[126.6907,37.47911],[126.69102,37.47894],[126.69094,37.48037],[126.68994,37.48308],[126.6911,37.4839],[126.69264,37.48411],[126.69239,37.48511],[126.69324,37.48539],[126.69699,37.48524],[126.69806,37.48567],[126.6996,37.48517],[126.69976,37.48482],[126.70124,37.48516],[126.70266,37.48661],[126.70349,37.48684],[126.70476,37.48698],[126.70794,37.48651],[126.71022,37.48687],[126.71078,37.48618],[126.71072,37.48576],[126.71097,37.48558],[126.71152,37.48594],[126.71184,37.48549],[126.71168,37.48518],[126.71199,37.48483],[126.7117,37.48341],[126.71206,37.48277],[126.71167,37.48197],[126.71236,37.48192],[126.7116,37.48088]]]]}},{"type":"Feature","properties":{"EMD_CD":"28237103","EMD_KOR_NM":"산곡동","sgg":"부평구","adm_nm":"인천광역시 부평구 산곡동","sido":"인천"},"geometry":{"type":"MultiPolygon","coordinates":[[[[126.7151,37.50352],[126.71559,37.50387],[126.71622,37.50328],[126.71605,37.4989],[126.71639,37.49141],[126.71683,37.49142],[126.71638,37.49119],[126.71648,37.49091],[126.71221,37.49078],[126.70995,37.48934],[126.71008,37.49004],[126.70951,37.48836],[126.70815,37.48659],[126.70476,37.48698],[126.70349,37.48684],[126.70266,37.48661],[126.70124,37.48516],[126.69976,37.48482],[126.69952,37.48498],[126.69959,37.48576],[126.69925,37.48656],[126.69764,37.4877],[126.69746,37.48825],[126.69803,37.4893],[126.69752,37.49036],[126.69648,37.49065],[126.69469,37.49175],[126.69427,37.49238],[126.69462,37.49283],[126.69148,37.49256],[126.69128,37.49358],[126.69282,37.4953],[126.69072,37.4966],[126.69042,37.49772],[126.68908,37.49855],[126.68918,37.49917],[126.69121,37.50052],[126.69104,37.50117],[126.69217,37.50165],[126.69101,37.50372],[126.69009,37.50446],[126.68919,37.50461],[126.68859,37.50519],[126.68897,37.50668],[126.6889,37.50775],[126.68873,37.50834],[126.68779,37.50865],[126.69053,37.51107],[126.69147,37.51239],[126.6919,37.51248],[126.69249,37.51325],[126.69333,37.51375],[126.69553,37.51347],[126.69864,37.51414],[126.70236,37.51424],[126.7038,37.51358],[126.70353,37.51051],[126.70573,37.50999],[126.70797,37.50814],[126.70894,37.50812],[126.70891,37.50716],[126.70942,37.50686],[126.71198,37.5062],[126.71194,37.50581],[126.71324,37.50572],[126.71314,37.50473],[126.71448,37.50466],[126.71437,37.50357],[126.7151,37.50352]]]]}},{"type":"Feature","properties":{"EMD_CD":"28237104","EMD_KOR_NM":"청천동","sgg":"부평구","adm_nm":"인천광역시 부평구 청천동","sido":"인천"},"geometry":{"type":"MultiPolygon","coordinates":[[[[126.71917,37.52379],[126.72188,37.52367],[126.72179,37.52266],[126.72222,37.52267],[126.72216,37.52201],[126.72171,37.52166],[126.72196,37.52043],[126.7216,37.52004],[126.72149,37.51646],[126.72068,37.51057],[126.72111,37.51055],[126.72087,37.51025],[126.72081,37.5062],[126.71862,37.5062],[126.71851,37.50514],[126.71683,37.50525],[126.71669,37.50389],[126.71437,37.50357],[126.71448,37.50466],[126.71314,37.50473],[126.71324,37.50572],[126.71194,37.50581],[126.71198,37.5062],[126.70942,37.50686],[126.70891,37.50716],[126.70894,37.50812],[126.70797,37.50814],[126.70573,37.50999],[126.70353,37.51051],[126.7038,37.51358],[126.70302,37.51407],[126.70184,37.51429],[126.70011,37.51402],[126.69864,37.51414],[126.69539,37.51346],[126.69333,37.51375],[126.69249,37.51325],[126.6919,37.51248],[126.69147,37.51239],[126.69053,37.51107],[126.68779,37.50865],[126.68681,37.50913],[126.68685,37.51223],[126.6851,37.51347],[126.68449,37.51426],[126.68329,37.51452],[126.68327,37.51705],[126.68435,37.51881],[126.68617,37.52057],[126.68613,37.52171],[126.68728,37.52254],[126.68881,37.52283],[126.68916,37.52356],[126.71917,37.52379]]]]}},{"type":"Feature","properties":{"EMD_CD":"28245101","EMD_KOR_NM":"효성동","sgg":"계양구","adm_nm":"인천광역시 계양구 효성동","sido":"인천"},"geometry":{"type":"MultiPolygon","coordinates":[[[[126.7053,37.54182],[126.70592,37.54104],[126.70735,37.54021],[126.70814,37.54027],[126.7088,37.53986],[126.71167,37.54015],[126.7143,37.53819],[126.71449,37.53714],[126.71598,37.53618],[126.71766,37.53593],[126.71764,37.5342],[126.71799,37.53284],[126.71749,37.5323],[126.71769,37.53116],[126.71875,37.5292],[126.71839,37.52837],[126.71869,37.52801],[126.71957,37.52801],[126.71918,37.52379],[126.68916,37.52355],[126.68859,37.52501],[126.6875,37.52617],[126.68761,37.52817],[126.68688,37.53072],[126.68298,37.53117],[126.68249,37.53222],[126.68385,37.53438],[126.68362,37.53516],[126.6845,37.53561],[126.68717,37.53559],[126.68815,37.53596],[126.69034,37.53583],[126.69165,37.53613],[126.69256,37.53703],[126.69204,37.53944],[126.69267,37.54115],[126.69398,37.54134],[126.69481,37.54185],[126.6962,37.54173],[126.69775,37.54212],[126.6984,37.54134],[126.69986,37.54056],[126.70091,37.54103],[126.7031,37.54114],[126.70392,37.54203],[126.7053,37.54182]]]]}},{"type":"Feature","properties":{"EMD_CD":"28275106","EMD_KOR_NM":"가정동","sgg":"서해구","adm_nm":"인천광역시 서해구 가정동","sido":"인천"},"geometry":{"type":"MultiPolygon","coordinates":[[[[126.66626,37.53985],[126.66745,37.53925],[126.66816,37.53962],[126.66979,37.53916],[126.67251,37.53972],[126.67414,37.53922],[126.67509,37.53853],[126.67581,37.53912],[126.67801,37.53707],[126.67808,37.53615],[126.68008,37.53623],[126.68173,37.53549],[126.68342,37.53553],[126.68385,37.53438],[126.68249,37.53222],[126.68298,37.53117],[126.68688,37.53072],[126.68761,37.52817],[126.6875,37.52617],[126.68859,37.52502],[126.68916,37.52356],[126.68881,37.52283],[126.68728,37.52254],[126.68613,37.52171],[126.68617,37.52057],[126.68435,37.51881],[126.68327,37.51705],[126.68329,37.51452],[126.68242,37.51424],[126.68151,37.51347],[126.6806,37.5133],[126.6727,37.51343],[126.67324,37.52242],[126.6691,37.52258],[126.66938,37.52486],[126.66262,37.52563],[126.66289,37.53333],[126.66299,37.53457],[126.66335,37.53471],[126.66353,37.53859],[126.66626,37.53985]]]]}},{"type":"Feature","properties":{"EMD_CD":"28275107","EMD_KOR_NM":"신현동","sgg":"서해구","adm_nm":"인천광역시 서해구 신현동","sido":"인천"},"geometry":{"type":"MultiPolygon","coordinates":[[[[126.67324,37.52242],[126.6727,37.51343],[126.66545,37.51371],[126.6632,37.51504],[126.66092,37.51499],[126.65993,37.51646],[126.66139,37.51803],[126.66238,37.5186],[126.66161,37.52007],[126.66253,37.5216],[126.66262,37.52563],[126.66938,37.52486],[126.6691,37.52258],[126.67324,37.52242]]]]}},{"type":"Feature","properties":{"EMD_CD":"28275108","EMD_KOR_NM":"석남동","sgg":"서해구","adm_nm":"인천광역시 서해구 석남동","sido":"인천"},"geometry":{"type":"MultiPolygon","coordinates":[[[[126.65214,37.50661],[126.6526,37.50661],[126.65312,37.50768],[126.65416,37.50797],[126.65628,37.50779],[126.66063,37.50926],[126.66031,37.51056],[126.661,37.5113],[126.66055,37.51222],[126.66119,37.51272],[126.66153,37.51358],[126.66125,37.51418],[126.66133,37.51487],[126.66247,37.51513],[126.66343,37.51495],[126.66505,37.51385],[126.66596,37.51363],[126.66864,37.51372],[126.67902,37.51319],[126.68151,37.51347],[126.68242,37.51424],[126.68329,37.51452],[126.68449,37.51426],[126.6851,37.51347],[126.68685,37.51223],[126.68681,37.50913],[126.68873,37.50834],[126.68897,37.50668],[126.68859,37.50519],[126.68794,37.50544],[126.68638,37.50537],[126.6849,37.50281],[126.68537,37.50198],[126.68479,37.50151],[126.68411,37.50011],[126.6828,37.49969],[126.68177,37.49981],[126.67956,37.49803],[126.6758,37.49924],[126.66778,37.49935],[126.66644,37.49906],[126.64076,37.49915],[126.64075,37.49748],[126.63946,37.49829],[126.63947,37.50236],[126.64077,37.50236],[126.64077,37.50671],[126.65214,37.50661]]]]}},{"type":"Feature","properties":{"EMD_CD":"28275110","EMD_KOR_NM":"가좌동","sgg":"서해구","adm_nm":"인천광역시 서해구 가좌동","sido":"인천"},"geometry":{"type":"MultiPolygon","coordinates":[[[[126.68859,37.50519],[126.68919,37.50461],[126.69009,37.50446],[126.69101,37.50372],[126.69217,37.50165],[126.69104,37.50117],[126.69121,37.50052],[126.68918,37.49917],[126.68908,37.49855],[126.69042,37.49772],[126.69072,37.4966],[126.69282,37.4953],[126.69128,37.49358],[126.69148,37.49256],[126.69462,37.49283],[126.69427,37.49238],[126.69469,37.49175],[126.69648,37.49065],[126.69752,37.49036],[126.69803,37.4893],[126.69746,37.48825],[126.69764,37.4877],[126.69925,37.48656],[126.69963,37.48538],[126.6996,37.48517],[126.69806,37.48567],[126.69699,37.48524],[126.69324,37.48539],[126.69239,37.48511],[126.69264,37.48412],[126.6911,37.4839],[126.68994,37.48308],[126.69094,37.48037],[126.69102,37.47894],[126.6907,37.47911],[126.68422,37.47356],[126.68803,37.47093],[126.68607,37.47204],[126.68576,37.4716],[126.68504,37.47257],[126.68344,37.4734],[126.68111,37.47378],[126.67437,37.47561],[126.67443,37.47694],[126.67132,37.47779],[126.66427,37.48309],[126.64075,37.49579],[126.64076,37.49915],[126.65283,37.49899],[126.66644,37.49906],[126.66778,37.49935],[126.6758,37.49924],[126.67956,37.49803],[126.68177,37.49981],[126.6828,37.49969],[126.68411,37.50011],[126.68479,37.50151],[126.68537,37.50198],[126.6849,37.50281],[126.68638,37.50537],[126.68794,37.50544],[126.68859,37.50519]]]]}},{"type":"Feature","properties":{"EMD_CD":"28237106","EMD_KOR_NM":"갈산동","sgg":"부평구","adm_nm":"인천광역시 부평구 갈산동","sido":"인천"},"geometry":{"type":"MultiPolygon","coordinates":[[[[126.72188,37.52367],[126.71916,37.52365],[126.73318,37.5239],[126.73307,37.52275],[126.7327,37.52246],[126.73302,37.52222],[126.73133,37.52274],[126.73178,37.5217],[126.73179,37.51938],[126.73355,37.51745],[126.73258,37.51751],[126.73246,37.51711],[126.7302,37.51684],[126.73095,37.51435],[126.73219,37.51476],[126.73149,37.50696],[126.72082,37.50745],[126.72087,37.51025],[126.72111,37.51055],[126.72068,37.51057],[126.72149,37.51646],[126.7216,37.52004],[126.72196,37.52043],[126.72171,37.52166],[126.72216,37.52201],[126.72222,37.52267],[126.72179,37.52266],[126.72188,37.52367]]]]}},{"type":"Feature","properties":{"EMD_CD":"28237105","EMD_KOR_NM":"삼산동","sgg":"부평구","adm_nm":"인천광역시 부평구 삼산동","sido":"인천"},"geometry":{"type":"MultiPolygon","coordinates":[[[[126.76031,37.52408],[126.76061,37.51971],[126.75999,37.51935],[126.76021,37.5191],[126.7601,37.51742],[126.75975,37.51726],[126.76051,37.51686],[126.76028,37.51592],[126.75941,37.51556],[126.75862,37.51605],[126.75701,37.51586],[126.75681,37.51627],[126.757,37.51637],[126.75628,37.51661],[126.7549,37.51672],[126.75452,37.5164],[126.75358,37.51687],[126.75303,37.5167],[126.75304,37.51631],[126.75265,37.51606],[126.75261,37.51642],[126.75214,37.51667],[126.75183,37.51589],[126.7524,37.51542],[126.75032,37.51494],[126.74988,37.51398],[126.749,37.51468],[126.74782,37.51484],[126.74724,37.51474],[126.74707,37.5143],[126.74593,37.51521],[126.74491,37.51373],[126.74365,37.51025],[126.74147,37.50899],[126.74219,37.50752],[126.74229,37.50642],[126.73149,37.50696],[126.73219,37.51476],[126.73095,37.51435],[126.7302,37.51684],[126.73246,37.51711],[126.73258,37.51751],[126.73355,37.51745],[126.73179,37.51938],[126.73178,37.5217],[126.73133,37.52274],[126.73302,37.52222],[126.7327,37.52246],[126.73307,37.52275],[126.73318,37.5239],[126.76031,37.52408]]]]}},{"type":"Feature","properties":{"EMD_CD":"28237107","EMD_KOR_NM":"부개동","sgg":"부평구","adm_nm":"인천광역시 부평구 부개동","sido":"인천"},"geometry":{"type":"MultiPolygon","coordinates":[[[[126.73377,37.49285],[126.73334,37.49343],[126.73417,37.50171],[126.73452,37.50169],[126.73417,37.502],[126.7343,37.50255],[126.7334,37.50414],[126.73289,37.50418],[126.73287,37.50482],[126.73238,37.50532],[126.73112,37.50535],[126.73126,37.50697],[126.74229,37.50642],[126.74288,37.50385],[126.74376,37.50162],[126.74176,37.49508],[126.74251,37.48843],[126.74207,37.48588],[126.74244,37.4858],[126.74183,37.48403],[126.74151,37.4841],[126.74099,37.48331],[126.74002,37.48336],[126.73835,37.48224],[126.73856,37.48224],[126.73783,37.4814],[126.7383,37.48126],[126.73715,37.48011],[126.73481,37.47841],[126.7336,37.47797],[126.73348,37.4775],[126.7326,37.47699],[126.73134,37.47861],[126.73032,37.47913],[126.72914,37.47892],[126.72799,37.48028],[126.72902,37.48186],[126.72937,37.47996],[126.73035,37.48112],[126.73031,37.48144],[126.7322,37.48215],[126.73227,37.48358],[126.73122,37.48306],[126.73096,37.48326],[126.73165,37.48493],[126.73188,37.4849],[126.73232,37.48709],[126.73209,37.48709],[126.73215,37.48882],[126.73243,37.48927],[126.73394,37.48963],[126.73346,37.48979],[126.73394,37.49071],[126.7349,37.49036],[126.73549,37.49083],[126.73628,37.49208],[126.73654,37.49363],[126.73525,37.49371],[126.73377,37.49285]]]]}},{"type":"Feature","properties":{"EMD_CD":"28237108","EMD_KOR_NM":"일신동","sgg":"부평구","adm_nm":"인천광역시 부평구 일신동","sido":"인천"},"geometry":{"type":"MultiPolygon","coordinates":[[[[126.74341,37.48642],[126.74548,37.48605],[126.74629,37.48554],[126.74734,37.48533],[126.7492,37.48513],[126.75001,37.48541],[126.75154,37.48471],[126.75117,37.48345],[126.75191,37.48228],[126.75138,37.4814],[126.75204,37.48099],[126.75031,37.47907],[126.74937,37.47905],[126.74812,37.47813],[126.74799,37.47765],[126.74833,37.47682],[126.74771,37.47498],[126.74629,37.47402],[126.7443,37.47332],[126.74388,37.47303],[126.74419,37.47319],[126.74429,37.47287],[126.74295,37.47195],[126.73997,37.4707],[126.73928,37.47062],[126.73888,37.47106],[126.73809,37.47093],[126.73286,37.47199],[126.73094,37.473],[126.73283,37.47475],[126.73288,37.47617],[126.7326,37.47699],[126.73348,37.4775],[126.7336,37.47797],[126.73481,37.47841],[126.73715,37.48011],[126.7383,37.48126],[126.73783,37.4814],[126.73856,37.48224],[126.73835,37.48224],[126.74002,37.48336],[126.74099,37.48331],[126.74151,37.4841],[126.74183,37.48403],[126.74244,37.4858],[126.74207,37.48588],[126.74241,37.48691],[126.74341,37.48642]]]]}},{"type":"Feature","properties":{"EMD_CD":"28237109","EMD_KOR_NM":"구산동","sgg":"부평구","adm_nm":"인천광역시 부평구 구산동","sido":"인천"},"geometry":{"type":"MultiPolygon","coordinates":[[[[126.75155,37.48474],[126.75386,37.48394],[126.75555,37.48287],[126.75511,37.48126],[126.75523,37.48081],[126.75585,37.4809],[126.75611,37.47988],[126.75826,37.47882],[126.75866,37.47753],[126.75916,37.47692],[126.76038,37.47635],[126.76132,37.4766],[126.76219,37.47604],[126.76219,37.4757],[126.76516,37.47518],[126.76581,37.47428],[126.76634,37.47426],[126.76708,37.47365],[126.76761,37.47282],[126.76775,37.47176],[126.76703,37.47064],[126.76606,37.46975],[126.76236,37.46985],[126.76036,37.46934],[126.75863,37.46946],[126.75708,37.46913],[126.75576,37.46713],[126.75481,37.46677],[126.75437,37.46537],[126.75281,37.46483],[126.74894,37.46585],[126.74725,37.46543],[126.74625,37.46448],[126.74493,37.46539],[126.74503,37.46622],[126.74343,37.46646],[126.7429,37.46696],[126.74187,37.46936],[126.73928,37.47062],[126.74295,37.47195],[126.74429,37.47287],[126.74419,37.47319],[126.74388,37.47303],[126.7443,37.47332],[126.74629,37.47402],[126.74771,37.47498],[126.74833,37.47682],[126.74799,37.47765],[126.74812,37.47813],[126.74937,37.47905],[126.75031,37.47907],[126.75204,37.48099],[126.75138,37.4814],[126.75191,37.48228],[126.75117,37.48345],[126.75155,37.48474]]]]}},{"type":"Feature","properties":{"EMD_CD":"28245103","EMD_KOR_NM":"작전동","sgg":"계양구","adm_nm":"인천광역시 계양구 작전동","sido":"인천"},"geometry":{"type":"MultiPolygon","coordinates":[[[[126.7435,37.53352],[126.74291,37.53058],[126.74118,37.52656],[126.74148,37.52614],[126.7419,37.52626],[126.74286,37.52488],[126.74306,37.5244],[126.74262,37.52414],[126.74152,37.52393],[126.71918,37.52379],[126.71957,37.52801],[126.71869,37.52801],[126.71839,37.52837],[126.71875,37.5292],[126.71769,37.53116],[126.71749,37.5323],[126.71799,37.53284],[126.71764,37.5342],[126.71765,37.53632],[126.71935,37.53633],[126.72054,37.5358],[126.71963,37.53641],[126.72914,37.53623],[126.73101,37.53547],[126.73397,37.53519],[126.73386,37.53415],[126.7435,37.53352]]]]}},{"type":"Feature","properties":{"EMD_CD":"28245104","EMD_KOR_NM":"서운동","sgg":"계양구","adm_nm":"인천광역시 계양구 서운동","sido":"인천"},"geometry":{"type":"MultiPolygon","coordinates":[[[[126.75163,37.53809],[126.76072,37.53791],[126.76057,37.53661],[126.76098,37.53625],[126.76014,37.53549],[126.76057,37.53465],[126.76029,37.53388],[126.7602,37.53088],[126.76052,37.53044],[126.76027,37.53023],[126.76022,37.52783],[126.76045,37.52679],[126.76011,37.52541],[126.76031,37.52408],[126.74152,37.52393],[126.74306,37.5244],[126.7419,37.52626],[126.74148,37.52614],[126.74118,37.52656],[126.74291,37.53058],[126.74438,37.53827],[126.75163,37.53809]]]]}},{"type":"Feature","properties":{"EMD_CD":"28710340","EMD_KOR_NM":"화도면","sgg":"강화군","adm_nm":"인천광역시 강화군 화도면","sido":"인천"},"geometry":{"type":"MultiPolygon","coordinates":[[[[126.41908,37.65038],[126.41989,37.64955],[126.41989,37.64845],[126.42067,37.64713],[126.42112,37.64684],[126.42363,37.64649],[126.4243,37.64678],[126.42506,37.64671],[126.42614,37.64611],[126.44095,37.64203],[126.44139,37.64165],[126.44201,37.64017],[126.44235,37.64034],[126.44334,37.64005],[126.4448,37.64067],[126.46263,37.63738],[126.46342,37.63661],[126.46466,37.63623],[126.46468,37.63556],[126.47094,37.62024],[126.46711,37.62051],[126.46647,37.62036],[126.46591,37.61972],[126.46598,37.61937],[126.47547,37.59814],[126.46715,37.59583],[126.46589,37.59565],[126.46419,37.59598],[126.4632,37.59531],[126.46223,37.59416],[126.46283,37.59374],[126.46265,37.59353],[126.46326,37.59342],[126.46326,37.59305],[126.46296,37.59302],[126.46235,37.59209],[126.46248,37.59167],[126.46292,37.59165],[126.46268,37.59108],[126.46299,37.59094],[126.46247,37.59035],[126.46238,37.58967],[126.46287,37.58948],[126.46224,37.58965],[126.46227,37.59063],[126.46217,37.58971],[126.46161,37.58924],[126.46075,37.59127],[126.46019,37.59176],[126.45576,37.59371],[126.45469,37.59378],[126.45407,37.59352],[126.45259,37.59383],[126.45196,37.59325],[126.45081,37.59314],[126.44703,37.5946],[126.44625,37.59457],[126.44605,37.59414],[126.44341,37.59427],[126.44348,37.59524],[126.44323,37.59496],[126.44245,37.59492],[126.44266,37.59382],[126.43973,37.59315],[126.43898,37.59226],[126.43775,37.59274],[126.43683,37.59252],[126.43634,37.59278],[126.41434,37.59359],[126.41196,37.59438],[126.41156,37.59311],[126.41174,37.59415],[126.41052,37.59379],[126.40917,37.59445],[126.4082,37.59429],[126.40741,37.59471],[126.40554,37.59401],[126.40436,37.59404],[126.40255,37.59459],[126.39593,37.59827],[126.39333,37.60105],[126.38964,37.6021],[126.38781,37.60317],[126.38586,37.60485],[126.38552,37.606],[126.38585,37.60785],[126.38563,37.60819],[126.3828,37.60867],[126.3805,37.60949],[126.38112,37.60923],[126.37928,37.60959],[126.37865,37.60943],[126.37827,37.61043],[126.37498,37.61215],[126.37176,37.61164],[126.37079,37.61238],[126.37098,37.61317],[126.37066,37.61331],[126.37099,37.61367],[126.37241,37.61404],[126.37385,37.61392],[126.37552,37.61453],[126.37774,37.61589],[126.3776,37.61924],[126.37662,37.61981],[126.37613,37.62051],[126.37557,37.62057],[126.37531,37.62109],[126.37603,37.62124],[126.37613,37.62173],[126.37578,37.62218],[126.37596,37.6228],[126.37552,37.62349],[126.37542,37.6253],[126.37398,37.62571],[126.37381,37.62602],[126.37337,37.62595],[126.37283,37.62663],[126.3736,37.62679],[126.37449,37.62757],[126.37498,37.62758],[126.37478,37.62955],[126.37441,37.62963],[126.37427,37.63097],[126.37267,37.63273],[126.36901,37.63398],[126.36766,37.63384],[126.36611,37.63465],[126.3659,37.6353],[126.36656,37.63543],[126.36693,37.63594],[126.36889,37.63606],[126.36903,37.63633],[126.36874,37.63659],[126.36899,37.637],[126.37056,37.63655],[126.37479,37.63622],[126.37676,37.63629],[126.37919,37.63716],[126.38087,37.63723],[126.38101,37.63745],[126.38036,37.6383],[126.38064,37.63874],[126.3825,37.63811],[126.38488,37.63841],[126.3866,37.63901],[126.38771,37.64014],[126.38814,37.63973],[126.38972,37.63994],[126.39034,37.64047],[126.39033,37.64107],[126.3906,37.64123],[126.3925,37.64069],[126.39232,37.64002],[126.39405,37.63944],[126.39483,37.63953],[126.39483,37.6398],[126.39577,37.63955],[126.39733,37.63984],[126.40002,37.64088],[126.40321,37.64274],[126.40604,37.6457],[126.40598,37.6464],[126.40681,37.6467],[126.40914,37.64867],[126.40987,37.64857],[126.41032,37.64887],[126.41119,37.64806],[126.41323,37.64776],[126.41384,37.64906],[126.41502,37.6482],[126.41548,37.64824],[126.41603,37.64864],[126.41611,37.64906],[126.41705,37.6488],[126.41743,37.64973],[126.41864,37.64985],[126.41908,37.65038]]]]}},{"type":"Feature","properties":{"EMD_CD":"28710330","EMD_KOR_NM":"길상면","sgg":"강화군","adm_nm":"인천광역시 강화군 길상면","sido":"인천"},"geometry":{"type":"MultiPolygon","coordinates":[[[[126.52027,37.59816],[126.52173,37.5979],[126.52187,37.59817],[126.52251,37.5982],[126.52341,37.59747],[126.52339,37.59705],[126.52117,37.59546],[126.51914,37.5947],[126.51914,37.59441],[126.51771,37.59336],[126.51792,37.59201],[126.51954,37.59098],[126.52029,37.58969],[126.52179,37.58952],[126.52273,37.58978],[126.52495,37.58945],[126.52635,37.58829],[126.52601,37.58762],[126.52608,37.58632],[126.52529,37.58554],[126.52222,37.58688],[126.52219,37.58666],[126.52102,37.58645],[126.51933,37.58561],[126.51838,37.58288],[126.51887,37.58289],[126.51879,37.58266],[126.51907,37.58252],[126.51873,37.58151],[126.51798,37.58116],[126.517,37.58002],[126.51538,37.57998],[126.51451,37.58064],[126.51084,37.58192],[126.51068,37.58356],[126.50862,37.58586],[126.50647,37.5865],[126.50564,37.58582],[126.50549,37.58664],[126.50594,37.58685],[126.50557,37.58789],[126.50512,37.58861],[126.5038,37.58937],[126.50319,37.59039],[126.5033,37.59072],[126.50512,37.59076],[126.5056,37.59124],[126.50689,37.59176],[126.50681,37.59214],[126.50733,37.59216],[126.50736,37.59189],[126.50787,37.59173],[126.51066,37.59246],[126.51087,37.59273],[126.51154,37.59263],[126.51352,37.59312],[126.51444,37.5942],[126.51411,37.59547],[126.51526,37.59658],[126.51507,37.59684],[126.51643,37.59773],[126.51846,37.5984],[126.52027,37.59816]]],[[[126.52876,37.59016],[126.52811,37.58956],[126.52704,37.58929],[126.52691,37.5896],[126.52688,37.59006],[126.52876,37.59016]]],[[[126.48131,37.67213],[126.48251,37.67216],[126.48301,37.67262],[126.48423,37.67264],[126.48498,37.67206],[126.48467,37.67048],[126.48856,37.66979],[126.48965,37.67007],[126.48983,37.6696],[126.49075,37.66914],[126.49124,37.66806],[126.49237,37.66671],[126.49282,37.66565],[126.49308,37.66371],[126.49385,37.66256],[126.49331,37.66068],[126.49332,37.65576],[126.49296,37.65527],[126.49292,37.65412],[126.49726,37.65441],[126.50303,37.6517],[126.50357,37.65076],[126.50382,37.64932],[126.50474,37.64913],[126.50498,37.64869],[126.50606,37.64857],[126.50648,37.64673],[126.50673,37.64679],[126.50692,37.64765],[126.50774,37.64751],[126.50718,37.64267],[126.51105,37.64238],[126.51214,37.64188],[126.51449,37.64232],[126.51676,37.64236],[126.51798,37.64336],[126.52016,37.64406],[126.52114,37.64529],[126.52124,37.64622],[126.52166,37.64557],[126.52162,37.64592],[126.52218,37.64622],[126.5231,37.64536],[126.52593,37.64579],[126.52634,37.64407],[126.52909,37.63796],[126.5295,37.63733],[126.52993,37.63752],[126.53102,37.636],[126.5321,37.63619],[126.5315,37.63585],[126.53185,37.63548],[126.53149,37.63528],[126.53171,37.63303],[126.53244,37.63279],[126.53242,37.63245],[126.53299,37.63193],[126.53414,37.62874],[126.53587,37.62986],[126.53668,37.62902],[126.53414,37.62743],[126.53419,37.6248],[126.53518,37.6248],[126.53525,37.6221],[126.53714,37.62226],[126.53714,37.62395],[126.53774,37.62449],[126.53764,37.62487],[126.5379,37.62512],[126.53832,37.62476],[126.5395,37.62562],[126.53887,37.62505],[126.53962,37.62437],[126.53944,37.62392],[126.54012,37.62381],[126.54012,37.62423],[126.54231,37.62147],[126.54295,37.61977],[126.54359,37.61905],[126.54274,37.61781],[126.54164,37.61769],[126.54116,37.61798],[126.53951,37.61774],[126.53856,37.61818],[126.53544,37.61765],[126.53561,37.61621],[126.53532,37.61612],[126.53509,37.61404],[126.53441,37.61398],[126.5341,37.61437],[126.52009,37.61096],[126.52081,37.61007],[126.51998,37.60907],[126.52042,37.60856],[126.52151,37.60831],[126.52133,37.60791],[126.52045,37.6078],[126.51981,37.60696],[126.51673,37.60514],[126.51545,37.60555],[126.51529,37.60523],[126.51567,37.60424],[126.51517,37.60303],[126.51542,37.60242],[126.51512,37.60124],[126.51478,37.60079],[126.51394,37.60091],[126.51391,37.60071],[126.51468,37.60073],[126.51489,37.60039],[126.51334,37.59928],[126.5127,37.59956],[126.51173,37.59791],[126.5105,37.59656],[126.50958,37.5969],[126.5091,37.59657],[126.50689,37.59691],[126.50434,37.59638],[126.5028,37.59667],[126.50222,37.59717],[126.50092,37.59748],[126.50052,37.59808],[126.49998,37.59777],[126.49864,37.59848],[126.49735,37.59832],[126.49704,37.59804],[126.49596,37.5982],[126.49544,37.59628],[126.4957,37.59737],[126.49531,37.59739],[126.49535,37.59862],[126.49558,37.59868],[126.49448,37.59902],[126.49423,37.59938],[126.49265,37.59959],[126.49165,37.60037],[126.49144,37.60014],[126.48959,37.60013],[126.48948,37.60046],[126.48865,37.6005],[126.48716,37.60118],[126.48602,37.60216],[126.48425,37.60273],[126.48364,37.60326],[126.48369,37.60385],[126.48341,37.60404],[126.48194,37.60438],[126.48107,37.60491],[126.48024,37.60461],[126.47957,37.60542],[126.47906,37.60499],[126.47933,37.60478],[126.47853,37.60411],[126.47826,37.60431],[126.47714,37.60332],[126.47853,37.6001],[126.47845,37.59919],[126.47547,37.59814],[126.46598,37.61937],[126.46591,37.61972],[126.46647,37.62036],[126.46711,37.62051],[126.47094,37.62024],[126.46457,37.63615],[126.46584,37.63798],[126.46612,37.6374],[126.46668,37.63815],[126.46709,37.63822],[126.46707,37.63863],[126.46688,37.63842],[126.46648,37.6392],[126.46672,37.64071],[126.46624,37.64149],[126.46706,37.64443],[126.4677,37.64535],[126.46859,37.64586],[126.47169,37.64884],[126.47193,37.65004],[126.47296,37.65187],[126.47295,37.65309],[126.47194,37.65639],[126.47214,37.65819],[126.47195,37.65804],[126.47248,37.65836],[126.47316,37.6595],[126.47281,37.66035],[126.4733,37.66233],[126.47203,37.6654],[126.47197,37.66697],[126.47246,37.6683],[126.47235,37.66947],[126.47449,37.67126],[126.47507,37.67234],[126.47652,37.67209],[126.4775,37.67277],[126.47846,37.6729],[126.47893,37.67233],[126.48131,37.67213]]],[[[126.5211,37.61058],[126.52138,37.6108],[126.52162,37.61057],[126.52135,37.61036],[126.5211,37.61058]]]]}},{"type":"Feature","properties":{"EMD_CD":"28275102","EMD_KOR_NM":"경서동","sgg":"서해구","adm_nm":"인천광역시 서해구 경서동","sido":"인천"},"geometry":{"type":"MultiPolygon","coordinates":[[[[126.60251,37.55818],[126.61717,37.56466],[126.63862,37.57055],[126.66099,37.57219],[126.66087,37.57108],[126.65059,37.57036],[126.65095,37.56791],[126.65144,37.56797],[126.65093,37.56703],[126.64839,37.56621],[126.65348,37.56389],[126.65264,37.56289],[126.65282,37.56248],[126.65331,37.56252],[126.65406,37.56187],[126.65609,37.56196],[126.65635,37.56079],[126.65886,37.56152],[126.65945,37.56133],[126.65971,37.56086],[126.66052,37.561],[126.66125,37.56076],[126.66213,37.56148],[126.66391,37.56182],[126.66573,37.56289],[126.66731,37.56241],[126.66993,37.56074],[126.67047,37.56078],[126.67126,37.56032],[126.67173,37.55973],[126.67092,37.55403],[126.67293,37.55498],[126.67319,37.55472],[126.6719,37.55452],[126.67128,37.55388],[126.66616,37.55355],[126.66548,37.5528],[126.66371,37.55251],[126.66317,37.55208],[126.6632,37.55156],[126.66254,37.55133],[126.66249,37.55084],[126.6612,37.55004],[126.66124,37.54955],[126.66107,37.55033],[126.66057,37.55033],[126.66016,37.54965],[126.65998,37.55013],[126.65916,37.54975],[126.65618,37.54975],[126.65579,37.54859],[126.65517,37.54844],[126.65366,37.54703],[126.64978,37.546],[126.64856,37.54445],[126.6451,37.54615],[126.64365,37.54716],[126.64186,37.54761],[126.64118,37.54854],[126.64014,37.54881],[126.63837,37.54865],[126.63734,37.54912],[126.63698,37.54963],[126.63268,37.5508],[126.63628,37.55582],[126.63866,37.55682],[126.6389,37.55842],[126.63961,37.55854],[126.63952,37.55917],[126.63905,37.55895],[126.63882,37.55928],[126.63936,37.55947],[126.63874,37.56123],[126.63727,37.56027],[126.63393,37.56798],[126.63479,37.56848],[126.63289,37.56796],[126.63544,37.56392],[126.63117,37.56258],[126.62842,37.55976],[126.62698,37.55872],[126.62164,37.55654],[126.61569,37.55541],[126.61095,37.55513],[126.6071,37.55433],[126.60225,37.55806],[126.60251,37.55818]]]]}},{"type":"Feature","properties":{"EMD_CD":"28290108","EMD_KOR_NM":"오류동","sgg":"검단구","adm_nm":"인천광역시 검단구 오류동","sido":"인천"},"geometry":{"type":"MultiPolygon","coordinates":[[[[126.60158,37.55956],[126.6019,37.55965],[126.6011,37.56153],[126.59452,37.56147],[126.59445,37.56342],[126.59184,37.56365],[126.59028,37.56239],[126.58864,37.56399],[126.58962,37.56413],[126.58667,37.56671],[126.58883,37.56981],[126.59097,37.56691],[126.59191,37.56686],[126.59246,37.56718],[126.59409,37.56548],[126.59445,37.56542],[126.59445,37.56638],[126.59343,37.56641],[126.59339,37.56687],[126.61373,37.5669],[126.61449,37.56689],[126.61467,37.56604],[126.61694,37.56529],[126.63817,37.57104],[126.66111,37.57286],[126.66099,37.57219],[126.63862,37.57055],[126.61717,37.56466],[126.60199,37.55788],[126.60178,37.55799],[126.60197,37.55833],[126.6015,37.5587],[126.60092,37.55864],[126.6012,37.55895],[126.60101,37.55909],[126.60158,37.55956]]],[[[126.60559,37.56741],[126.60577,37.56763],[126.60616,37.56732],[126.60572,37.56719],[126.60559,37.56741]]],[[[126.59232,37.58345],[126.59296,37.58388],[126.59278,37.58331],[126.59236,37.58324],[126.59232,37.58345]]],[[[126.61888,37.5774],[126.61868,37.57764],[126.61922,37.57785],[126.62027,37.57771],[126.62132,37.57817],[126.62137,37.5779],[126.62033,37.57716],[126.61888,37.5774]]],[[[126.6358,37.59327],[126.63557,37.59243],[126.63481,37.59137],[126.63575,37.58931],[126.63217,37.58817],[126.63253,37.58777],[126.63166,37.588],[126.63316,37.58707],[126.63302,37.58669],[126.6288,37.58319],[126.62636,37.58219],[126.62709,37.58151],[126.62729,37.58084],[126.6271,37.57988],[126.6239,37.57814],[126.62306,37.57817],[126.62269,37.57845],[126.62262,37.57962],[126.62211,37.5783],[126.62166,37.57924],[126.62247,37.58183],[126.62261,37.58612],[126.61354,37.58585],[126.61274,37.58769],[126.61298,37.58787],[126.60726,37.58807],[126.61251,37.59129],[126.61167,37.59171],[126.61142,37.59156],[126.60963,37.59208],[126.60834,37.59012],[126.60876,37.58996],[126.60872,37.58973],[126.60923,37.59013],[126.60905,37.5896],[126.60834,37.58922],[126.60847,37.58895],[126.60678,37.58792],[126.60596,37.58806],[126.60185,37.58509],[126.60153,37.58515],[126.60206,37.58446],[126.60187,37.58375],[126.60251,37.58309],[126.60257,37.58256],[126.60223,37.58215],[126.59998,37.58188],[126.59894,37.58215],[126.59672,37.58213],[126.59432,37.58415],[126.59363,37.58535],[126.5938,37.58623],[126.59156,37.59301],[126.60363,37.59899],[126.60707,37.6017],[126.60947,37.60454],[126.61436,37.60629],[126.61552,37.60568],[126.61649,37.60372],[126.61865,37.60354],[126.61911,37.60418],[126.61958,37.60413],[126.61999,37.60345],[126.62091,37.60369],[126.62266,37.60296],[126.62342,37.60341],[126.62379,37.60322],[126.62327,37.60248],[126.62358,37.60217],[126.62427,37.60234],[126.62459,37.60279],[126.62574,37.60259],[126.62556,37.60452],[126.62765,37.60576],[126.62779,37.6064],[126.62927,37.60671],[126.6379,37.60628],[126.64104,37.60483],[126.6439,37.60519],[126.64461,37.60491],[126.64669,37.60491],[126.64817,37.60421],[126.6481,37.6033],[126.64855,37.60294],[126.6489,37.60191],[126.64819,37.60123],[126.64803,37.60039],[126.64712,37.599],[126.64513,37.59839],[126.64258,37.59705],[126.64183,37.59703],[126.64194,37.59688],[126.63964,37.59767],[126.63734,37.5975],[126.63687,37.59484],[126.6358,37.59327]]]]}},{"type":"Feature","properties":{"EMD_CD":"28290101","EMD_KOR_NM":"백석동","sgg":"검단구","adm_nm":"인천광역시 검단구 백석동","sido":"인천"},"geometry":{"type":"MultiPolygon","coordinates":[[[[126.68271,37.57688],[126.6831,37.57557],[126.68291,37.57472],[126.68089,37.57421],[126.67883,37.57411],[126.67756,37.57362],[126.67476,37.57335],[126.67421,37.57376],[126.67174,37.57376],[126.67093,37.5728],[126.66099,37.57219],[126.66203,37.57514],[126.66373,37.57801],[126.66326,37.57863],[126.66236,37.579],[126.65704,37.57939],[126.65488,37.57741],[126.64973,37.57933],[126.64953,37.58277],[126.65057,37.58282],[126.65198,37.58204],[126.65748,37.58284],[126.65802,37.5831],[126.65769,37.58348],[126.65777,37.58393],[126.65832,37.58372],[126.65841,37.58393],[126.65954,37.58371],[126.66051,37.58388],[126.66187,37.58344],[126.66586,37.58443],[126.6664,37.58496],[126.66704,37.58434],[126.66953,37.58408],[126.66927,37.58556],[126.6722,37.58561],[126.67202,37.58467],[126.67482,37.58572],[126.67554,37.58573],[126.67647,37.58398],[126.67699,37.58376],[126.67807,37.58364],[126.67954,37.58417],[126.68211,37.58331],[126.6821,37.5821],[126.68112,37.58127],[126.68106,37.58004],[126.68198,37.57859],[126.68203,37.5774],[126.68271,37.57688]]]]}},{"type":"Feature","properties":{"EMD_CD":"28275103","EMD_KOR_NM":"공촌동","sgg":"서해구","adm_nm":"인천광역시 서해구 공촌동","sido":"인천"},"geometry":{"type":"MultiPolygon","coordinates":[[[[126.67332,37.55488],[126.67387,37.55489],[126.67319,37.55472],[126.67332,37.55488]]],[[[126.68093,37.56045],[126.68123,37.56063],[126.68116,37.56182],[126.68279,37.56141],[126.68656,37.56173],[126.68763,37.56046],[126.6884,37.56044],[126.68994,37.55958],[126.69127,37.55805],[126.69249,37.55847],[126.69319,37.55791],[126.69428,37.55782],[126.69549,37.55892],[126.6972,37.55928],[126.69843,37.55919],[126.69941,37.55877],[126.69956,37.55902],[126.69997,37.55829],[126.70223,37.55631],[126.70649,37.55711],[126.70894,37.55494],[126.71094,37.55382],[126.71201,37.55259],[126.7115,37.55231],[126.71154,37.55147],[126.70891,37.54757],[126.70834,37.5461],[126.70591,37.54487],[126.70729,37.54281],[126.70633,37.54189],[126.70394,37.54205],[126.7031,37.54115],[126.70091,37.54103],[126.69986,37.54056],[126.6984,37.54134],[126.69775,37.54211],[126.69681,37.54206],[126.6962,37.54173],[126.69481,37.54185],[126.69397,37.54132],[126.69183,37.54119],[126.69096,37.54073],[126.69031,37.54072],[126.68949,37.54128],[126.68874,37.54245],[126.68848,37.54401],[126.68745,37.54498],[126.68743,37.54546],[126.68811,37.54579],[126.68842,37.54721],[126.68189,37.54671],[126.68217,37.55205],[126.68077,37.55235],[126.68033,37.55273],[126.68011,37.55351],[126.67911,37.55347],[126.67848,37.55384],[126.67884,37.55416],[126.67871,37.55594],[126.6778,37.55557],[126.67679,37.55618],[126.67564,37.55552],[126.67494,37.55551],[126.67717,37.55624],[126.67727,37.55827],[126.67828,37.55831],[126.67971,37.55914],[126.68093,37.56045]]]]}},{"type":"Feature","properties":{"EMD_CD":"28245120","EMD_KOR_NM":"둑실동","sgg":"계양구","adm_nm":"인천광역시 계양구 둑실동","sido":"인천"},"geometry":{"type":"MultiPolygon","coordinates":[[[[126.71359,37.57758],[126.71494,37.57701],[126.71282,37.57541],[126.71108,37.5751],[126.71016,37.5744],[126.70936,37.57422],[126.70874,37.57318],[126.70745,37.57255],[126.70712,37.57196],[126.70702,37.57045],[126.70608,37.57001],[126.70592,37.56957],[126.70616,37.56864],[126.70549,37.56533],[126.70367,37.56242],[126.70269,37.56274],[126.70325,37.56415],[126.70319,37.56478],[126.70019,37.56524],[126.70032,37.56629],[126.69952,37.56759],[126.69847,37.56768],[126.69841,37.56894],[126.69916,37.56957],[126.7007,37.57187],[126.69921,37.57232],[126.69914,37.57327],[126.69787,37.57371],[126.69624,37.5737],[126.69524,37.57423],[126.69406,37.57427],[126.69252,37.57506],[126.69085,37.57518],[126.69022,37.57632],[126.68972,37.57647],[126.68909,37.5772],[126.68781,37.57651],[126.6859,37.57601],[126.68371,37.57704],[126.6823,37.5771],[126.68203,37.5774],[126.68198,37.57859],[126.68106,37.58003],[126.68107,37.58114],[126.6821,37.5821],[126.68193,37.58366],[126.68368,37.58354],[126.6843,37.58408],[126.68519,37.5842],[126.68852,37.58329],[126.68883,37.58298],[126.69043,37.58309],[126.69175,37.58242],[126.69337,37.58234],[126.69514,37.58129],[126.6985,37.58126],[126.69927,37.58087],[126.70023,37.58096],[126.70167,37.58019],[126.70263,37.58032],[126.70289,37.58068],[126.70431,37.57959],[126.70499,37.57982],[126.70782,37.57984],[126.7101,37.57877],[126.71165,37.57856],[126.71359,37.57758]]]]}},{"type":"Feature","properties":{"EMD_CD":"28275101","EMD_KOR_NM":"검암동","sgg":"서해구","adm_nm":"인천광역시 서해구 검암동","sido":"인천"},"geometry":{"type":"MultiPolygon","coordinates":[[[[126.66695,37.57241],[126.67566,37.57154],[126.6836,37.57125],[126.7007,37.57187],[126.69916,37.56957],[126.69841,37.56894],[126.69847,37.56768],[126.69952,37.56759],[126.70032,37.56629],[126.70019,37.56524],[126.70319,37.56478],[126.70325,37.56415],[126.70265,37.56299],[126.70236,37.5606],[126.69941,37.55877],[126.69843,37.55919],[126.6972,37.55928],[126.69549,37.55892],[126.69428,37.55782],[126.69319,37.55791],[126.69249,37.55847],[126.69127,37.55805],[126.68994,37.55958],[126.6884,37.56044],[126.68763,37.56046],[126.68656,37.56173],[126.68279,37.56141],[126.68116,37.56182],[126.68123,37.56063],[126.68043,37.56014],[126.67971,37.55914],[126.67828,37.55831],[126.67727,37.55827],[126.67717,37.55624],[126.67574,37.55592],[126.67554,37.55583],[126.67596,37.55594],[126.67408,37.55493],[126.67293,37.55498],[126.67092,37.55403],[126.67173,37.55973],[126.67047,37.56078],[126.66993,37.56074],[126.66856,37.56181],[126.66582,37.56291],[126.66391,37.56182],[126.66213,37.56148],[126.66125,37.56076],[126.66052,37.561],[126.65971,37.56086],[126.65945,37.56133],[126.65886,37.56152],[126.65635,37.56079],[126.65609,37.56196],[126.65406,37.56187],[126.65331,37.56252],[126.65282,37.56248],[126.65264,37.56289],[126.65348,37.56389],[126.64839,37.56621],[126.65093,37.56703],[126.65217,37.56925],[126.65478,37.56871],[126.65821,37.56911],[126.65975,37.56946],[126.6611,37.57052],[126.66085,37.57121],[126.66099,37.57219],[126.66695,37.57241]]]]}},{"type":"Feature","properties":{"EMD_CD":"28245102","EMD_KOR_NM":"계산동","sgg":"계양구","adm_nm":"인천광역시 계양구 계산동","sido":"인천"},"geometry":{"type":"MultiPolygon","coordinates":[[[[126.71507,37.55266],[126.71779,37.55237],[126.71844,37.55204],[126.72192,37.55211],[126.72367,37.55134],[126.72478,37.55152],[126.72627,37.55113],[126.73022,37.54738],[126.73144,37.54536],[126.73378,37.54396],[126.73378,37.54346],[126.73485,37.54281],[126.73679,37.54272],[126.73631,37.54208],[126.73742,37.54093],[126.73702,37.54032],[126.73677,37.53798],[126.74039,37.53776],[126.74436,37.53813],[126.7435,37.53352],[126.73386,37.53415],[126.73397,37.53519],[126.73101,37.53547],[126.72914,37.53623],[126.71963,37.53641],[126.72054,37.5358],[126.71935,37.53633],[126.71782,37.53635],[126.7175,37.53604],[126.71598,37.53618],[126.71449,37.53714],[126.7143,37.53819],[126.71167,37.54015],[126.7088,37.53986],[126.70814,37.54027],[126.70735,37.54021],[126.70592,37.54104],[126.7053,37.54182],[126.70632,37.54187],[126.70729,37.54281],[126.70591,37.54487],[126.70834,37.5461],[126.70891,37.54757],[126.71154,37.55147],[126.7115,37.55231],[126.71293,37.55291],[126.71395,37.55247],[126.71507,37.55266]]]]}},{"type":"Feature","properties":{"EMD_CD":"28245121","EMD_KOR_NM":"목상동","sgg":"계양구","adm_nm":"인천광역시 계양구 목상동","sido":"인천"},"geometry":{"type":"MultiPolygon","coordinates":[[[[126.71704,37.5713],[126.71691,37.57079],[126.71635,37.57045],[126.71662,37.56945],[126.71635,37.56816],[126.71424,37.56578],[126.71315,37.56543],[126.71334,37.56439],[126.71442,37.56351],[126.71444,37.56253],[126.71371,37.56157],[126.71376,37.56105],[126.71468,37.56028],[126.71488,37.55934],[126.71531,37.55598],[126.71483,37.55332],[126.71507,37.55266],[126.71395,37.55247],[126.71293,37.55291],[126.71201,37.55259],[126.71094,37.55382],[126.70894,37.55494],[126.70649,37.55711],[126.70223,37.55631],[126.69969,37.5586],[126.69961,37.55909],[126.70236,37.5606],[126.70269,37.56274],[126.70367,37.56242],[126.70467,37.56379],[126.70549,37.56533],[126.70607,37.56785],[126.70604,37.56999],[126.70697,37.57037],[126.70739,37.57245],[126.70874,37.57318],[126.7093,37.57418],[126.71016,37.5744],[126.71108,37.5751],[126.71282,37.57541],[126.71417,37.57664],[126.7158,37.57738],[126.71763,37.57707],[126.717,37.57437],[126.71651,37.57417],[126.71574,37.57292],[126.71601,37.57275],[126.71578,37.57216],[126.71704,37.5713]]]]}},{"type":"Feature","properties":{"EMD_CD":"28275104","EMD_KOR_NM":"연희동","sgg":"서해구","adm_nm":"인천광역시 서해구 연희동","sido":"인천"},"geometry":{"type":"MultiPolygon","coordinates":[[[[126.6502,37.54058],[126.65028,37.54277],[126.65072,37.54339],[126.64856,37.54445],[126.64978,37.546],[126.6536,37.54699],[126.65517,37.54844],[126.65579,37.54859],[126.65618,37.54975],[126.65916,37.54975],[126.65998,37.55013],[126.66016,37.54965],[126.66057,37.55033],[126.66107,37.55033],[126.66124,37.54955],[126.6612,37.55004],[126.66249,37.55084],[126.66259,37.55139],[126.6632,37.55156],[126.66326,37.55215],[126.66371,37.55251],[126.66548,37.5528],[126.66616,37.55355],[126.67131,37.55389],[126.6719,37.55452],[126.67408,37.55493],[126.67494,37.55551],[126.67564,37.55552],[126.67709,37.55616],[126.67763,37.55559],[126.67882,37.55586],[126.67884,37.55416],[126.67848,37.55384],[126.67911,37.55347],[126.68011,37.55351],[126.68033,37.55273],[126.68077,37.55235],[126.68217,37.55205],[126.68189,37.54671],[126.68061,37.54679],[126.67852,37.54756],[126.67866,37.54724],[126.66933,37.54711],[126.66974,37.54176],[126.66898,37.54122],[126.66754,37.54129],[126.66594,37.53998],[126.66349,37.53867],[126.66157,37.53865],[126.66153,37.53919],[126.6594,37.54088],[126.65056,37.54086],[126.6502,37.54058]]]]}},{"type":"Feature","properties":{"EMD_CD":"28275105","EMD_KOR_NM":"심곡동","sgg":"서해구","adm_nm":"인천광역시 서해구 심곡동","sido":"인천"},"geometry":{"type":"MultiPolygon","coordinates":[[[[126.66626,37.53985],[126.66349,37.53867],[126.66594,37.53998],[126.66754,37.54129],[126.66898,37.54122],[126.66974,37.54176],[126.66933,37.54711],[126.67866,37.54724],[126.67852,37.54756],[126.68061,37.54679],[126.68275,37.5466],[126.68842,37.54721],[126.68811,37.54579],[126.68743,37.54546],[126.68745,37.54498],[126.68848,37.54401],[126.68874,37.54245],[126.68949,37.54128],[126.69031,37.54072],[126.69096,37.54073],[126.69183,37.54119],[126.6927,37.54115],[126.69204,37.53944],[126.69256,37.53703],[126.69159,37.53608],[126.69034,37.53583],[126.68815,37.53596],[126.68717,37.53559],[126.6845,37.53561],[126.68362,37.53516],[126.68342,37.53553],[126.68173,37.53549],[126.68008,37.53623],[126.67808,37.53615],[126.67801,37.53707],[126.67581,37.53912],[126.67509,37.53853],[126.67414,37.53922],[126.67251,37.53972],[126.66979,37.53916],[126.66816,37.53962],[126.66745,37.53925],[126.66626,37.53985]]]]}},{"type":"Feature","properties":{"EMD_CD":"28290102","EMD_KOR_NM":"시천동","sgg":"검단구","adm_nm":"인천광역시 검단구 시천동","sido":"인천"},"geometry":{"type":"MultiPolygon","coordinates":[[[[126.7007,37.57187],[126.6836,37.57125],[126.67566,37.57154],[126.66695,37.57241],[126.66698,37.57263],[126.67093,37.5728],[126.67174,37.57376],[126.67421,37.57376],[126.67476,37.57335],[126.67756,37.57362],[126.67883,37.57411],[126.68002,37.57405],[126.68291,37.57472],[126.6831,37.57557],[126.68271,37.57688],[126.68304,37.57724],[126.6859,37.57601],[126.68781,37.57651],[126.68909,37.5772],[126.68972,37.57647],[126.69022,37.57632],[126.69085,37.57518],[126.69252,37.57506],[126.69406,37.57427],[126.69524,37.57423],[126.69624,37.5737],[126.69787,37.57371],[126.69914,37.57327],[126.69921,37.57232],[126.7007,37.57187]]]]}},{"type":"Feature","properties":{"EMD_CD":"28290109","EMD_KOR_NM":"왕길동","sgg":"검단구","adm_nm":"인천광역시 검단구 왕길동","sido":"인천"},"geometry":{"type":"MultiPolygon","coordinates":[[[[126.64082,37.58217],[126.64133,37.58232],[126.64214,37.58194],[126.64129,37.58154],[126.64018,37.58216],[126.64082,37.58217]]],[[[126.63592,37.59363],[126.63687,37.59484],[126.63734,37.5975],[126.63964,37.59767],[126.64194,37.59688],[126.64183,37.59703],[126.64257,37.59705],[126.64513,37.59839],[126.64712,37.599],[126.64803,37.60039],[126.64819,37.60123],[126.6489,37.60191],[126.64855,37.60294],[126.6481,37.6033],[126.64824,37.60407],[126.64803,37.60452],[126.65633,37.60276],[126.66396,37.59909],[126.66362,37.59839],[126.66262,37.59805],[126.66254,37.59727],[126.66122,37.59724],[126.66112,37.5958],[126.66343,37.59376],[126.66399,37.59151],[126.66347,37.59085],[126.66499,37.58992],[126.66524,37.58878],[126.6659,37.5885],[126.66576,37.58804],[126.66679,37.58687],[126.66792,37.58696],[126.66908,37.58629],[126.66953,37.58408],[126.66704,37.58434],[126.6664,37.58496],[126.66586,37.58443],[126.66187,37.58344],[126.66051,37.58388],[126.65954,37.58371],[126.65841,37.58393],[126.65832,37.58372],[126.65777,37.58393],[126.65769,37.58348],[126.65802,37.5831],[126.6559,37.5825],[126.6519,37.58204],[126.65057,37.58282],[126.64953,37.58277],[126.64973,37.57933],[126.64754,37.58045],[126.64691,37.57919],[126.64281,37.58264],[126.64197,37.5829],[126.63986,37.58548],[126.636,37.58541],[126.63385,37.5858],[126.63311,37.58628],[126.63356,37.58697],[126.63313,37.5875],[126.63243,37.58766],[126.6328,37.58767],[126.63217,37.58817],[126.63575,37.58931],[126.63481,37.59137],[126.63557,37.59243],[126.63592,37.59363]]]]}},{"type":"Feature","properties":{"EMD_CD":"28290104","EMD_KOR_NM":"당하동","sgg":"검단구","adm_nm":"인천광역시 검단구 당하동","sido":"인천"},"geometry":{"type":"MultiPolygon","coordinates":[[[[126.68593,37.59151],[126.68672,37.59167],[126.68719,37.59102],[126.68613,37.59085],[126.68598,37.59047],[126.68755,37.59059],[126.68888,37.58998],[126.68917,37.59018],[126.68989,37.59007],[126.68974,37.59101],[126.68926,37.59122],[126.68773,37.5931],[126.68798,37.59409],[126.68746,37.59441],[126.68739,37.59508],[126.68829,37.59656],[126.68821,37.59711],[126.6903,37.59698],[126.69051,37.59652],[126.69154,37.59592],[126.69099,37.59582],[126.69032,37.59424],[126.70171,37.59321],[126.70642,37.59164],[126.71337,37.59221],[126.71359,37.59057],[126.71555,37.59077],[126.715,37.58908],[126.71538,37.58685],[126.71622,37.5856],[126.71611,37.5851],[126.71741,37.58509],[126.71819,37.58434],[126.71756,37.58383],[126.71817,37.5829],[126.71787,37.58161],[126.7164,37.57944],[126.71521,37.57898],[126.71359,37.57758],[126.71165,37.57856],[126.7101,37.57877],[126.70782,37.57984],[126.70499,37.57982],[126.70431,37.57959],[126.70289,37.58068],[126.70263,37.58032],[126.70167,37.58019],[126.70023,37.58096],[126.69927,37.58087],[126.6985,37.58126],[126.69514,37.58129],[126.69337,37.58234],[126.69175,37.58242],[126.69043,37.58309],[126.68883,37.58298],[126.68852,37.58329],[126.68544,37.58417],[126.6843,37.58408],[126.68368,37.58354],[126.68193,37.58366],[126.68176,37.58336],[126.67954,37.58417],[126.67807,37.58364],[126.67726,37.5837],[126.67647,37.58398],[126.67554,37.58573],[126.67482,37.58572],[126.67202,37.58467],[126.6722,37.58561],[126.66927,37.58556],[126.66908,37.58629],[126.66872,37.58655],[126.66792,37.58696],[126.66679,37.58687],[126.66621,37.5874],[126.66576,37.58804],[126.6659,37.5885],[126.66524,37.58878],[126.66499,37.58992],[126.66347,37.59085],[126.66399,37.59151],[126.6655,37.59206],[126.66627,37.59319],[126.66711,37.59334],[126.66766,37.59282],[126.66825,37.59278],[126.66865,37.59307],[126.66854,37.5941],[126.67621,37.59363],[126.6853,37.59454],[126.68535,37.5943],[126.68466,37.59382],[126.68305,37.59319],[126.68236,37.59237],[126.68294,37.59222],[126.68455,37.59275],[126.68493,37.59252],[126.68394,37.59216],[126.6835,37.59156],[126.68593,37.59151]]]]}},{"type":"Feature","properties":{"EMD_CD":"28290103","EMD_KOR_NM":"마전동","sgg":"검단구","adm_nm":"인천광역시 검단구 마전동","sido":"인천"},"geometry":{"type":"MultiPolygon","coordinates":[[[[126.68593,37.59151],[126.6835,37.59156],[126.68394,37.59216],[126.68493,37.59252],[126.68455,37.59275],[126.68294,37.59222],[126.68236,37.59237],[126.68305,37.59319],[126.68466,37.59382],[126.68535,37.5943],[126.6853,37.59454],[126.67621,37.59363],[126.66854,37.5941],[126.66865,37.59307],[126.66825,37.59278],[126.66766,37.59282],[126.66711,37.59334],[126.66662,37.5933],[126.66595,37.59286],[126.6655,37.59206],[126.66399,37.59151],[126.66343,37.59376],[126.66123,37.59559],[126.66103,37.59689],[126.66122,37.59724],[126.66254,37.59727],[126.66262,37.59805],[126.66362,37.59839],[126.66396,37.59909],[126.65748,37.60212],[126.65775,37.60222],[126.65427,37.60321],[126.65594,37.60584],[126.65604,37.60618],[126.65551,37.60645],[126.65608,37.60854],[126.65723,37.60873],[126.65708,37.60841],[126.6581,37.60871],[126.65582,37.60996],[126.6547,37.61243],[126.65307,37.61293],[126.65265,37.61364],[126.65206,37.61397],[126.65162,37.6157],[126.65241,37.61828],[126.65157,37.61848],[126.65076,37.6196],[126.64979,37.61967],[126.64919,37.62103],[126.65044,37.6237],[126.65034,37.62562],[126.65069,37.62597],[126.65245,37.62549],[126.65283,37.62477],[126.65402,37.62393],[126.65573,37.62335],[126.65748,37.62388],[126.65836,37.62105],[126.66082,37.61957],[126.66069,37.61926],[126.66104,37.61852],[126.66021,37.61577],[126.6625,37.61478],[126.66373,37.61472],[126.66441,37.61409],[126.66551,37.61378],[126.66594,37.61392],[126.66701,37.61347],[126.6676,37.6128],[126.66985,37.613],[126.67186,37.61266],[126.6724,37.61217],[126.67265,37.61122],[126.67366,37.61062],[126.67611,37.61094],[126.67548,37.61015],[126.67663,37.61108],[126.67837,37.611],[126.67775,37.61039],[126.67766,37.60856],[126.67906,37.60631],[126.6779,37.60531],[126.67765,37.60402],[126.67727,37.60353],[126.67752,37.60269],[126.67642,37.60244],[126.67578,37.60174],[126.67569,37.60132],[126.67621,37.60029],[126.67601,37.59908],[126.67643,37.59882],[126.67665,37.59908],[126.67727,37.59907],[126.67831,37.5987],[126.67875,37.59833],[126.6791,37.59669],[126.68225,37.59703],[126.68314,37.59786],[126.68376,37.59792],[126.68502,37.59708],[126.68742,37.59741],[126.68821,37.59711],[126.68829,37.59656],[126.68739,37.59508],[126.68746,37.59441],[126.68798,37.59409],[126.68773,37.5931],[126.68926,37.59122],[126.68974,37.59101],[126.68989,37.59007],[126.68917,37.59018],[126.68888,37.58998],[126.68755,37.59059],[126.68598,37.59047],[126.68613,37.59085],[126.68719,37.59102],[126.68672,37.59167],[126.68593,37.59151]]]]}},{"type":"Feature","properties":{"EMD_CD":"28290105","EMD_KOR_NM":"원당동","sgg":"검단구","adm_nm":"인천광역시 검단구 원당동","sido":"인천"},"geometry":{"type":"MultiPolygon","coordinates":[[[[126.69533,37.60267],[126.70053,37.60254],[126.70601,37.60162],[126.70566,37.60321],[126.70693,37.60359],[126.70841,37.60491],[126.7096,37.60513],[126.71173,37.605],[126.71298,37.60386],[126.71313,37.60293],[126.71407,37.60385],[126.71563,37.60381],[126.71587,37.60087],[126.7163,37.59949],[126.71732,37.59872],[126.71915,37.59792],[126.72116,37.59643],[126.72226,37.596],[126.72204,37.59581],[126.72526,37.59217],[126.72566,37.59226],[126.72564,37.592],[126.72449,37.5918],[126.72277,37.59096],[126.7191,37.58808],[126.71866,37.58809],[126.71792,37.58732],[126.71805,37.58702],[126.71751,37.58638],[126.71814,37.58588],[126.71741,37.58509],[126.71611,37.5851],[126.71623,37.58558],[126.71538,37.58685],[126.715,37.58908],[126.71555,37.59077],[126.71359,37.59057],[126.71337,37.59221],[126.70642,37.59164],[126.70171,37.59321],[126.69032,37.59424],[126.69099,37.59582],[126.69154,37.59592],[126.69051,37.59652],[126.6903,37.59698],[126.69083,37.59839],[126.69189,37.5984],[126.69291,37.59911],[126.69424,37.59912],[126.69475,37.59956],[126.69451,37.60079],[126.69538,37.60121],[126.69533,37.60267]]]]}},{"type":"Feature","properties":{"EMD_CD":"28290110","EMD_KOR_NM":"불로동","sgg":"검단구","adm_nm":"인천광역시 검단구 불로동","sido":"인천"},"geometry":{"type":"MultiPolygon","coordinates":[[[[126.70545,37.61215],[126.70619,37.60989],[126.70593,37.60915],[126.70613,37.60768],[126.70458,37.60627],[126.704,37.60466],[126.70403,37.60372],[126.7042,37.60299],[126.70468,37.60247],[126.70566,37.60321],[126.70601,37.60162],[126.70053,37.60254],[126.69533,37.60267],[126.69538,37.60121],[126.69451,37.60079],[126.69475,37.59956],[126.69424,37.59912],[126.69291,37.59911],[126.69189,37.5984],[126.69083,37.59839],[126.6903,37.59698],[126.68821,37.59711],[126.68742,37.59741],[126.68502,37.59708],[126.68376,37.59792],[126.68314,37.59786],[126.68225,37.59703],[126.6791,37.59669],[126.67875,37.59833],[126.67831,37.5987],[126.67727,37.59907],[126.6761,37.59888],[126.67621,37.60029],[126.67569,37.60132],[126.67578,37.60174],[126.67642,37.60244],[126.67752,37.60269],[126.67727,37.60353],[126.67765,37.60402],[126.6779,37.60531],[126.67906,37.60631],[126.67766,37.60856],[126.67775,37.61039],[126.67837,37.611],[126.67663,37.61108],[126.67548,37.61015],[126.67611,37.61094],[126.67435,37.61068],[126.67507,37.61161],[126.67588,37.61796],[126.67939,37.62058],[126.68397,37.6223],[126.68528,37.62427],[126.69037,37.62082],[126.69062,37.62072],[126.69153,37.6214],[126.69339,37.62033],[126.69447,37.62034],[126.69709,37.61798],[126.69819,37.61783],[126.69865,37.61743],[126.70091,37.61427],[126.70161,37.61395],[126.70209,37.61415],[126.70249,37.61397],[126.70406,37.61209],[126.70474,37.61168],[126.70545,37.61215]]]]}},{"type":"Feature","properties":{"EMD_CD":"28245112","EMD_KOR_NM":"상야동","sgg":"계양구","adm_nm":"인천광역시 계양구 상야동","sido":"인천"},"geometry":{"type":"MultiPolygon","coordinates":[[[[126.77731,37.58131],[126.77851,37.58151],[126.77853,37.58112],[126.7795,37.58054],[126.77936,37.58008],[126.78125,37.58032],[126.78089,37.57969],[126.78115,37.57949],[126.78757,37.57557],[126.78241,37.57361],[126.7819,37.57181],[126.78137,37.57135],[126.78263,37.57055],[126.78149,37.57018],[126.78052,37.57046],[126.78112,37.5696],[126.7819,37.56924],[126.78047,37.56829],[126.78024,37.56744],[126.77917,37.56832],[126.779,37.56715],[126.77781,37.56699],[126.77672,37.56605],[126.77633,37.56709],[126.7754,37.56732],[126.77553,37.56826],[126.77476,37.56771],[126.77513,37.56588],[126.77558,37.56559],[126.77534,37.56534],[126.77594,37.56521],[126.77664,37.56424],[126.7691,37.56634],[126.77078,37.56757],[126.77103,37.56857],[126.76452,37.56977],[126.76504,37.57161],[126.75997,37.57255],[126.76222,37.58036],[126.75966,37.5805],[126.7634,37.58508],[126.77373,37.57975],[126.77219,37.57981],[126.772,37.57918],[126.77411,37.57896],[126.77383,37.5787],[126.77482,37.57774],[126.77516,37.57799],[126.77514,37.57877],[126.77731,37.58131]]]]}},{"type":"Feature","properties":{"EMD_CD":"28245119","EMD_KOR_NM":"갈현동","sgg":"계양구","adm_nm":"인천광역시 계양구 갈현동","sido":"인천"},"geometry":{"type":"MultiPolygon","coordinates":[[[[126.72546,37.59188],[126.72436,37.59094],[126.72346,37.58944],[126.7227,37.58882],[126.72274,37.58816],[126.72192,37.5862],[126.72084,37.5858],[126.72059,37.58537],[126.72068,37.58478],[126.72203,37.5837],[126.72159,37.58304],[126.7223,37.58237],[126.72244,37.58081],[126.72493,37.58161],[126.7271,37.58184],[126.72786,37.58033],[126.72893,37.57956],[126.7295,37.57733],[126.73087,37.57703],[126.73189,37.57542],[126.72939,37.57484],[126.72944,37.57455],[126.72721,37.57449],[126.7238,37.57273],[126.7214,37.57232],[126.72028,37.57161],[126.71958,37.57075],[126.71843,37.57176],[126.71704,37.5713],[126.71578,37.57216],[126.71601,37.57275],[126.71574,37.57292],[126.71651,37.57417],[126.717,37.57437],[126.71763,37.57707],[126.71585,37.57738],[126.71494,37.57701],[126.71359,37.57758],[126.71521,37.57898],[126.7164,37.57944],[126.71787,37.58161],[126.71817,37.5829],[126.71756,37.58383],[126.71819,37.58434],[126.71741,37.58509],[126.71814,37.58588],[126.71751,37.58638],[126.71805,37.58702],[126.71797,37.5874],[126.72224,37.59065],[126.72416,37.59168],[126.72546,37.59188]]]]}},{"type":"Feature","properties":{"EMD_CD":"28245105","EMD_KOR_NM":"임학동","sgg":"계양구","adm_nm":"인천광역시 계양구 임학동","sido":"인천"},"geometry":{"type":"MultiPolygon","coordinates":[[[[126.73712,37.54971],[126.73731,37.54911],[126.73706,37.549],[126.73705,37.54798],[126.73748,37.54797],[126.73745,37.54754],[126.74081,37.54749],[126.73687,37.54272],[126.73485,37.54281],[126.73378,37.54346],[126.73378,37.54396],[126.73144,37.54536],[126.73022,37.54738],[126.72687,37.55065],[126.72879,37.55035],[126.73288,37.55092],[126.73712,37.54971]]]]}},{"type":"Feature","properties":{"EMD_CD":"28245106","EMD_KOR_NM":"용종동","sgg":"계양구","adm_nm":"인천광역시 계양구 용종동","sido":"인천"},"geometry":{"type":"MultiPolygon","coordinates":[[[[126.73701,37.54289],[126.73972,37.54289],[126.74539,37.5445],[126.74527,37.54323],[126.74663,37.5432],[126.74671,37.54352],[126.74859,37.54303],[126.74684,37.54374],[126.74717,37.54428],[126.75361,37.54239],[126.75163,37.53809],[126.74438,37.53827],[126.74008,37.53777],[126.73677,37.53798],[126.73702,37.54032],[126.73742,37.54093],[126.73631,37.54208],[126.73701,37.54289]]]]}},{"type":"Feature","properties":{"EMD_CD":"28245108","EMD_KOR_NM":"방축동","sgg":"계양구","adm_nm":"인천광역시 계양구 방축동","sido":"인천"},"geometry":{"type":"MultiPolygon","coordinates":[[[[126.73966,37.55858],[126.73929,37.55797],[126.7405,37.55624],[126.74104,37.55471],[126.74258,37.55377],[126.74298,37.55389],[126.74415,37.55337],[126.7435,37.55097],[126.74306,37.55034],[126.74215,37.54989],[126.74181,37.54919],[126.7397,37.54971],[126.73815,37.54896],[126.73757,37.54957],[126.73288,37.55092],[126.72879,37.55035],[126.72687,37.55065],[126.72627,37.55113],[126.72478,37.55152],[126.72334,37.5515],[126.72272,37.55593],[126.72316,37.55598],[126.72629,37.55871],[126.72739,37.55911],[126.72858,37.55897],[126.7293,37.55947],[126.73203,37.55888],[126.73259,37.55937],[126.73492,37.55985],[126.7357,37.56043],[126.73649,37.56037],[126.73887,37.55938],[126.73966,37.55858]]]]}},{"type":"Feature","properties":{"EMD_CD":"28245107","EMD_KOR_NM":"병방동","sgg":"계양구","adm_nm":"인천광역시 계양구 병방동","sido":"인천"},"geometry":{"type":"MultiPolygon","coordinates":[[[[126.74418,37.55311],[126.74447,37.55278],[126.74591,37.55293],[126.74783,37.55247],[126.74888,37.55192],[126.7526,37.55092],[126.75137,37.54822],[126.75571,37.54696],[126.75447,37.54426],[126.76092,37.54236],[126.76053,37.54151],[126.75932,37.54187],[126.75891,37.54097],[126.76135,37.54025],[126.76072,37.53887],[126.7616,37.53821],[126.76173,37.53761],[126.76069,37.53768],[126.76072,37.53791],[126.75163,37.53808],[126.75361,37.54239],[126.74717,37.54428],[126.74684,37.54374],[126.74859,37.54303],[126.74671,37.54352],[126.74663,37.5432],[126.74527,37.54323],[126.74539,37.5445],[126.73972,37.54289],[126.73701,37.54289],[126.74081,37.54749],[126.73745,37.54754],[126.73748,37.54797],[126.73705,37.54798],[126.73706,37.549],[126.73731,37.54911],[126.73712,37.54971],[126.73789,37.54939],[126.73815,37.54896],[126.7397,37.54971],[126.74181,37.54919],[126.74215,37.54989],[126.74306,37.55034],[126.7435,37.55097],[126.74418,37.55311]]]]}},{"type":"Feature","properties":{"EMD_CD":"28245109","EMD_KOR_NM":"박촌동","sgg":"계양구","adm_nm":"인천광역시 계양구 박촌동","sido":"인천"},"geometry":{"type":"MultiPolygon","coordinates":[[[[126.74519,37.56253],[126.74602,37.56171],[126.74851,37.55796],[126.74914,37.55764],[126.74862,37.55667],[126.75216,37.55494],[126.75291,37.55406],[126.75827,37.55248],[126.75656,37.54876],[126.76329,37.54682],[126.76346,37.54727],[126.76376,37.54727],[126.76339,37.54673],[126.7634,37.54529],[126.76302,37.54489],[126.76324,37.54411],[126.76236,37.54355],[126.76389,37.5429],[126.76248,37.54203],[126.76146,37.5419],[126.76266,37.54097],[126.76153,37.54045],[126.76232,37.5395],[126.76209,37.53918],[126.76081,37.53905],[126.76135,37.54025],[126.75891,37.54097],[126.75932,37.54187],[126.76053,37.54151],[126.76092,37.54236],[126.75447,37.54426],[126.75571,37.54696],[126.75137,37.54822],[126.7526,37.55092],[126.74599,37.55292],[126.74447,37.55278],[126.744,37.55355],[126.74363,37.55348],[126.74298,37.55389],[126.74258,37.55377],[126.74104,37.55471],[126.7405,37.55624],[126.73929,37.55797],[126.74075,37.55973],[126.742,37.56025],[126.74241,37.56016],[126.74429,37.56235],[126.74519,37.56253]]]]}},{"type":"Feature","properties":{"EMD_CD":"28245110","EMD_KOR_NM":"동양동","sgg":"계양구","adm_nm":"인천광역시 계양구 동양동","sido":"인천"},"geometry":{"type":"MultiPolygon","coordinates":[[[[126.77664,37.56424],[126.7771,37.56372],[126.77674,37.56324],[126.77663,37.56237],[126.77751,37.56228],[126.77784,37.55993],[126.77611,37.56186],[126.77576,37.56194],[126.77546,37.56143],[126.77468,37.56132],[126.77493,37.5609],[126.77466,37.5607],[126.77481,37.56046],[126.77416,37.56016],[126.77429,37.55976],[126.77359,37.56006],[126.77319,37.55929],[126.77274,37.55941],[126.77245,37.55872],[126.77177,37.55863],[126.77318,37.55753],[126.77243,37.55701],[126.76987,37.55723],[126.76735,37.55662],[126.76628,37.55692],[126.76672,37.55632],[126.76448,37.55537],[126.76478,37.55508],[126.76634,37.55487],[126.76628,37.55431],[126.76566,37.55393],[126.76653,37.55311],[126.76577,37.55264],[126.76555,37.55188],[126.76385,37.55086],[126.76443,37.55052],[126.7655,37.55044],[126.76566,37.55002],[126.76375,37.5499],[126.76452,37.54906],[126.76389,37.5484],[126.76398,37.54768],[126.76329,37.54682],[126.75656,37.54876],[126.75827,37.55248],[126.75291,37.55406],[126.75216,37.55494],[126.74862,37.55667],[126.74914,37.55764],[126.74851,37.55796],[126.74602,37.56171],[126.74519,37.56253],[126.74582,37.56226],[126.74777,37.56264],[126.74777,37.56372],[126.74809,37.56438],[126.74919,37.56387],[126.75034,37.56274],[126.75153,37.56328],[126.75254,37.56411],[126.75363,37.56429],[126.7541,37.56545],[126.75461,37.56574],[126.75443,37.56598],[126.75616,37.56634],[126.75629,37.56666],[126.75518,37.56726],[126.76782,37.56489],[126.76796,37.56427],[126.76814,37.56552],[126.7691,37.56634],[126.77664,37.56424]]]]}},{"type":"Feature","properties":{"EMD_CD":"28245111","EMD_KOR_NM":"귤현동","sgg":"계양구","adm_nm":"인천광역시 계양구 귤현동","sido":"인천"},"geometry":{"type":"MultiPolygon","coordinates":[[[[126.76024,37.57346],[126.75997,37.57255],[126.76504,37.57161],[126.76452,37.56977],[126.77103,37.56857],[126.77078,37.56757],[126.76834,37.56575],[126.76789,37.56493],[126.76796,37.56427],[126.76782,37.56489],[126.75515,37.56726],[126.75629,37.56666],[126.75619,37.56639],[126.75443,37.56598],[126.75461,37.56574],[126.7541,37.56545],[126.75363,37.56429],[126.75254,37.56411],[126.75214,37.56359],[126.75034,37.56274],[126.74919,37.56387],[126.74809,37.56438],[126.74777,37.56372],[126.74777,37.56264],[126.74658,37.56229],[126.74519,37.56253],[126.74429,37.56235],[126.74241,37.56016],[126.74116,37.56001],[126.73966,37.55858],[126.73887,37.55938],[126.73649,37.56037],[126.73545,37.56037],[126.73492,37.55985],[126.73259,37.55937],[126.73203,37.55888],[126.7293,37.55947],[126.72909,37.55987],[126.7288,37.56143],[126.72967,37.56356],[126.73073,37.56448],[126.73073,37.56555],[126.73163,37.56695],[126.73139,37.56738],[126.73328,37.56831],[126.7339,37.56971],[126.73709,37.57286],[126.73826,37.5733],[126.74203,37.57313],[126.74617,37.5741],[126.7461,37.57349],[126.74677,37.57395],[126.75017,37.57333],[126.75071,37.5752],[126.76024,37.57346]]]]}},{"type":"Feature","properties":{"EMD_CD":"28245113","EMD_KOR_NM":"하야동","sgg":"계양구","adm_nm":"인천광역시 계양구 하야동","sido":"인천"},"geometry":{"type":"MultiPolygon","coordinates":[[[[126.79369,37.58159],[126.79331,37.58025],[126.79285,37.58017],[126.79325,37.57853],[126.79322,37.57689],[126.79274,37.57684],[126.79237,37.57973],[126.79135,37.58141],[126.79126,37.58092],[126.79073,37.58061],[126.79059,37.57778],[126.79002,37.57735],[126.78996,37.57763],[126.78934,37.57772],[126.78847,37.5768],[126.7892,37.57558],[126.78804,37.57617],[126.78757,37.57557],[126.78115,37.57949],[126.78089,37.57969],[126.78125,37.58032],[126.77936,37.58008],[126.7795,37.58054],[126.77853,37.58112],[126.77851,37.58151],[126.77731,37.58131],[126.77697,37.58158],[126.77782,37.58218],[126.77884,37.58451],[126.78153,37.58378],[126.78229,37.58401],[126.78205,37.58384],[126.78411,37.58259],[126.78705,37.58558],[126.79369,37.58159]]]]}},{"type":"Feature","properties":{"EMD_CD":"28245115","EMD_KOR_NM":"노오지동","sgg":"계양구","adm_nm":"인천광역시 계양구 노오지동","sido":"인천"},"geometry":{"type":"MultiPolygon","coordinates":[[[[126.7634,37.58508],[126.75966,37.5805],[126.76222,37.58036],[126.76024,37.57346],[126.75808,37.57386],[126.75914,37.57758],[126.75587,37.57818],[126.75616,37.57918],[126.753,37.57972],[126.75433,37.58038],[126.7547,37.58014],[126.75584,37.58046],[126.75606,37.5809],[126.75554,37.58142],[126.75565,37.58289],[126.75596,37.58295],[126.75603,37.58353],[126.75799,37.58533],[126.75918,37.58488],[126.76172,37.58544],[126.76248,37.585],[126.7634,37.58508]]]]}},{"type":"Feature","properties":{"EMD_CD":"28245116","EMD_KOR_NM":"선주지동","sgg":"계양구","adm_nm":"인천광역시 계양구 선주지동","sido":"인천"},"geometry":{"type":"MultiPolygon","coordinates":[[[[126.74861,37.58506],[126.74942,37.58468],[126.74979,37.58371],[126.74953,37.58108],[126.7512,37.58054],[126.75125,37.58009],[126.75176,37.57957],[126.7541,37.58017],[126.753,37.57972],[126.75616,37.57918],[126.75587,37.57818],[126.75914,37.57758],[126.75808,37.57386],[126.75071,37.5752],[126.75017,37.57333],[126.74677,37.57395],[126.7461,37.57349],[126.74617,37.5741],[126.74236,37.57319],[126.73899,37.57854],[126.73838,37.57843],[126.73796,37.57894],[126.74142,37.5821],[126.74625,37.58366],[126.74861,37.58506]]]]}},{"type":"Feature","properties":{"EMD_CD":"28245118","EMD_KOR_NM":"오류동","sgg":"계양구","adm_nm":"인천광역시 계양구 오류동","sido":"인천"},"geometry":{"type":"MultiPolygon","coordinates":[[[[126.72837,37.5926],[126.72859,37.59033],[126.73055,37.58901],[126.72943,37.58788],[126.73134,37.58717],[126.73224,37.58724],[126.73294,37.58503],[126.73379,37.58341],[126.73388,37.58301],[126.73349,37.58291],[126.73445,37.5815],[126.73497,37.5816],[126.73554,37.58004],[126.73355,37.57946],[126.73192,37.57951],[126.73073,37.57992],[126.72919,37.57947],[126.72786,37.58033],[126.7271,37.58184],[126.72493,37.58161],[126.72244,37.58081],[126.7223,37.58237],[126.72159,37.58304],[126.7221,37.58351],[126.72185,37.58402],[126.72068,37.58478],[126.72059,37.58537],[126.72084,37.5858],[126.72192,37.5862],[126.72274,37.58816],[126.7227,37.58882],[126.72346,37.58944],[126.72479,37.59142],[126.72546,37.59188],[126.72725,37.5919],[126.72837,37.5926]]]]}},{"type":"Feature","properties":{"EMD_CD":"28245122","EMD_KOR_NM":"다남동","sgg":"계양구","adm_nm":"인천광역시 계양구 다남동","sido":"인천"},"geometry":{"type":"MultiPolygon","coordinates":[[[[126.72944,37.57455],[126.73005,37.5731],[126.73004,37.57223],[126.73049,37.5721],[126.73005,37.57188],[126.73153,37.57238],[126.73221,37.57227],[126.73484,37.57066],[126.73349,37.56915],[126.73328,37.56831],[126.73137,37.56736],[126.73163,37.56695],[126.73073,37.56555],[126.73073,37.56448],[126.72967,37.56356],[126.7288,37.56143],[126.7293,37.55947],[126.72858,37.55897],[126.72739,37.55911],[126.72629,37.55871],[126.72316,37.55598],[126.72272,37.55593],[126.72334,37.5515],[126.72192,37.55211],[126.71844,37.55204],[126.71779,37.55237],[126.71507,37.55266],[126.71483,37.55332],[126.71531,37.55598],[126.71488,37.55934],[126.71468,37.56028],[126.71376,37.56105],[126.71371,37.56157],[126.71444,37.56253],[126.71442,37.56351],[126.71334,37.56439],[126.71315,37.56543],[126.71424,37.56578],[126.71635,37.56816],[126.71662,37.56945],[126.71635,37.57045],[126.71691,37.57079],[126.71704,37.5713],[126.71843,37.57176],[126.71958,37.57075],[126.72028,37.57161],[126.7214,37.57232],[126.7238,37.57273],[126.72721,37.57449],[126.72944,37.57455]]]]}},{"type":"Feature","properties":{"EMD_CD":"28245123","EMD_KOR_NM":"장기동","sgg":"계양구","adm_nm":"인천광역시 계양구 장기동","sido":"인천"},"geometry":{"type":"MultiPolygon","coordinates":[[[[126.73984,37.58077],[126.73796,37.57894],[126.73838,37.57843],[126.73899,37.57854],[126.74236,37.57319],[126.73822,37.57329],[126.73659,37.57262],[126.73484,37.57066],[126.73221,37.57227],[126.73153,37.57238],[126.73005,37.57188],[126.73049,37.5721],[126.73004,37.57223],[126.73005,37.5731],[126.72939,37.57484],[126.73189,37.57542],[126.73087,37.57703],[126.7295,37.57733],[126.72893,37.57956],[126.73073,37.57992],[126.73192,37.57951],[126.73355,37.57946],[126.73556,37.58004],[126.73571,37.57971],[126.73984,37.58077]]]]}},{"type":"Feature","properties":{"EMD_CD":"28245114","EMD_KOR_NM":"평동","sgg":"계양구","adm_nm":"인천광역시 계양구 평동","sido":"인천"},"geometry":{"type":"MultiPolygon","coordinates":[[[[126.77544,37.58501],[126.77884,37.58451],[126.77782,37.58218],[126.77702,37.58173],[126.77731,37.58131],[126.77503,37.57862],[126.77495,37.57773],[126.77413,37.57826],[126.77383,37.5787],[126.77411,37.57896],[126.772,37.57918],[126.77219,37.57981],[126.77373,37.57975],[126.7634,37.58508],[126.76382,37.58586],[126.76675,37.58722],[126.76752,37.58839],[126.77255,37.58517],[126.77544,37.58501]]]]}},{"type":"Feature","properties":{"EMD_CD":"28245117","EMD_KOR_NM":"이화동","sgg":"계양구","adm_nm":"인천광역시 계양구 이화동","sido":"인천"},"geometry":{"type":"MultiPolygon","coordinates":[[[[126.74861,37.58506],[126.74625,37.58366],[126.74142,37.5821],[126.73984,37.58077],[126.73571,37.57971],[126.73497,37.5816],[126.73445,37.5815],[126.73349,37.58291],[126.73388,37.58301],[126.73379,37.58341],[126.73294,37.58503],[126.73224,37.58724],[126.73134,37.58717],[126.72943,37.58788],[126.73055,37.58901],[126.72859,37.59033],[126.72837,37.5926],[126.72921,37.59275],[126.7299,37.59222],[126.73354,37.59146],[126.73367,37.59104],[126.73465,37.59119],[126.73504,37.59068],[126.73634,37.59066],[126.73625,37.59048],[126.73675,37.59099],[126.73677,37.59297],[126.73789,37.59345],[126.73901,37.5937],[126.73955,37.59295],[126.7391,37.59264],[126.74141,37.59301],[126.74165,37.59207],[126.74432,37.59249],[126.74526,37.58872],[126.74635,37.58844],[126.74683,37.58724],[126.74776,37.58644],[126.74739,37.58625],[126.74861,37.58506]]]]}},{"type":"Feature","properties":{"EMD_CD":"28710410","EMD_KOR_NM":"삼산면","sgg":"강화군","adm_nm":"인천광역시 강화군 삼산면","sido":"인천"},"geometry":{"type":"MultiPolygon","coordinates":[[[[126.34274,37.64355],[126.34254,37.64345],[126.34222,37.64384],[126.34194,37.6437],[126.34169,37.64405],[126.34337,37.64484],[126.34096,37.64409],[126.33766,37.6448],[126.33787,37.64621],[126.33872,37.64744],[126.33768,37.64834],[126.33649,37.64836],[126.33566,37.6489],[126.33542,37.64921],[126.33556,37.64946],[126.33436,37.65027],[126.33343,37.65146],[126.32878,37.6531],[126.32792,37.65212],[126.32742,37.65216],[126.32686,37.65294],[126.32598,37.65314],[126.32567,37.65363],[126.32605,37.65317],[126.32638,37.65336],[126.3274,37.65416],[126.32713,37.65456],[126.32543,37.65396],[126.3271,37.6546],[126.32662,37.65554],[126.32695,37.65544],[126.32736,37.65469],[126.32734,37.65536],[126.32648,37.65604],[126.32571,37.65617],[126.32521,37.65847],[126.32555,37.6585],[126.32463,37.65951],[126.32542,37.65969],[126.32641,37.66132],[126.32718,37.66105],[126.32797,37.6621],[126.32755,37.66362],[126.32872,37.67016],[126.32429,37.67315],[126.32015,37.67936],[126.32113,37.68061],[126.32012,37.68104],[126.31727,37.68341],[126.31645,37.68364],[126.31568,37.68458],[126.31466,37.68506],[126.31406,37.68516],[126.31338,37.68453],[126.31152,37.68558],[126.31044,37.68695],[126.30903,37.68717],[126.30848,37.68646],[126.30815,37.68655],[126.30761,37.68694],[126.30839,37.68719],[126.30864,37.68756],[126.30781,37.68746],[126.30517,37.68854],[126.30178,37.68942],[126.30076,37.69012],[126.29303,37.69303],[126.29252,37.69391],[126.29131,37.69494],[126.29009,37.69474],[126.28878,37.69531],[126.28654,37.69741],[126.28669,37.69987],[126.28581,37.70066],[126.28246,37.70292],[126.28099,37.7032],[126.28062,37.70302],[126.28047,37.70365],[126.27843,37.70399],[126.27761,37.70452],[126.27671,37.70615],[126.27294,37.70859],[126.27127,37.70909],[126.26963,37.71019],[126.26935,37.71065],[126.27073,37.71097],[126.27214,37.71233],[126.27297,37.7119],[126.27502,37.71209],[126.27597,37.71152],[126.27633,37.71052],[126.27698,37.71012],[126.27821,37.70992],[126.27915,37.70939],[126.28204,37.70899],[126.2867,37.71272],[126.28664,37.71361],[126.28758,37.71398],[126.2878,37.71472],[126.28752,37.71539],[126.2879,37.71555],[126.28802,37.71597],[126.28759,37.71625],[126.28767,37.71794],[126.28806,37.71801],[126.2883,37.72076],[126.28927,37.72297],[126.28872,37.72361],[126.28934,37.72382],[126.28961,37.72491],[126.28829,37.72665],[126.28809,37.72822],[126.28725,37.72822],[126.28742,37.72872],[126.28786,37.72869],[126.28781,37.72833],[126.28806,37.72835],[126.28889,37.72972],[126.28863,37.72999],[126.28893,37.73054],[126.28871,37.73053],[126.28867,37.73223],[126.28891,37.73477],[126.28923,37.73537],[126.28947,37.73938],[126.29029,37.74035],[126.29004,37.74051],[126.28984,37.74019],[126.28956,37.74052],[126.28954,37.74084],[126.28981,37.74072],[126.28898,37.74218],[126.28909,37.74263],[126.29009,37.74295],[126.29252,37.74469],[126.29406,37.74479],[126.29662,37.74548],[126.29932,37.74541],[126.30123,37.74596],[126.30185,37.74567],[126.30309,37.74578],[126.30619,37.74671],[126.30869,37.74809],[126.3097,37.74797],[126.30979,37.7477],[126.31068,37.74857],[126.31236,37.74926],[126.31474,37.75097],[126.31797,37.75242],[126.32056,37.75239],[126.3236,37.75173],[126.3251,37.7506],[126.32761,37.74932],[126.32816,37.74983],[126.32837,37.74965],[126.32833,37.74811],[126.32944,37.74827],[126.32957,37.74804],[126.32964,37.74634],[126.32874,37.74568],[126.32907,37.74481],[126.32868,37.74456],[126.32827,37.74468],[126.32473,37.74208],[126.32441,37.74157],[126.32352,37.74123],[126.32366,37.7409],[126.32268,37.7392],[126.32192,37.73843],[126.32149,37.73851],[126.32173,37.73813],[126.32076,37.7372],[126.32121,37.73693],[126.3213,37.73589],[126.32078,37.73561],[126.32058,37.73435],[126.32012,37.73431],[126.32029,37.73401],[126.31967,37.73196],[126.31904,37.73168],[126.31947,37.73106],[126.31925,37.73052],[126.31847,37.73],[126.31827,37.72718],[126.31895,37.72682],[126.31899,37.72645],[126.31824,37.72593],[126.31812,37.72469],[126.31726,37.7234],[126.31751,37.72156],[126.31704,37.71984],[126.3175,37.71873],[126.31721,37.7172],[126.31765,37.71655],[126.31818,37.71439],[126.31936,37.71294],[126.31928,37.71242],[126.31999,37.71164],[126.32098,37.71126],[126.32295,37.70921],[126.32384,37.70921],[126.32664,37.70733],[126.32686,37.70776],[126.32827,37.70778],[126.32841,37.70741],[126.3282,37.70718],[126.32847,37.70681],[126.32989,37.7062],[126.33022,37.70537],[126.33076,37.70522],[126.33117,37.70443],[126.33113,37.70373],[126.33169,37.70392],[126.3325,37.7031],[126.33286,37.70318],[126.3341,37.70238],[126.3349,37.70148],[126.33505,37.70085],[126.33567,37.70092],[126.33542,37.70103],[126.33579,37.70126],[126.33648,37.70051],[126.33792,37.69981],[126.33924,37.69877],[126.34046,37.69852],[126.34325,37.69716],[126.34393,37.69759],[126.34622,37.69705],[126.34932,37.69569],[126.35373,37.69596],[126.35752,37.69557],[126.35732,37.69489],[126.35684,37.69479],[126.35795,37.69398],[126.35974,37.69369],[126.35983,37.69297],[126.36023,37.69284],[126.3607,37.69458],[126.36208,37.69507],[126.3629,37.69569],[126.36374,37.69528],[126.36403,37.69481],[126.36633,37.69459],[126.36716,37.69378],[126.36726,37.69405],[126.36761,37.69403],[126.36679,37.69275],[126.36688,37.69143],[126.36843,37.68998],[126.37199,37.68904],[126.37487,37.68763],[126.37591,37.68676],[126.37766,37.684],[126.37732,37.68364],[126.37792,37.6831],[126.3771,37.68242],[126.3774,37.68116],[126.378,37.68066],[126.37823,37.6806],[126.37741,37.68136],[126.37717,37.68228],[126.37791,37.68287],[126.37843,37.68287],[126.37829,37.68245],[126.37884,37.68233],[126.37886,37.68091],[126.37725,37.67717],[126.37673,37.67458],[126.3762,37.67429],[126.37651,37.67376],[126.37633,37.67305],[126.37659,37.67224],[126.37567,37.67081],[126.37515,37.67049],[126.37543,37.66976],[126.37535,37.66892],[126.37471,37.6678],[126.3742,37.66779],[126.37423,37.66744],[126.37318,37.66582],[126.37255,37.66527],[126.3723,37.6654],[126.37245,37.66566],[126.37191,37.66522],[126.37058,37.66367],[126.36942,37.66336],[126.36831,37.66363],[126.36523,37.66261],[126.36143,37.66066],[126.35985,37.65894],[126.35907,37.65866],[126.3595,37.65834],[126.35652,37.65565],[126.35346,37.65436],[126.35244,37.65506],[126.34799,37.65109],[126.34242,37.65081],[126.34318,37.64987],[126.34321,37.64945],[126.34295,37.6493],[126.34326,37.64807],[126.34309,37.64582],[126.34441,37.64517],[126.34414,37.64468],[126.3446,37.64449],[126.34274,37.64355]]],[[[126.36895,37.6933],[126.36945,37.69405],[126.37198,37.69421],[126.37421,37.69287],[126.37461,37.69246],[126.37442,37.69194],[126.37469,37.69154],[126.37415,37.69093],[126.37335,37.69078],[126.37139,37.691],[126.36969,37.69183],[126.36895,37.6933]]]]}},{"type":"Feature","properties":{"EMD_CD":"28710350","EMD_KOR_NM":"양도면","sgg":"강화군","adm_nm":"인천광역시 강화군 양도면","sido":"인천"},"geometry":{"type":"MultiPolygon","coordinates":[[[[126.42283,37.71082],[126.4273,37.71068],[126.42983,37.70888],[126.43082,37.70723],[126.43184,37.70705],[126.43212,37.70634],[126.43183,37.70575],[126.43348,37.70422],[126.43442,37.70281],[126.43538,37.69961],[126.43542,37.69744],[126.4367,37.69618],[126.43741,37.69502],[126.43876,37.69252],[126.4399,37.68921],[126.44112,37.68948],[126.44115,37.68767],[126.44241,37.68432],[126.44317,37.68443],[126.44363,37.68357],[126.44529,37.6828],[126.44567,37.68223],[126.44647,37.6818],[126.44753,37.68144],[126.45339,37.68123],[126.45406,37.68106],[126.45495,37.68001],[126.45734,37.68008],[126.45919,37.67966],[126.46195,37.67796],[126.46759,37.67697],[126.46805,37.67641],[126.46974,37.67576],[126.47064,37.67602],[126.47221,37.67577],[126.47298,37.67464],[126.47413,37.67419],[126.47491,37.67337],[126.47507,37.67234],[126.47454,37.67133],[126.47235,37.66947],[126.47244,37.66814],[126.47196,37.66688],[126.47204,37.66531],[126.4733,37.66233],[126.47281,37.66035],[126.47316,37.6595],[126.47248,37.65836],[126.47195,37.65804],[126.47214,37.65819],[126.47194,37.65639],[126.47295,37.65309],[126.47296,37.65187],[126.47193,37.65004],[126.47169,37.64884],[126.46859,37.64586],[126.4677,37.64535],[126.46706,37.64443],[126.46624,37.64149],[126.46672,37.64071],[126.46648,37.6392],[126.46688,37.63842],[126.46707,37.63863],[126.46709,37.63822],[126.46668,37.63815],[126.46612,37.6374],[126.46584,37.63798],[126.46466,37.63623],[126.46342,37.63661],[126.46263,37.63738],[126.4448,37.64067],[126.44334,37.64005],[126.44235,37.64034],[126.44201,37.64017],[126.44139,37.64165],[126.44095,37.64203],[126.42614,37.64611],[126.42506,37.64671],[126.4243,37.64678],[126.42363,37.64649],[126.42112,37.64684],[126.42067,37.64713],[126.41989,37.64845],[126.41989,37.64955],[126.41908,37.65038],[126.41864,37.64985],[126.41743,37.64973],[126.41705,37.6488],[126.41611,37.64906],[126.41603,37.64864],[126.41548,37.64824],[126.41502,37.6482],[126.41384,37.64906],[126.41323,37.64776],[126.41119,37.64806],[126.41032,37.64887],[126.40987,37.64857],[126.40914,37.64867],[126.41054,37.64965],[126.41114,37.65125],[126.41101,37.65279],[126.41034,37.6543],[126.41139,37.65439],[126.41263,37.65641],[126.41074,37.65715],[126.40966,37.65684],[126.40947,37.65796],[126.4101,37.65921],[126.40819,37.66348],[126.4055,37.66719],[126.40602,37.66845],[126.40583,37.67145],[126.40521,37.67317],[126.40409,37.67472],[126.40388,37.67607],[126.40319,37.67687],[126.40059,37.67801],[126.39935,37.67968],[126.39889,37.67961],[126.3986,37.68088],[126.39804,37.68121],[126.39725,37.68104],[126.39556,37.68163],[126.39554,37.68193],[126.39464,37.68251],[126.39409,37.68371],[126.3915,37.685],[126.39055,37.68607],[126.39054,37.68721],[126.38963,37.68775],[126.38908,37.68945],[126.38828,37.68961],[126.38822,37.69044],[126.38969,37.6906],[126.39021,37.6911],[126.39068,37.69097],[126.39206,37.69191],[126.3909,37.69129],[126.39073,37.69155],[126.39166,37.69339],[126.39216,37.69346],[126.39237,37.6942],[126.39218,37.6946],[126.3927,37.69486],[126.39275,37.69562],[126.39377,37.69589],[126.39401,37.69637],[126.39628,37.69749],[126.39562,37.69945],[126.3946,37.70006],[126.39429,37.7015],[126.39489,37.70178],[126.39569,37.70276],[126.39647,37.70278],[126.39803,37.70215],[126.39853,37.70225],[126.39784,37.70364],[126.39913,37.70507],[126.40058,37.70596],[126.4017,37.70623],[126.40218,37.70678],[126.40571,37.70695],[126.40626,37.70638],[126.40742,37.70665],[126.4081,37.70649],[126.41197,37.70831],[126.41395,37.70794],[126.41692,37.70857],[126.41961,37.70839],[126.42283,37.71082]]]]}},{"type":"Feature","properties":{"EMD_CD":"28710320","EMD_KOR_NM":"불은면","sgg":"강화군","adm_nm":"인천광역시 강화군 불은면","sido":"인천"},"geometry":{"type":"MultiPolygon","coordinates":[[[[126.44062,37.72039],[126.44096,37.71951],[126.44238,37.71936],[126.44592,37.71819],[126.44819,37.71839],[126.44959,37.71927],[126.45314,37.71837],[126.45794,37.71781],[126.45808,37.71704],[126.46019,37.71572],[126.46094,37.71484],[126.46084,37.71454],[126.46136,37.7136],[126.46379,37.71338],[126.46392,37.71302],[126.46345,37.71296],[126.46468,37.71162],[126.46509,37.70854],[126.4671,37.70827],[126.46658,37.70114],[126.48083,37.6996],[126.48142,37.69982],[126.48625,37.69864],[126.48659,37.69891],[126.48832,37.69854],[126.48942,37.69793],[126.48986,37.69717],[126.49096,37.69663],[126.49546,37.69669],[126.49589,37.69626],[126.49716,37.69644],[126.49796,37.69607],[126.49912,37.696],[126.50018,37.69628],[126.50392,37.69529],[126.50552,37.69539],[126.50794,37.69501],[126.50904,37.69536],[126.51068,37.6954],[126.51255,37.69463],[126.51218,37.69453],[126.51283,37.69379],[126.51318,37.694],[126.51486,37.69288],[126.5154,37.69206],[126.51752,37.69108],[126.51794,37.6902],[126.51856,37.69042],[126.51988,37.69024],[126.51921,37.68926],[126.51892,37.68832],[126.51973,37.68975],[126.51999,37.68961],[126.51897,37.68728],[126.51878,37.68773],[126.51896,37.68436],[126.51929,37.6839],[126.51912,37.6834],[126.51869,37.68322],[126.51915,37.68305],[126.51982,37.68336],[126.52003,37.68261],[126.5194,37.6817],[126.5184,37.68137],[126.51712,37.67911],[126.51675,37.67891],[126.51688,37.67787],[126.51713,37.67778],[126.51735,37.67389],[126.51704,37.6737],[126.51869,37.67028],[126.52101,37.66797],[126.52283,37.66674],[126.5228,37.66638],[126.52327,37.66652],[126.52643,37.66527],[126.52631,37.66405],[126.5266,37.66375],[126.527,37.66384],[126.52731,37.66504],[126.52869,37.66522],[126.52848,37.66497],[126.52904,37.66553],[126.52953,37.66529],[126.53014,37.66546],[126.53068,37.6648],[126.53192,37.66449],[126.53268,37.66235],[126.53252,37.661],[126.53306,37.6606],[126.53281,37.66038],[126.53242,37.66081],[126.53186,37.66059],[126.53087,37.66077],[126.52947,37.66005],[126.52659,37.65935],[126.52483,37.66005],[126.52605,37.6596],[126.52549,37.65901],[126.52482,37.65895],[126.52467,37.65829],[126.52289,37.65626],[126.52239,37.65449],[126.52261,37.6527],[126.52218,37.65259],[126.52244,37.65239],[126.52212,37.65228],[126.52364,37.6509],[126.52385,37.65021],[126.52446,37.6503],[126.52518,37.64955],[126.52596,37.64947],[126.52628,37.64829],[126.526,37.64778],[126.5266,37.64782],[126.52671,37.64732],[126.52514,37.64617],[126.52202,37.64661],[126.52116,37.64643],[126.52114,37.64529],[126.52016,37.64406],[126.51798,37.64336],[126.51676,37.64236],[126.51449,37.64232],[126.51214,37.64188],[126.51105,37.64238],[126.50718,37.64267],[126.50774,37.64751],[126.50692,37.64765],[126.50673,37.64679],[126.50648,37.64673],[126.50606,37.64857],[126.50498,37.64869],[126.50474,37.64913],[126.50382,37.64932],[126.50357,37.65076],[126.50303,37.6517],[126.49726,37.65441],[126.49292,37.65412],[126.49296,37.65527],[126.49332,37.65576],[126.49331,37.66068],[126.49385,37.66256],[126.49308,37.66371],[126.49282,37.66565],[126.49215,37.66714],[126.49127,37.66801],[126.49075,37.66914],[126.48983,37.6696],[126.48965,37.67007],[126.48856,37.66979],[126.48467,37.67048],[126.48498,37.67206],[126.48423,37.67264],[126.48301,37.67262],[126.48251,37.67216],[126.48115,37.67209],[126.47893,37.67233],[126.47846,37.6729],[126.4775,37.67277],[126.47652,37.67209],[126.47533,37.67223],[126.4749,37.67275],[126.47491,37.67337],[126.47413,37.67419],[126.47298,37.67464],[126.47221,37.67577],[126.47064,37.67602],[126.46974,37.67576],[126.46805,37.67641],[126.46759,37.67697],[126.46195,37.67796],[126.45919,37.67966],[126.45734,37.68008],[126.45495,37.68001],[126.45406,37.68106],[126.45339,37.68123],[126.44753,37.68144],[126.44647,37.6818],[126.44567,37.68223],[126.44529,37.6828],[126.44363,37.68357],[126.44317,37.68443],[126.44241,37.68432],[126.44115,37.68767],[126.44112,37.68948],[126.4399,37.68921],[126.43876,37.69252],[126.43741,37.69502],[126.4367,37.69618],[126.43542,37.69744],[126.43538,37.69961],[126.43442,37.70281],[126.43348,37.70422],[126.43183,37.70575],[126.43212,37.70634],[126.43184,37.70705],[126.43082,37.70723],[126.42983,37.70888],[126.4273,37.71068],[126.42797,37.71176],[126.43031,37.71328],[126.43041,37.714],[126.43284,37.71591],[126.43459,37.71644],[126.43707,37.7181],[126.4386,37.71998],[126.44062,37.72039]]]]}},{"type":"Feature","properties":{"EMD_CD":"28290107","EMD_KOR_NM":"금곡동","sgg":"검단구","adm_nm":"인천광역시 검단구 금곡동","sido":"인천"},"geometry":{"type":"MultiPolygon","coordinates":[[[[126.6457,37.62841],[126.6462,37.62783],[126.65069,37.62597],[126.65034,37.62562],[126.65044,37.6237],[126.64919,37.62103],[126.64979,37.61967],[126.65076,37.6196],[126.65157,37.61848],[126.65241,37.61828],[126.65162,37.6157],[126.65206,37.61397],[126.65265,37.61364],[126.65307,37.61293],[126.6547,37.61243],[126.65582,37.60996],[126.6581,37.60871],[126.65708,37.60841],[126.65723,37.60873],[126.65608,37.60854],[126.65551,37.60645],[126.65604,37.60618],[126.65594,37.60584],[126.65427,37.60321],[126.64803,37.60452],[126.64815,37.60422],[126.64662,37.60492],[126.64347,37.60518],[126.64104,37.60483],[126.6379,37.60628],[126.62934,37.60671],[126.62779,37.6064],[126.62786,37.60736],[126.62932,37.6096],[126.62939,37.61162],[126.6303,37.61244],[126.63058,37.61307],[126.63149,37.61357],[126.63211,37.61502],[126.63235,37.61603],[126.63166,37.61734],[126.63241,37.61784],[126.6333,37.6193],[126.63426,37.61919],[126.63657,37.62049],[126.63662,37.62135],[126.63627,37.62166],[126.63681,37.62244],[126.6371,37.62343],[126.63674,37.62382],[126.63738,37.62499],[126.63712,37.62533],[126.63726,37.62651],[126.63646,37.62768],[126.63685,37.62811],[126.63991,37.62677],[126.6414,37.62715],[126.64221,37.6281],[126.64464,37.62852],[126.6457,37.62841]]]]}},{"type":"Feature","properties":{"EMD_CD":"28290106","EMD_KOR_NM":"대곡동","sgg":"검단구","adm_nm":"인천광역시 검단구 대곡동","sido":"인천"},"geometry":{"type":"MultiPolygon","coordinates":[[[[126.65256,37.63949],[126.65401,37.63821],[126.65555,37.63794],[126.65742,37.63795],[126.65889,37.63864],[126.66056,37.63715],[126.66163,37.63663],[126.66298,37.63679],[126.6637,37.63619],[126.66461,37.63597],[126.66549,37.63623],[126.66697,37.63594],[126.67242,37.63384],[126.67291,37.63307],[126.67415,37.63205],[126.67471,37.62988],[126.6786,37.62929],[126.67934,37.62967],[126.68055,37.62931],[126.68099,37.62734],[126.68171,37.62657],[126.68257,37.62626],[126.68236,37.62522],[126.68284,37.62478],[126.68373,37.62523],[126.68528,37.62427],[126.68397,37.6223],[126.67939,37.62058],[126.676,37.61813],[126.67507,37.61161],[126.67468,37.61085],[126.67366,37.61062],[126.67265,37.61122],[126.6724,37.61217],[126.67186,37.61266],[126.66985,37.613],[126.6676,37.6128],[126.66701,37.61347],[126.66594,37.61392],[126.66551,37.61378],[126.66441,37.61409],[126.66373,37.61472],[126.6625,37.61478],[126.66021,37.61577],[126.66104,37.61852],[126.66069,37.61926],[126.66082,37.61957],[126.65836,37.62105],[126.65748,37.62388],[126.65573,37.62335],[126.65433,37.62377],[126.65283,37.62477],[126.65245,37.62549],[126.64711,37.62748],[126.64756,37.62893],[126.64858,37.62959],[126.64879,37.63052],[126.65041,37.63263],[126.65056,37.63471],[126.65151,37.63515],[126.65143,37.63616],[126.65177,37.63645],[126.6512,37.63787],[126.65163,37.63871],[126.65256,37.63949]]]]}},{"type":"Feature","properties":{"EMD_CD":"28710360","EMD_KOR_NM":"내가면","sgg":"강화군","adm_nm":"인천광역시 강화군 내가면","sido":"인천"},"geometry":{"type":"MultiPolygon","coordinates":[[[[126.37779,37.70105],[126.37392,37.70041],[126.37255,37.70275],[126.37238,37.70233],[126.37143,37.70282],[126.3713,37.7033],[126.37089,37.70292],[126.36668,37.70413],[126.36559,37.70381],[126.36336,37.70427],[126.36238,37.70416],[126.36183,37.70367],[126.36142,37.70389],[126.36045,37.70379],[126.35951,37.70343],[126.35885,37.70392],[126.3583,37.70513],[126.35769,37.70561],[126.35628,37.70592],[126.3563,37.70628],[126.35559,37.70668],[126.35575,37.70702],[126.35523,37.70838],[126.35532,37.70876],[126.35471,37.70918],[126.35484,37.70996],[126.35397,37.71147],[126.35347,37.71203],[126.35309,37.71204],[126.35281,37.71299],[126.3524,37.71323],[126.35279,37.71382],[126.35179,37.71531],[126.35141,37.71653],[126.35161,37.71686],[126.35199,37.71672],[126.35322,37.71743],[126.35368,37.7185],[126.35431,37.71868],[126.35438,37.71898],[126.35356,37.71911],[126.35349,37.7202],[126.35414,37.7232],[126.3536,37.72403],[126.35374,37.72418],[126.35323,37.72464],[126.35218,37.73392],[126.35261,37.73415],[126.3523,37.73647],[126.35265,37.74002],[126.35344,37.74045],[126.35434,37.74048],[126.35477,37.74086],[126.3574,37.74033],[126.35761,37.74073],[126.36425,37.7425],[126.37475,37.74096],[126.38216,37.7372],[126.38337,37.73862],[126.38405,37.73821],[126.38575,37.7394],[126.38814,37.73992],[126.39082,37.73939],[126.39149,37.73897],[126.39272,37.73933],[126.39675,37.73875],[126.39879,37.73907],[126.39967,37.73954],[126.40134,37.7393],[126.40379,37.73799],[126.405,37.73777],[126.40613,37.73797],[126.40694,37.73869],[126.40818,37.73909],[126.41019,37.73913],[126.41065,37.73986],[126.41223,37.73979],[126.41548,37.74072],[126.41635,37.74025],[126.41718,37.74036],[126.41871,37.74117],[126.42085,37.741],[126.42157,37.74137],[126.42273,37.74145],[126.4229,37.74207],[126.42373,37.74276],[126.4268,37.74331],[126.42729,37.74423],[126.4282,37.74462],[126.43326,37.74505],[126.43601,37.74408],[126.4374,37.74432],[126.43767,37.74277],[126.43832,37.74188],[126.43844,37.7409],[126.43931,37.74003],[126.43994,37.73784],[126.44068,37.73728],[126.44124,37.73593],[126.44112,37.73501],[126.44199,37.73313],[126.44207,37.73214],[126.44165,37.73023],[126.44204,37.72848],[126.43734,37.7263],[126.43799,37.72384],[126.43765,37.72237],[126.43828,37.72154],[126.43995,37.72045],[126.44062,37.72039],[126.4386,37.71998],[126.43707,37.7181],[126.43459,37.71644],[126.43284,37.71591],[126.43041,37.714],[126.43031,37.71328],[126.42797,37.71176],[126.4273,37.71068],[126.42283,37.71082],[126.41961,37.70839],[126.41692,37.70857],[126.41395,37.70794],[126.41197,37.70831],[126.4081,37.70649],[126.40742,37.70665],[126.40626,37.70638],[126.40571,37.70695],[126.40218,37.70678],[126.4017,37.70623],[126.40058,37.70596],[126.39913,37.70507],[126.39784,37.70364],[126.39853,37.70225],[126.39803,37.70215],[126.39647,37.70278],[126.39569,37.70276],[126.39489,37.70178],[126.39429,37.7015],[126.3946,37.70006],[126.39562,37.69945],[126.39628,37.69749],[126.39401,37.69637],[126.39377,37.69589],[126.39278,37.69565],[126.3927,37.69486],[126.39223,37.69474],[126.39178,37.69576],[126.39118,37.69567],[126.39087,37.6963],[126.38927,37.69737],[126.38832,37.6986],[126.3863,37.69979],[126.38232,37.70094],[126.38223,37.70031],[126.3791,37.70056],[126.37884,37.69969],[126.37901,37.70057],[126.37793,37.70071],[126.37779,37.70105]]]]}},{"type":"Feature","properties":{"EMD_CD":"28710370","EMD_KOR_NM":"하점면","sgg":"강화군","adm_nm":"인천광역시 강화군 하점면","sido":"인천"},"geometry":{"type":"MultiPolygon","coordinates":[[[[126.35761,37.74073],[126.35777,37.74103],[126.35677,37.74095],[126.35528,37.74151],[126.3554,37.74195],[126.35441,37.74244],[126.35382,37.74463],[126.35573,37.757],[126.35666,37.75795],[126.35636,37.75914],[126.35694,37.76167],[126.35636,37.76183],[126.35586,37.76749],[126.3573,37.76776],[126.35797,37.76745],[126.35793,37.76772],[126.35735,37.76778],[126.35691,37.76869],[126.35614,37.76882],[126.35599,37.76933],[126.35483,37.76991],[126.35464,37.77099],[126.35507,37.77115],[126.35468,37.77179],[126.35475,37.77416],[126.35516,37.77567],[126.35471,37.77607],[126.35462,37.77726],[126.35473,37.77794],[126.35511,37.77807],[126.35493,37.77913],[126.35814,37.77831],[126.35922,37.77882],[126.361,37.77802],[126.36185,37.7782],[126.36284,37.77702],[126.36401,37.77667],[126.36417,37.77536],[126.36585,37.77486],[126.36884,37.77549],[126.37098,37.7749],[126.37151,37.7739],[126.3757,37.77381],[126.37618,37.77414],[126.37768,37.77782],[126.37926,37.77833],[126.38115,37.77973],[126.38219,37.77959],[126.38319,37.7803],[126.38418,37.7798],[126.38546,37.77964],[126.38745,37.78116],[126.38909,37.78095],[126.38984,37.78049],[126.39099,37.78111],[126.3917,37.78188],[126.39334,37.78221],[126.3952,37.78348],[126.39521,37.78429],[126.39603,37.78488],[126.39892,37.78622],[126.39948,37.78598],[126.39977,37.78652],[126.4013,37.78749],[126.40096,37.7885],[126.40148,37.78905],[126.40434,37.78894],[126.40643,37.79012],[126.40722,37.79005],[126.40777,37.78892],[126.40864,37.78815],[126.40921,37.7878],[126.41127,37.78747],[126.41264,37.78619],[126.41442,37.78542],[126.41472,37.78552],[126.41558,37.7841],[126.4168,37.78322],[126.42054,37.78425],[126.42132,37.78553],[126.42284,37.78638],[126.42747,37.79033],[126.42954,37.79022],[126.43206,37.78965],[126.43287,37.7889],[126.434,37.78847],[126.43485,37.78847],[126.43614,37.78905],[126.43839,37.78922],[126.43902,37.7891],[126.43975,37.7881],[126.44092,37.78821],[126.4418,37.78483],[126.44091,37.78476],[126.44053,37.7844],[126.44076,37.78321],[126.44147,37.78338],[126.44156,37.78305],[126.44083,37.78129],[126.44157,37.78103],[126.44377,37.78108],[126.44394,37.78035],[126.44442,37.77994],[126.44415,37.77874],[126.4436,37.77825],[126.44415,37.77752],[126.44409,37.77643],[126.44441,37.77579],[126.44208,37.77353],[126.44175,37.7719],[126.4405,37.77164],[126.44368,37.76937],[126.44482,37.76909],[126.44353,37.7678],[126.4446,37.76566],[126.44601,37.76482],[126.44401,37.76382],[126.44268,37.76062],[126.44259,37.75913],[126.44298,37.7585],[126.44271,37.75781],[126.44319,37.75654],[126.44217,37.75505],[126.44339,37.75258],[126.44245,37.7493],[126.44095,37.74681],[126.44129,37.74619],[126.44007,37.7446],[126.43601,37.74408],[126.43326,37.74505],[126.4282,37.74462],[126.42729,37.74423],[126.4268,37.74331],[126.42373,37.74276],[126.4229,37.74207],[126.42273,37.74145],[126.42157,37.74137],[126.42085,37.741],[126.41871,37.74117],[126.41718,37.74036],[126.41635,37.74025],[126.41548,37.74072],[126.41223,37.73979],[126.41065,37.73986],[126.41019,37.73913],[126.40818,37.73909],[126.40694,37.73869],[126.40613,37.73797],[126.405,37.73777],[126.40379,37.73799],[126.40134,37.7393],[126.39967,37.73954],[126.39879,37.73907],[126.39675,37.73875],[126.39272,37.73933],[126.39149,37.73897],[126.39082,37.73939],[126.38814,37.73992],[126.38575,37.7394],[126.38405,37.73821],[126.38337,37.73862],[126.38216,37.7372],[126.37475,37.74096],[126.36425,37.7425],[126.35761,37.74073]]]]}},{"type":"Feature","properties":{"EMD_CD":"28710250","EMD_KOR_NM":"강화읍","sgg":"강화군","adm_nm":"인천광역시 강화군 강화읍","sido":"인천"},"geometry":{"type":"MultiPolygon","coordinates":[[[[126.49804,37.78541],[126.49866,37.78536],[126.49873,37.78513],[126.49919,37.78578],[126.50012,37.78588],[126.50431,37.78399],[126.5069,37.78235],[126.50746,37.78139],[126.50713,37.78123],[126.50701,37.78148],[126.50735,37.78065],[126.50787,37.77992],[126.5072,37.78102],[126.50751,37.7811],[126.50825,37.77968],[126.50832,37.7782],[126.50804,37.77763],[126.50829,37.7769],[126.50801,37.77617],[126.50896,37.77405],[126.50848,37.77395],[126.50868,37.7737],[126.50982,37.77359],[126.51138,37.7719],[126.51247,37.77118],[126.51234,37.77049],[126.51303,37.77041],[126.51149,37.76984],[126.51159,37.76887],[126.51112,37.76776],[126.51025,37.76727],[126.51052,37.76482],[126.51131,37.76275],[126.51334,37.76008],[126.51407,37.75857],[126.51736,37.75559],[126.51805,37.7538],[126.51962,37.75232],[126.52067,37.75072],[126.52392,37.74818],[126.52504,37.74767],[126.52584,37.74818],[126.52642,37.74762],[126.52597,37.74636],[126.52605,37.74587],[126.52508,37.74495],[126.52437,37.74234],[126.52394,37.74189],[126.52486,37.74119],[126.52475,37.74075],[126.52507,37.74017],[126.52485,37.73974],[126.52193,37.73734],[126.51794,37.73255],[126.5169,37.73275],[126.51501,37.73094],[126.51139,37.73046],[126.5106,37.73003],[126.50934,37.73028],[126.50787,37.73018],[126.50584,37.73277],[126.50328,37.73239],[126.50197,37.73344],[126.50152,37.73416],[126.5001,37.73479],[126.49858,37.73591],[126.49714,37.73657],[126.49675,37.7364],[126.49381,37.73705],[126.4887,37.73568],[126.48781,37.73436],[126.48671,37.73363],[126.4832,37.73238],[126.48021,37.72977],[126.47752,37.72853],[126.47261,37.72797],[126.47094,37.72983],[126.46925,37.73029],[126.46867,37.73074],[126.46813,37.73216],[126.4672,37.73329],[126.46814,37.73573],[126.46643,37.73595],[126.4662,37.7359],[126.46641,37.73557],[126.46559,37.73528],[126.45992,37.7353],[126.45864,37.73502],[126.45841,37.73383],[126.45695,37.73318],[126.45721,37.73209],[126.45657,37.73219],[126.45532,37.73177],[126.45422,37.73187],[126.45358,37.73158],[126.45349,37.73127],[126.45247,37.73098],[126.45232,37.73062],[126.44954,37.73157],[126.44814,37.73119],[126.4445,37.72921],[126.44204,37.72848],[126.44165,37.73023],[126.44207,37.73214],[126.44199,37.73313],[126.44112,37.73501],[126.44124,37.73593],[126.44068,37.73728],[126.43994,37.73784],[126.43931,37.74003],[126.43844,37.7409],[126.43832,37.74188],[126.43767,37.74277],[126.4374,37.74432],[126.44376,37.74498],[126.44453,37.74575],[126.4455,37.74585],[126.44669,37.7464],[126.44757,37.74768],[126.44928,37.74917],[126.45044,37.7493],[126.45159,37.74878],[126.45369,37.74951],[126.45616,37.74821],[126.45744,37.74786],[126.45866,37.74843],[126.46176,37.7491],[126.46496,37.75049],[126.4663,37.75051],[126.46672,37.75086],[126.46729,37.7522],[126.46678,37.75318],[126.46696,37.75392],[126.46814,37.75492],[126.46864,37.75584],[126.46918,37.75603],[126.46914,37.75633],[126.4701,37.75687],[126.47067,37.75912],[126.47239,37.75876],[126.47263,37.75751],[126.47327,37.75755],[126.47356,37.75704],[126.47553,37.75688],[126.47609,37.75612],[126.47776,37.75552],[126.48051,37.75657],[126.48114,37.75792],[126.48205,37.75861],[126.48264,37.75856],[126.48435,37.75938],[126.48436,37.76051],[126.48465,37.76086],[126.48346,37.76188],[126.48346,37.76255],[126.48317,37.76279],[126.48517,37.76349],[126.48536,37.76514],[126.48457,37.76993],[126.48475,37.77014],[126.48452,37.77008],[126.48266,37.7818],[126.48421,37.78325],[126.48382,37.78389],[126.48473,37.78424],[126.48503,37.78507],[126.485,37.78683],[126.48594,37.78689],[126.48733,37.78789],[126.48694,37.78875],[126.48756,37.78957],[126.48917,37.7887],[126.49754,37.78613],[126.49804,37.78541]]],[[[126.50502,37.78473],[126.50469,37.78491],[126.50499,37.78516],[126.50529,37.78496],[126.50502,37.78473]]]]}},{"type":"Feature","properties":{"EMD_CD":"28710310","EMD_KOR_NM":"선원면","sgg":"강화군","adm_nm":"인천광역시 강화군 선원면","sido":"인천"},"geometry":{"type":"MultiPolygon","coordinates":[[[[126.51351,37.72322],[126.51356,37.72031],[126.51309,37.71939],[126.51249,37.71917],[126.51286,37.71885],[126.51273,37.71712],[126.51221,37.71702],[126.51255,37.71683],[126.51271,37.71465],[126.51318,37.71451],[126.51356,37.71302],[126.51501,37.70992],[126.51421,37.70997],[126.51441,37.70952],[126.51501,37.70912],[126.51535,37.70944],[126.51712,37.70754],[126.51698,37.70716],[126.51719,37.70688],[126.51751,37.7072],[126.51957,37.70571],[126.51987,37.70596],[126.52072,37.70575],[126.52055,37.70531],[126.5209,37.70497],[126.52535,37.70188],[126.52389,37.70127],[126.52366,37.70063],[126.52265,37.70064],[126.52303,37.70032],[126.5216,37.6983],[126.5209,37.69645],[126.52015,37.69337],[126.52014,37.69096],[126.51967,37.69068],[126.51964,37.69027],[126.51856,37.69042],[126.51794,37.6902],[126.51752,37.69108],[126.5154,37.69206],[126.51486,37.69288],[126.51318,37.694],[126.51283,37.69379],[126.51218,37.69453],[126.51255,37.69463],[126.51068,37.6954],[126.50904,37.69536],[126.50794,37.69501],[126.50552,37.69539],[126.50392,37.69529],[126.50018,37.69628],[126.49912,37.696],[126.49796,37.69607],[126.49716,37.69644],[126.49589,37.69626],[126.49546,37.69669],[126.49096,37.69663],[126.48986,37.69717],[126.48942,37.69793],[126.48832,37.69854],[126.48659,37.69891],[126.48625,37.69864],[126.48142,37.69982],[126.48083,37.6996],[126.46658,37.70114],[126.4671,37.70827],[126.46499,37.70866],[126.46468,37.71162],[126.46345,37.71296],[126.46392,37.71302],[126.46379,37.71338],[126.46136,37.7136],[126.46084,37.71454],[126.46094,37.71484],[126.46019,37.71572],[126.45808,37.71704],[126.45794,37.71781],[126.45314,37.71837],[126.44959,37.71927],[126.44819,37.71839],[126.44592,37.71819],[126.44238,37.71936],[126.44096,37.71951],[126.44062,37.72039],[126.43995,37.72045],[126.43828,37.72154],[126.43765,37.72237],[126.43799,37.72384],[126.43734,37.7263],[126.44204,37.72848],[126.4445,37.72921],[126.44814,37.73119],[126.44954,37.73157],[126.45232,37.73062],[126.45247,37.73098],[126.45349,37.73127],[126.45358,37.73158],[126.45422,37.73187],[126.45532,37.73177],[126.45657,37.73219],[126.45721,37.73209],[126.45695,37.73318],[126.45841,37.73383],[126.45864,37.73502],[126.45992,37.7353],[126.46559,37.73528],[126.46641,37.73557],[126.4662,37.7359],[126.46643,37.73595],[126.46814,37.73573],[126.4672,37.73329],[126.46813,37.73216],[126.46892,37.73048],[126.47094,37.72983],[126.47261,37.72797],[126.47607,37.72844],[126.47674,37.72831],[126.48021,37.72977],[126.4832,37.73238],[126.48671,37.73363],[126.48781,37.73436],[126.4887,37.73568],[126.49381,37.73705],[126.49675,37.7364],[126.49714,37.73657],[126.49858,37.73591],[126.5001,37.73479],[126.50152,37.73416],[126.50197,37.73344],[126.50328,37.73239],[126.50584,37.73277],[126.50787,37.73018],[126.50934,37.73028],[126.5106,37.73003],[126.51139,37.73046],[126.51501,37.73094],[126.51683,37.73271],[126.51748,37.73258],[126.51777,37.73192],[126.51685,37.73121],[126.5139,37.72583],[126.51356,37.72331],[126.51392,37.72321],[126.51351,37.72322]]]]}},{"type":"Feature","properties":{"EMD_CD":"28710380","EMD_KOR_NM":"양사면","sgg":"강화군","adm_nm":"인천광역시 강화군 양사면","sido":"인천"},"geometry":{"type":"MultiPolygon","coordinates":[[[[126.43122,37.82987],[126.43378,37.82957],[126.43632,37.82884],[126.43673,37.82912],[126.43726,37.82896],[126.43713,37.82835],[126.4375,37.82676],[126.43828,37.82573],[126.43906,37.82575],[126.43866,37.82462],[126.43943,37.82391],[126.43996,37.82385],[126.44159,37.822],[126.44161,37.82125],[126.44101,37.82067],[126.44191,37.82131],[126.44212,37.82187],[126.44278,37.82158],[126.44408,37.82197],[126.44442,37.82171],[126.44451,37.82112],[126.44487,37.82121],[126.44457,37.82056],[126.44464,37.81929],[126.44571,37.81821],[126.44552,37.8178],[126.44611,37.81776],[126.44773,37.81597],[126.44802,37.81529],[126.44822,37.81538],[126.45085,37.81251],[126.45001,37.81207],[126.44889,37.8127],[126.44817,37.81229],[126.44721,37.81224],[126.44692,37.8117],[126.44899,37.81225],[126.45071,37.81161],[126.44894,37.8105],[126.44843,37.80959],[126.4475,37.80925],[126.44608,37.80704],[126.44534,37.80677],[126.44327,37.80687],[126.44275,37.80645],[126.44148,37.80427],[126.43959,37.80322],[126.43866,37.8015],[126.43803,37.80102],[126.43484,37.79985],[126.4322,37.79783],[126.43022,37.79704],[126.42919,37.79572],[126.42917,37.79507],[126.42879,37.79468],[126.42927,37.79362],[126.42747,37.79033],[126.42284,37.78638],[126.42132,37.78553],[126.42054,37.78425],[126.4168,37.78322],[126.41558,37.7841],[126.41472,37.78552],[126.41442,37.78542],[126.41264,37.78619],[126.41127,37.78747],[126.40921,37.7878],[126.40777,37.78892],[126.40722,37.79005],[126.40643,37.79012],[126.40434,37.78894],[126.40148,37.78905],[126.40096,37.7885],[126.4013,37.78749],[126.39977,37.78652],[126.39948,37.78598],[126.39892,37.78622],[126.39603,37.78488],[126.39521,37.78429],[126.3952,37.78348],[126.39334,37.78221],[126.3917,37.78188],[126.39099,37.78111],[126.38984,37.78049],[126.38909,37.78095],[126.38745,37.78116],[126.38546,37.77964],[126.38418,37.7798],[126.38319,37.7803],[126.38219,37.77959],[126.38115,37.77973],[126.37926,37.77833],[126.37768,37.77782],[126.37618,37.77414],[126.3757,37.77381],[126.37151,37.7739],[126.37098,37.7749],[126.36884,37.77549],[126.36585,37.77486],[126.36417,37.77536],[126.36401,37.77667],[126.36284,37.77702],[126.36185,37.7782],[126.361,37.77802],[126.35922,37.77882],[126.35814,37.77831],[126.35493,37.77913],[126.35514,37.78146],[126.35411,37.78194],[126.35325,37.78513],[126.35443,37.78518],[126.35424,37.78628],[126.35286,37.78705],[126.35058,37.78957],[126.35207,37.79194],[126.35318,37.79217],[126.35363,37.79183],[126.35521,37.79178],[126.36095,37.79543],[126.36173,37.79542],[126.36438,37.7968],[126.36652,37.7985],[126.36777,37.79922],[126.36829,37.79924],[126.37002,37.80071],[126.37102,37.80117],[126.37174,37.80114],[126.37201,37.80144],[126.3751,37.8023],[126.3776,37.8026],[126.37828,37.80363],[126.37896,37.80317],[126.37992,37.80301],[126.38007,37.80337],[126.38323,37.80395],[126.38818,37.80671],[126.3891,37.80806],[126.38948,37.80945],[126.39044,37.81117],[126.39075,37.81249],[126.39186,37.81533],[126.39275,37.81674],[126.39362,37.81935],[126.394,37.82107],[126.39387,37.82193],[126.39201,37.82275],[126.39265,37.82339],[126.39383,37.82287],[126.40064,37.82329],[126.40236,37.82216],[126.40638,37.82165],[126.40922,37.82212],[126.4119,37.82315],[126.41523,37.8214],[126.4169,37.82196],[126.41953,37.82385],[126.42061,37.82413],[126.42029,37.82465],[126.42086,37.82493],[126.42145,37.82629],[126.42279,37.82603],[126.42553,37.82805],[126.4266,37.82998],[126.42709,37.8302],[126.42669,37.83075],[126.42766,37.83162],[126.42809,37.83163],[126.42831,37.83123],[126.42814,37.83099],[126.43122,37.82987]]]]}},{"type":"Feature","properties":{"EMD_CD":"28710390","EMD_KOR_NM":"송해면","sgg":"강화군","adm_nm":"인천광역시 강화군 송해면","sido":"인천"},"geometry":{"type":"MultiPolygon","coordinates":[[[[126.45071,37.81161],[126.45098,37.81108],[126.45092,37.81132],[126.45194,37.81142],[126.45565,37.80853],[126.4612,37.80513],[126.46785,37.80189],[126.46853,37.80203],[126.46838,37.80175],[126.47276,37.79834],[126.47903,37.79428],[126.47926,37.79444],[126.48756,37.78957],[126.48694,37.78875],[126.48733,37.78789],[126.48594,37.78689],[126.485,37.78683],[126.48503,37.78507],[126.48473,37.78424],[126.48382,37.78389],[126.48421,37.78325],[126.48266,37.7818],[126.48452,37.77008],[126.48475,37.77014],[126.48457,37.76993],[126.48536,37.76514],[126.48517,37.76349],[126.48317,37.76279],[126.48346,37.76255],[126.48346,37.76188],[126.48465,37.76086],[126.48436,37.76051],[126.48435,37.75938],[126.48264,37.75856],[126.48205,37.75861],[126.48114,37.75792],[126.48051,37.75657],[126.47776,37.75552],[126.47609,37.75612],[126.47553,37.75688],[126.47356,37.75704],[126.47327,37.75755],[126.47263,37.75751],[126.47239,37.75876],[126.47067,37.75912],[126.4701,37.75687],[126.46914,37.75633],[126.46918,37.75603],[126.46864,37.75584],[126.46814,37.75492],[126.46696,37.75392],[126.46678,37.75318],[126.46729,37.7522],[126.46672,37.75086],[126.4663,37.75051],[126.46496,37.75049],[126.46176,37.7491],[126.45866,37.74843],[126.45744,37.74786],[126.45616,37.74821],[126.45369,37.74951],[126.45159,37.74878],[126.45044,37.7493],[126.44928,37.74917],[126.44757,37.74768],[126.44669,37.7464],[126.4455,37.74585],[126.44453,37.74575],[126.44376,37.74498],[126.44007,37.7446],[126.44129,37.74619],[126.44095,37.74681],[126.44245,37.7493],[126.44339,37.75258],[126.44217,37.75505],[126.44319,37.75654],[126.44271,37.75781],[126.44298,37.7585],[126.44259,37.75913],[126.44268,37.76062],[126.44401,37.76382],[126.44601,37.76482],[126.4446,37.76566],[126.44353,37.7678],[126.44482,37.76909],[126.44368,37.76937],[126.4405,37.77164],[126.44175,37.7719],[126.44208,37.77353],[126.44438,37.77562],[126.44409,37.77643],[126.44415,37.77752],[126.4436,37.77825],[126.44415,37.77874],[126.44442,37.77994],[126.44394,37.78035],[126.44377,37.78108],[126.44157,37.78103],[126.44083,37.78129],[126.44156,37.78305],[126.44147,37.78338],[126.44076,37.78321],[126.44053,37.7844],[126.44091,37.78476],[126.4418,37.78483],[126.44092,37.78821],[126.43975,37.7881],[126.43902,37.7891],[126.43839,37.78922],[126.43614,37.78905],[126.43485,37.78847],[126.434,37.78847],[126.43287,37.7889],[126.43206,37.78965],[126.42954,37.79022],[126.42747,37.79033],[126.42927,37.79362],[126.42879,37.79468],[126.42917,37.79507],[126.42919,37.79572],[126.43022,37.79704],[126.4322,37.79783],[126.43484,37.79985],[126.43803,37.80102],[126.43866,37.8015],[126.43959,37.80322],[126.44148,37.80427],[126.44275,37.80645],[126.44327,37.80687],[126.44534,37.80677],[126.44608,37.80704],[126.4475,37.80925],[126.44843,37.80959],[126.44894,37.8105],[126.45071,37.81161]]]]}},{"type":"Feature","properties":{"EMD_CD":"28710400","EMD_KOR_NM":"교동면","sgg":"강화군","adm_nm":"인천광역시 강화군 교동면","sido":"인천"},"geometry":{"type":"MultiPolygon","coordinates":[[[[126.27293,37.77001],[126.27222,37.76911],[126.27106,37.76913],[126.27069,37.76868],[126.26806,37.76827],[126.26713,37.76778],[126.26602,37.76805],[126.26363,37.76769],[126.26242,37.76857],[126.26202,37.76843],[126.26266,37.76788],[126.2629,37.76681],[126.25999,37.76424],[126.25493,37.76505],[126.25133,37.76515],[126.24995,37.76572],[126.24907,37.76544],[126.24827,37.7656],[126.24761,37.76427],[126.24366,37.76273],[126.24247,37.76381],[126.24199,37.76369],[126.24043,37.76178],[126.24124,37.76023],[126.24057,37.75903],[126.24067,37.7585],[126.2403,37.75781],[126.23717,37.75517],[126.23652,37.75497],[126.23666,37.7548],[126.23594,37.75444],[126.2363,37.75448],[126.23482,37.75333],[126.23445,37.75289],[126.23493,37.75308],[126.23275,37.75108],[126.22666,37.75352],[126.222,37.75637],[126.22108,37.75746],[126.22099,37.75844],[126.21474,37.76336],[126.21245,37.76473],[126.20756,37.76834],[126.20467,37.76803],[126.20496,37.76853],[126.20472,37.76879],[126.2033,37.76909],[126.20319,37.76933],[126.20448,37.76977],[126.20466,37.7712],[126.20379,37.77236],[126.20409,37.77269],[126.20623,37.77314],[126.20656,37.77354],[126.20727,37.77356],[126.2076,37.77404],[126.20843,37.77375],[126.21066,37.77413],[126.21635,37.77816],[126.21651,37.77877],[126.21605,37.77959],[126.21632,37.7799],[126.21701,37.77993],[126.21752,37.78073],[126.21785,37.78317],[126.2197,37.78405],[126.2212,37.78543],[126.22134,37.78572],[126.22074,37.7867],[126.22085,37.78759],[126.22173,37.78662],[126.2222,37.78691],[126.22235,37.78797],[126.22299,37.78859],[126.22252,37.7895],[126.22294,37.79158],[126.2219,37.79176],[126.22135,37.79218],[126.21991,37.79219],[126.21912,37.79305],[126.21876,37.79554],[126.22027,37.79637],[126.22058,37.79779],[126.22105,37.79815],[126.2218,37.79785],[126.22272,37.79933],[126.22398,37.80025],[126.22364,37.80146],[126.2228,37.80269],[126.22322,37.80504],[126.22791,37.80794],[126.23371,37.81087],[126.23343,37.81173],[126.23405,37.81208],[126.23506,37.81348],[126.23638,37.814],[126.23834,37.81628],[126.23957,37.81646],[126.24052,37.8173],[126.24224,37.81661],[126.24324,37.81572],[126.24545,37.81526],[126.24673,37.81455],[126.25024,37.81458],[126.25178,37.81493],[126.25319,37.81467],[126.25471,37.81509],[126.25691,37.81459],[126.25776,37.81513],[126.25848,37.81494],[126.26091,37.81621],[126.26143,37.81609],[126.26371,37.8177],[126.26452,37.81779],[126.26552,37.81705],[126.26638,37.81528],[126.26927,37.81435],[126.27006,37.81434],[126.27073,37.81403],[126.27072,37.81375],[126.27131,37.81375],[126.27154,37.81332],[126.27308,37.81377],[126.27685,37.81128],[126.28316,37.808],[126.29387,37.80392],[126.29452,37.80158],[126.29548,37.80215],[126.29766,37.80213],[126.29982,37.80275],[126.30105,37.80338],[126.30116,37.80372],[126.30214,37.80333],[126.30249,37.80275],[126.30266,37.80292],[126.30503,37.80251],[126.30612,37.80212],[126.30669,37.80246],[126.30804,37.8025],[126.31321,37.80197],[126.31367,37.8023],[126.31481,37.80228],[126.32168,37.80441],[126.32249,37.80503],[126.3235,37.80668],[126.32356,37.80713],[126.32315,37.8075],[126.32345,37.80801],[126.32429,37.8082],[126.32492,37.80787],[126.32521,37.80701],[126.32571,37.80659],[126.32753,37.80584],[126.328,37.80596],[126.32854,37.80521],[126.32811,37.8049],[126.32844,37.80373],[126.32952,37.802],[126.33083,37.80127],[126.33211,37.79966],[126.33468,37.7983],[126.33511,37.79761],[126.33337,37.79693],[126.33222,37.79579],[126.33125,37.79528],[126.33064,37.7941],[126.33009,37.79384],[126.33052,37.79328],[126.33038,37.79146],[126.33131,37.78965],[126.33103,37.78914],[126.33021,37.78914],[126.3283,37.78813],[126.32707,37.78786],[126.32718,37.78771],[126.32624,37.78701],[126.32608,37.7872],[126.32537,37.78694],[126.32466,37.787],[126.32454,37.78725],[126.32325,37.78717],[126.32329,37.7866],[126.32525,37.78647],[126.32188,37.78258],[126.32103,37.78197],[126.31976,37.78002],[126.31852,37.77926],[126.31759,37.77779],[126.3172,37.77619],[126.3175,37.77505],[126.31653,37.77376],[126.31577,37.77399],[126.31233,37.77293],[126.30574,37.77035],[126.30495,37.77062],[126.30427,37.76984],[126.30026,37.76769],[126.29952,37.76699],[126.29783,37.76684],[126.29669,37.76609],[126.29234,37.76468],[126.29168,37.76371],[126.29132,37.76365],[126.2914,37.76313],[126.29084,37.76287],[126.29019,37.76311],[126.2883,37.76499],[126.28696,37.7655],[126.28663,37.76607],[126.28359,37.76729],[126.28369,37.76755],[126.27987,37.7688],[126.27855,37.76894],[126.27602,37.76848],[126.27549,37.76876],[126.27497,37.76958],[126.27293,37.77001]]],[[[126.21476,37.8085],[126.21392,37.80914],[126.21444,37.81028],[126.21522,37.80983],[126.21517,37.80894],[126.21476,37.8085]]],[[[126.2088,37.77531],[126.20827,37.77566],[126.20864,37.77607],[126.20898,37.77565],[126.2088,37.77531]]]]}},{"type":"Feature","properties":{"EMD_CD":"28710420","EMD_KOR_NM":"서도면","sgg":"강화군","adm_nm":"인천광역시 강화군 서도면","sido":"인천"},"geometry":{"type":"MultiPolygon","coordinates":[[[[126.17123,37.66921],[126.17087,37.66888],[126.1699,37.66909],[126.16836,37.66876],[126.16843,37.66757],[126.16812,37.66738],[126.16847,37.66675],[126.16774,37.66695],[126.16568,37.66805],[126.16518,37.66883],[126.16087,37.67046],[126.15971,37.67233],[126.15869,37.67251],[126.15803,37.67213],[126.15794,37.67253],[126.15603,37.67276],[126.15627,37.6732],[126.15595,37.67449],[126.15646,37.6749],[126.15604,37.67584],[126.15531,37.67622],[126.15495,37.67683],[126.15641,37.67729],[126.15641,37.67624],[126.15679,37.67587],[126.15791,37.67553],[126.15917,37.6756],[126.16117,37.67644],[126.16171,37.67716],[126.16152,37.67786],[126.16182,37.67823],[126.16433,37.67744],[126.16771,37.67912],[126.16837,37.67739],[126.1708,37.67642],[126.17336,37.67661],[126.17438,37.67708],[126.1747,37.67681],[126.18378,37.68126],[126.18385,37.68168],[126.18456,37.68228],[126.18458,37.68285],[126.18495,37.68295],[126.1859,37.68428],[126.18667,37.68455],[126.18691,37.6838],[126.18879,37.68395],[126.19078,37.68531],[126.19301,37.68742],[126.1926,37.68798],[126.1929,37.68831],[126.19407,37.68847],[126.19453,37.68834],[126.19461,37.68798],[126.19586,37.68827],[126.19605,37.688],[126.19537,37.68622],[126.19521,37.68482],[126.19585,37.68397],[126.19563,37.68353],[126.19573,37.68205],[126.19736,37.67904],[126.20053,37.67554],[126.20492,37.66954],[126.20466,37.66926],[126.20532,37.6693],[126.20626,37.66883],[126.20876,37.66695],[126.20995,37.66674],[126.21039,37.66692],[126.21104,37.66659],[126.21116,37.66598],[126.21072,37.66572],[126.21093,37.66563],[126.21052,37.66509],[126.21115,37.66484],[126.21009,37.66492],[126.21027,37.66544],[126.2091,37.66388],[126.20581,37.66132],[126.20452,37.65941],[126.20467,37.65876],[126.20673,37.65735],[126.20785,37.6559],[126.20789,37.65524],[126.20742,37.65515],[126.20508,37.65697],[126.20008,37.65817],[126.19922,37.65829],[126.19866,37.65803],[126.19766,37.65855],[126.19549,37.65877],[126.1945,37.65936],[126.19455,37.65971],[126.19434,37.6591],[126.1936,37.65913],[126.1928,37.65817],[126.19127,37.65742],[126.18993,37.65759],[126.18919,37.65801],[126.18939,37.65835],[126.19115,37.65886],[126.19271,37.66032],[126.19205,37.66222],[126.19062,37.66363],[126.19066,37.66421],[126.19028,37.66464],[126.19063,37.66474],[126.19044,37.66487],[126.1901,37.66449],[126.18507,37.66765],[126.17878,37.6706],[126.17678,37.67035],[126.17497,37.67066],[126.17441,37.67043],[126.17429,37.66997],[126.17453,37.66965],[126.17422,37.66934],[126.17295,37.66947],[126.17123,37.66921]]],[[[126.23614,37.65518],[126.23593,37.65456],[126.2367,37.65411],[126.23644,37.65366],[126.23911,37.652],[126.23967,37.65245],[126.24065,37.65262],[126.24328,37.65232],[126.24722,37.6529],[126.24761,37.65272],[126.24908,37.65337],[126.2508,37.65356],[126.25345,37.65349],[126.25469,37.65238],[126.2562,37.6518],[126.25687,37.65101],[126.25681,37.65001],[126.25584,37.64994],[126.25476,37.64942],[126.25405,37.64867],[126.25469,37.64807],[126.25377,37.64679],[126.25266,37.64314],[126.25129,37.6431],[126.25152,37.64238],[126.25083,37.63882],[126.25091,37.6378],[126.25215,37.63546],[126.25189,37.6352],[126.25133,37.6355],[126.25201,37.63454],[126.25242,37.63307],[126.25344,37.63204],[126.25555,37.63101],[126.26026,37.62938],[126.26178,37.62808],[126.26217,37.62624],[126.26339,37.62549],[126.26228,37.62531],[126.2622,37.625],[126.2615,37.62521],[126.26124,37.62614],[126.26153,37.62649],[126.25811,37.62806],[126.25638,37.62945],[126.25636,37.62926],[126.25221,37.62996],[126.24618,37.63182],[126.23957,37.63562],[126.23635,37.63797],[126.23576,37.63796],[126.23464,37.63909],[126.23371,37.63877],[126.23365,37.6398],[126.23292,37.64098],[126.23187,37.64188],[126.22561,37.65051],[126.22315,37.65194],[126.22319,37.65243],[126.22284,37.65291],[126.22279,37.65373],[126.22336,37.65405],[126.22481,37.65342],[126.22568,37.65232],[126.22793,37.65197],[126.22802,37.65123],[126.23119,37.65344],[126.23152,37.65437],[126.23109,37.65503],[126.23119,37.65534],[126.23284,37.6557],[126.23375,37.65559],[126.23463,37.65467],[126.23567,37.65453],[126.23614,37.65518]]],[[[126.12439,37.69079],[126.12486,37.69181],[126.12578,37.69196],[126.12651,37.69284],[126.1269,37.69265],[126.12674,37.69228],[126.12805,37.69085],[126.13088,37.6907],[126.13216,37.69117],[126.13272,37.69192],[126.13346,37.69168],[126.13399,37.69134],[126.13411,37.69078],[126.13252,37.68951],[126.13235,37.68908],[126.13459,37.6871],[126.13592,37.68646],[126.13648,37.68742],[126.13783,37.68606],[126.1394,37.68583],[126.14004,37.68624],[126.14113,37.68622],[126.14296,37.6856],[126.14336,37.68528],[126.14255,37.68335],[126.14284,37.68289],[126.14371,37.68294],[126.14412,37.68265],[126.14435,37.68155],[126.14358,37.68131],[126.14109,37.68151],[126.13897,37.68074],[126.13768,37.68122],[126.13742,37.68201],[126.13676,37.6823],[126.13564,37.68261],[126.13415,37.68252],[126.13234,37.68281],[126.13176,37.68345],[126.131,37.68377],[126.12969,37.68389],[126.12917,37.68384],[126.12882,37.68358],[126.12877,37.68308],[126.12691,37.68196],[126.12647,37.68255],[126.12689,37.68299],[126.12663,37.68355],[126.12565,37.68418],[126.12594,37.68486],[126.12555,37.68546],[126.12704,37.68565],[126.12532,37.68596],[126.12498,37.68638],[126.12534,37.68689],[126.12529,37.6873],[126.12565,37.68753],[126.12547,37.68801],[126.1248,37.68644],[126.12446,37.6863],[126.12385,37.68671],[126.12222,37.68659],[126.12222,37.68735],[126.12299,37.6888],[126.12278,37.68995],[126.12439,37.69079]]],[[[126.22422,37.66571],[126.226,37.66532],[126.22957,37.66317],[126.23162,37.66285],[126.23234,37.66199],[126.23374,37.6616],[126.23717,37.66154],[126.23901,37.66182],[126.24033,37.66213],[126.24074,37.66312],[126.24166,37.66323],[126.2423,37.66295],[126.24303,37.66212],[126.2417,37.66162],[126.24155,37.66132],[126.239,37.66174],[126.23654,37.66111],[126.23371,37.65965],[126.23269,37.65998],[126.2303,37.65963],[126.22774,37.66004],[126.22625,37.65957],[126.22606,37.65941],[126.2264,37.65925],[126.22562,37.65886],[126.22341,37.6584],[126.22304,37.65895],[126.22346,37.65904],[126.22369,37.65994],[126.22326,37.66004],[126.22389,37.66033],[126.22392,37.66061],[126.22377,37.66135],[126.22257,37.66327],[126.22293,37.66459],[126.22228,37.66549],[126.22422,37.66571]]],[[[125.96643,37.62079],[125.96686,37.62076],[125.96676,37.6213],[125.9671,37.62125],[125.9672,37.62152],[125.96826,37.62132],[125.97022,37.61941],[125.97007,37.61873],[125.96956,37.6183],[125.96858,37.61843],[125.96847,37.61813],[125.96721,37.61798],[125.96721,37.61761],[125.96633,37.61749],[125.96619,37.61681],[125.96668,37.61602],[125.96336,37.61622],[125.96295,37.61756],[125.96348,37.61844],[125.96503,37.61972],[125.9652,37.62044],[125.96643,37.62079]]],[[[126.2694,37.65098],[126.26908,37.65138],[126.26913,37.65252],[126.26861,37.65333],[126.27005,37.65412],[126.27093,37.65331],[126.27088,37.65301],[126.2694,37.65098]]],[[[126.21706,37.61815],[126.2156,37.61848],[126.21428,37.61827],[126.2142,37.61852],[126.21481,37.61935],[126.21634,37.61877],[126.21729,37.6193],[126.21756,37.62019],[126.21693,37.62016],[126.21659,37.62057],[126.21709,37.62078],[126.21738,37.62044],[126.21849,37.62054],[126.21854,37.62016],[126.21726,37.61883],[126.21706,37.61815]]],[[[126.0276,37.67835],[126.02834,37.67829],[126.02857,37.67775],[126.0268,37.67738],[126.02608,37.67787],[126.02623,37.67816],[126.0276,37.67835]]],[[[126.26988,37.61961],[126.26897,37.62085],[126.27011,37.62044],[126.26988,37.61961]]],[[[126.21924,37.66413],[126.21848,37.66497],[126.21972,37.66499],[126.21924,37.66413]]],[[[126.12426,37.68407],[126.12412,37.68433],[126.12475,37.68571],[126.12495,37.68523],[126.12459,37.68499],[126.12426,37.68407]]],[[[126.12579,37.68323],[126.1249,37.68328],[126.12462,37.68365],[126.12636,37.68333],[126.12579,37.68323]]],[[[126.20154,37.68835],[126.20144,37.68912],[126.20174,37.68952],[126.20184,37.68901],[126.20154,37.68835]]],[[[125.95911,37.62018],[125.95941,37.61956],[125.95874,37.62006],[125.95911,37.62018]]],[[[126.26057,37.62291],[126.26045,37.62339],[126.26095,37.62307],[126.26057,37.62291]]]]}},{"type":"Feature","properties":{"EMD_CD":"28720330","EMD_KOR_NM":"백령면","sgg":"옹진군","adm_nm":"인천광역시 옹진군 백령면","sido":"인천"},"geometry":{"type":"MultiPolygon","coordinates":[[[[124.68717,37.98047],[124.68978,37.98009],[124.69088,37.97961],[124.693,37.97991],[124.69361,37.9795],[124.69495,37.98016],[124.69589,37.98195],[124.69734,37.98242],[124.69735,37.98317],[124.69806,37.98324],[124.69749,37.98313],[124.69745,37.98263],[124.69824,37.98242],[124.69836,37.98333],[124.69851,37.98239],[124.69977,37.98335],[124.70149,37.9832],[124.70473,37.98366],[124.70574,37.98359],[124.70615,37.9832],[124.70737,37.98326],[124.70776,37.98312],[124.70809,37.98249],[124.70936,37.98222],[124.71192,37.98262],[124.71292,37.98318],[124.71551,37.98258],[124.71617,37.98293],[124.7183,37.9827],[124.71922,37.98233],[124.71946,37.98177],[124.7199,37.98171],[124.7203,37.98198],[124.72098,37.98172],[124.72167,37.9822],[124.722,37.982],[124.72174,37.98153],[124.72244,37.9803],[124.72371,37.97965],[124.72356,37.97947],[124.72585,37.97893],[124.72652,37.97932],[124.72972,37.97812],[124.72989,37.97744],[124.72956,37.97684],[124.72997,37.97623],[124.73083,37.97576],[124.73055,37.97451],[124.73076,37.97237],[124.73048,37.97196],[124.73059,37.97072],[124.73124,37.97106],[124.73134,37.96852],[124.73267,37.96576],[124.73405,37.96536],[124.73416,37.96468],[124.73508,37.9637],[124.73735,37.96232],[124.73882,37.96213],[124.74044,37.9614],[124.74273,37.96236],[124.74402,37.96256],[124.7443,37.9624],[124.74421,37.96184],[124.74537,37.96145],[124.74602,37.96042],[124.7462,37.95914],[124.74578,37.95877],[124.74531,37.95747],[124.74099,37.95708],[124.74111,37.95741],[124.74046,37.95846],[124.73993,37.95861],[124.73947,37.95835],[124.73752,37.95929],[124.73734,37.96089],[124.73663,37.96161],[124.73436,37.96255],[124.73295,37.96234],[124.72984,37.96089],[124.73009,37.96049],[124.72962,37.95909],[124.72965,37.95828],[124.7304,37.95708],[124.73551,37.95652],[124.73546,37.95463],[124.73749,37.95452],[124.73744,37.95389],[124.73822,37.95388],[124.73521,37.95401],[124.73446,37.95519],[124.73442,37.95636],[124.73397,37.95597],[124.73392,37.95523],[124.73517,37.95372],[124.73495,37.95357],[124.7355,37.95268],[124.73495,37.9515],[124.73365,37.9521],[124.73305,37.95191],[124.73273,37.95124],[124.73151,37.95108],[124.73164,37.95136],[124.73115,37.95144],[124.73077,37.95117],[124.73044,37.95185],[124.7301,37.95195],[124.73106,37.95181],[124.7312,37.95231],[124.73147,37.95235],[124.73087,37.9526],[124.73027,37.95457],[124.72744,37.95467],[124.7247,37.95403],[124.72459,37.95421],[124.72315,37.9536],[124.71787,37.94933],[124.71361,37.94638],[124.70914,37.9445],[124.70777,37.94481],[124.7079,37.9446],[124.704,37.93889],[124.70425,37.9385],[124.70356,37.93861],[124.70334,37.9384],[124.70395,37.93791],[124.70378,37.9377],[124.70308,37.93825],[124.69942,37.93824],[124.6998,37.93741],[124.70191,37.93805],[124.7028,37.93797],[124.70294,37.93712],[124.70245,37.93533],[124.70299,37.93485],[124.7029,37.9343],[124.70381,37.93366],[124.70401,37.93286],[124.70343,37.9319],[124.70351,37.931],[124.70228,37.93053],[124.70012,37.92836],[124.69803,37.92501],[124.69803,37.92392],[124.69868,37.92405],[124.69789,37.92367],[124.69864,37.92357],[124.69925,37.92397],[124.69866,37.92349],[124.69766,37.92376],[124.69819,37.92288],[124.69832,37.92193],[124.69943,37.92133],[124.70008,37.92046],[124.69993,37.91991],[124.69925,37.91926],[124.69779,37.91898],[124.69666,37.91789],[124.69626,37.91707],[124.69433,37.9171],[124.69339,37.91745],[124.69122,37.91659],[124.69069,37.91554],[124.69012,37.9152],[124.68881,37.91533],[124.68793,37.91697],[124.68847,37.91721],[124.68846,37.91768],[124.68714,37.91893],[124.68558,37.91871],[124.68515,37.91834],[124.68456,37.91892],[124.68488,37.91916],[124.6847,37.91999],[124.68325,37.92177],[124.68259,37.92185],[124.6815,37.92287],[124.67973,37.92301],[124.68041,37.92284],[124.67699,37.92243],[124.67676,37.92288],[124.67442,37.92327],[124.67301,37.92267],[124.67264,37.92334],[124.67229,37.92343],[124.673,37.9223],[124.67389,37.92288],[124.67425,37.92278],[124.67348,37.92212],[124.67437,37.92262],[124.67464,37.92247],[124.67339,37.92202],[124.67331,37.92173],[124.67497,37.92145],[124.673,37.92136],[124.67192,37.92018],[124.67057,37.92077],[124.67072,37.92112],[124.66919,37.9223],[124.66828,37.92225],[124.66779,37.92294],[124.66712,37.92297],[124.66692,37.92335],[124.6644,37.92376],[124.66219,37.92283],[124.66128,37.92292],[124.65885,37.92223],[124.65881,37.92187],[124.65773,37.92164],[124.65573,37.92182],[124.65591,37.92258],[124.65542,37.92224],[124.65519,37.92248],[124.65631,37.92297],[124.65684,37.92289],[124.65624,37.92388],[124.65641,37.92411],[124.65481,37.92471],[124.65371,37.92462],[124.65345,37.92504],[124.65344,37.92403],[124.65381,37.92303],[124.65336,37.92408],[124.65205,37.92446],[124.65148,37.92421],[124.65152,37.92386],[124.65135,37.92418],[124.65046,37.92403],[124.64982,37.9233],[124.6464,37.92297],[124.64441,37.92326],[124.64454,37.9236],[124.64433,37.92367],[124.64356,37.92359],[124.64293,37.92437],[124.6433,37.92386],[124.64334,37.92355],[124.64307,37.92345],[124.64247,37.92383],[124.63944,37.9239],[124.63898,37.92355],[124.63739,37.92395],[124.63689,37.92549],[124.63704,37.92659],[124.63681,37.92701],[124.63611,37.92711],[124.63582,37.9275],[124.63648,37.92797],[124.63583,37.92889],[124.63577,37.9295],[124.63495,37.92956],[124.6352,37.9308],[124.63363,37.93278],[124.6334,37.93444],[124.63262,37.93549],[124.63274,37.93626],[124.63144,37.93778],[124.63047,37.93964],[124.62901,37.94066],[124.6286,37.94126],[124.62851,37.94287],[124.6273,37.94594],[124.62738,37.94763],[124.62698,37.94821],[124.62575,37.95247],[124.62628,37.95263],[124.62583,37.95437],[124.62484,37.95505],[124.6245,37.95565],[124.62379,37.95564],[124.62302,37.95697],[124.61525,37.96036],[124.61308,37.96046],[124.6117,37.96141],[124.61166,37.96181],[124.61237,37.96217],[124.6114,37.96311],[124.61128,37.96403],[124.61173,37.96431],[124.61211,37.96538],[124.61137,37.96675],[124.61213,37.96738],[124.60971,37.96995],[124.61134,37.9713],[124.6123,37.97116],[124.61377,37.97261],[124.61372,37.97323],[124.61496,37.97423],[124.61475,37.97508],[124.6152,37.97601],[124.61578,37.97693],[124.61626,37.97696],[124.61679,37.97953],[124.61747,37.97923],[124.61786,37.97811],[124.61726,37.97587],[124.6182,37.97498],[124.61875,37.97505],[124.61877,37.97539],[124.61882,37.97504],[124.6192,37.975],[124.6195,37.97502],[124.61947,37.9753],[124.61959,37.97504],[124.62041,37.97527],[124.62009,37.97494],[124.62021,37.97457],[124.6208,37.97456],[124.62104,37.97476],[124.62049,37.97574],[124.62056,37.97792],[124.62163,37.97782],[124.6249,37.97586],[124.62752,37.97486],[124.62985,37.97457],[124.62995,37.97369],[124.63224,37.97195],[124.6341,37.97207],[124.63742,37.96971],[124.63853,37.96844],[124.63921,37.96885],[124.64047,37.96875],[124.64259,37.9691],[124.64357,37.96972],[124.64569,37.97022],[124.6464,37.97089],[124.64742,37.97329],[124.64704,37.97233],[124.64778,37.97185],[124.64975,37.97328],[124.65091,37.97333],[124.65186,37.97393],[124.65117,37.97508],[124.65173,37.97488],[124.6521,37.97422],[124.65402,37.9738],[124.65466,37.97312],[124.65546,37.97299],[124.65612,37.97329],[124.6562,37.97372],[124.65934,37.97399],[124.66029,37.97519],[124.65967,37.97604],[124.66185,37.97616],[124.66377,37.97592],[124.66542,37.97639],[124.66615,37.97721],[124.66699,37.97688],[124.66801,37.97721],[124.67001,37.97862],[124.67098,37.97995],[124.6708,37.98102],[124.67193,37.98093],[124.67322,37.98125],[124.67401,37.98104],[124.67445,37.98161],[124.6755,37.98141],[124.67516,37.98008],[124.67471,37.9802],[124.6748,37.97971],[124.67482,37.98008],[124.67588,37.97947],[124.67862,37.97936],[124.68063,37.97977],[124.68286,37.98114],[124.68405,37.98083],[124.68343,37.97955],[124.68471,37.98072],[124.68281,37.98171],[124.68368,37.98284],[124.68341,37.98374],[124.68462,37.9842],[124.68592,37.98421],[124.68497,37.98349],[124.68492,37.98297],[124.68605,37.98088],[124.68717,37.98047]]]]}},{"type":"Feature","properties":{"EMD_CD":"28720340","EMD_KOR_NM":"대청면","sgg":"옹진군","adm_nm":"인천광역시 옹진군 대청면","sido":"인천"},"geometry":{"type":"MultiPolygon","coordinates":[[[[124.72773,37.75056],[124.72735,37.75056],[124.72769,37.75084],[124.72773,37.75056]]],[[[124.76335,37.76554],[124.763,37.76537],[124.7629,37.76559],[124.76368,37.76624],[124.76385,37.76602],[124.76335,37.76554]]],[[[124.77051,37.77842],[124.77037,37.77806],[124.77089,37.77651],[124.76781,37.77511],[124.76822,37.77416],[124.76724,37.77281],[124.76788,37.77092],[124.7673,37.76991],[124.76595,37.76923],[124.76629,37.76857],[124.76723,37.76823],[124.76833,37.76824],[124.76852,37.76794],[124.76655,37.76745],[124.76533,37.76646],[124.76468,37.76643],[124.76428,37.76745],[124.76492,37.76807],[124.76385,37.76821],[124.76279,37.76762],[124.76186,37.76769],[124.76174,37.76888],[124.76202,37.76948],[124.76178,37.76966],[124.76092,37.76974],[124.75813,37.76921],[124.75798,37.76946],[124.75608,37.76866],[124.75527,37.76955],[124.75513,37.7709],[124.75428,37.77116],[124.75215,37.77117],[124.75174,37.77036],[124.75251,37.77009],[124.7523,37.76968],[124.75237,37.77001],[124.75145,37.77053],[124.74952,37.76931],[124.74859,37.76923],[124.74724,37.7697],[124.74644,37.76942],[124.74451,37.76786],[124.74352,37.7683],[124.74294,37.76826],[124.7425,37.76732],[124.7413,37.76685],[124.74103,37.76682],[124.7409,37.76717],[124.74025,37.7669],[124.73978,37.76648],[124.73852,37.76426],[124.73851,37.76368],[124.73744,37.76213],[124.73715,37.76262],[124.73636,37.76279],[124.73561,37.76184],[124.73402,37.76155],[124.7333,37.7617],[124.73176,37.76116],[124.72984,37.75963],[124.7297,37.7586],[124.7286,37.7598],[124.72776,37.76011],[124.7275,37.76211],[124.731,37.76364],[124.73242,37.76494],[124.73439,37.76615],[124.73506,37.76913],[124.73496,37.77],[124.73439,37.77106],[124.73373,37.77086],[124.73361,37.7713],[124.73418,37.77173],[124.73516,37.77189],[124.73533,37.77166],[124.73759,37.77147],[124.73873,37.77225],[124.73971,37.77214],[124.73995,37.77265],[124.73987,37.77237],[124.74032,37.77239],[124.73975,37.77212],[124.74059,37.77197],[124.74192,37.7729],[124.74239,37.77601],[124.74124,37.77678],[124.74142,37.77699],[124.74117,37.77708],[124.74091,37.77681],[124.73968,37.77685],[124.74071,37.77814],[124.74173,37.77814],[124.74278,37.77676],[124.74301,37.77591],[124.74542,37.77499],[124.747,37.77505],[124.74692,37.77531],[124.7477,37.77584],[124.747,37.77669],[124.74753,37.7763],[124.74832,37.77629],[124.74845,37.77595],[124.74788,37.77573],[124.74804,37.77544],[124.75083,37.77731],[124.7517,37.77754],[124.75362,37.77678],[124.75635,37.77733],[124.76034,37.77752],[124.76289,37.77831],[124.76479,37.77848],[124.76647,37.77957],[124.76994,37.77895],[124.77058,37.77873],[124.77051,37.77842]]],[[[124.65855,37.79827],[124.65982,37.79774],[124.65988,37.79743],[124.65749,37.79729],[124.65642,37.7981],[124.65855,37.79827]]],[[[124.66075,37.79847],[124.65852,37.79829],[124.65731,37.79896],[124.65804,37.79912],[124.66075,37.79847]]],[[[124.70788,37.84806],[124.70864,37.84797],[124.70686,37.84765],[124.70788,37.84806]]],[[[124.70691,37.84705],[124.70775,37.84685],[124.7082,37.8473],[124.70879,37.84731],[124.70823,37.84726],[124.7078,37.84678],[124.70692,37.84701],[124.70794,37.84532],[124.70989,37.84379],[124.71183,37.84425],[124.71243,37.84511],[124.71626,37.84489],[124.71675,37.84447],[124.71831,37.84493],[124.71935,37.84584],[124.72129,37.84462],[124.7229,37.84193],[124.72568,37.84205],[124.72772,37.84055],[124.72804,37.83941],[124.72403,37.83863],[124.7194,37.83694],[124.71764,37.83588],[124.71498,37.8336],[124.71373,37.83083],[124.71354,37.83096],[124.71387,37.83057],[124.71353,37.8292],[124.71644,37.82973],[124.71443,37.82922],[124.71433,37.82812],[124.71483,37.82816],[124.71494,37.82707],[124.71564,37.82611],[124.71543,37.82585],[124.71472,37.8259],[124.71471,37.82547],[124.71522,37.82486],[124.71586,37.82489],[124.71602,37.82565],[124.71712,37.82651],[124.71745,37.82733],[124.71745,37.82783],[124.71719,37.82801],[124.71795,37.82906],[124.71824,37.82893],[124.71856,37.82927],[124.71756,37.82786],[124.71732,37.82663],[124.71614,37.82568],[124.71596,37.82487],[124.71668,37.82451],[124.71653,37.82427],[124.71712,37.8239],[124.7166,37.82341],[124.71913,37.82207],[124.71992,37.82099],[124.72,37.82005],[124.7196,37.81919],[124.71846,37.81808],[124.71841,37.81743],[124.71795,37.81701],[124.71849,37.81712],[124.71894,37.81677],[124.7191,37.81598],[124.71888,37.81548],[124.71788,37.81384],[124.71699,37.81316],[124.71502,37.81263],[124.71179,37.80933],[124.70958,37.8081],[124.70622,37.80748],[124.70291,37.80483],[124.70117,37.80542],[124.701,37.80594],[124.69811,37.80797],[124.70115,37.8086],[124.703,37.80999],[124.70034,37.80848],[124.69899,37.80873],[124.69877,37.80913],[124.69648,37.80949],[124.69557,37.80904],[124.69464,37.80784],[124.69413,37.80655],[124.69382,37.8065],[124.69304,37.8067],[124.69304,37.80722],[124.69238,37.80777],[124.69046,37.80815],[124.68793,37.80615],[124.68747,37.805],[124.6867,37.8044],[124.68503,37.80411],[124.68342,37.80282],[124.68371,37.80232],[124.68661,37.80117],[124.68716,37.8008],[124.68712,37.80036],[124.6867,37.80005],[124.68623,37.80016],[124.68602,37.79971],[124.68355,37.79986],[124.68179,37.79907],[124.6812,37.79933],[124.68136,37.80018],[124.67984,37.80271],[124.68121,37.80361],[124.68154,37.80413],[124.68273,37.80458],[124.68419,37.8066],[124.68395,37.80767],[124.68287,37.80844],[124.68317,37.80908],[124.68383,37.809],[124.68449,37.80934],[124.68546,37.81079],[124.68509,37.81263],[124.68424,37.81404],[124.68466,37.81434],[124.68671,37.81375],[124.68485,37.81452],[124.68502,37.81503],[124.68388,37.81438],[124.68228,37.81462],[124.68123,37.81549],[124.67999,37.81703],[124.68008,37.81732],[124.6781,37.81446],[124.67606,37.81428],[124.67472,37.81473],[124.67573,37.81654],[124.67292,37.81759],[124.6727,37.81811],[124.66932,37.81829],[124.6681,37.81885],[124.66803,37.81954],[124.66481,37.82072],[124.66426,37.82069],[124.66272,37.8218],[124.66325,37.8226],[124.6644,37.82286],[124.66834,37.82239],[124.66828,37.82208],[124.67148,37.82024],[124.67448,37.81965],[124.67682,37.82004],[124.67897,37.82147],[124.67901,37.82248],[124.68029,37.82422],[124.68066,37.82543],[124.6805,37.8258],[124.68124,37.82623],[124.68124,37.82659],[124.67997,37.82765],[124.68103,37.8284],[124.68287,37.82885],[124.68318,37.8293],[124.68326,37.83073],[124.68288,37.83141],[124.68349,37.83202],[124.68678,37.83305],[124.68735,37.83352],[124.68696,37.83441],[124.68712,37.83536],[124.68796,37.8364],[124.68938,37.83745],[124.69051,37.83743],[124.69083,37.83797],[124.69244,37.83882],[124.69263,37.83922],[124.69362,37.83933],[124.69393,37.83885],[124.69575,37.8386],[124.69703,37.84041],[124.69957,37.83989],[124.70078,37.84056],[124.70049,37.84121],[124.70175,37.84148],[124.70364,37.84334],[124.70367,37.84455],[124.70265,37.84713],[124.70316,37.84757],[124.70202,37.84905],[124.70333,37.84962],[124.70504,37.84941],[124.70644,37.84842],[124.70691,37.84705]]]]}},{"type":"Feature","properties":{"EMD_CD":"28720350","EMD_KOR_NM":"덕적면","sgg":"옹진군","adm_nm":"인천광역시 옹진군 덕적면","sido":"인천"},"geometry":{"type":"MultiPolygon","coordinates":[[[[125.79162,36.92244],[125.7927,36.92168],[125.7932,36.92198],[125.79342,36.92168],[125.79333,36.92127],[125.79249,36.92126],[125.79177,36.92065],[125.79145,36.91995],[125.79108,36.92015],[125.79069,36.92144],[125.7912,36.92177],[125.79117,36.92253],[125.79153,36.92289],[125.79162,36.92244]]],[[[125.82379,36.95505],[125.82379,36.95426],[125.82349,36.95438],[125.82357,36.95417],[125.82308,36.95408],[125.82309,36.95457],[125.82242,36.95403],[125.82221,36.95421],[125.82238,36.95493],[125.8226,36.95512],[125.82304,36.9547],[125.82375,36.95568],[125.82379,36.95505]]],[[[125.82465,36.95538],[125.8242,36.9556],[125.82417,36.9564],[125.82483,36.95622],[125.82465,36.95538]]],[[[125.82544,36.95722],[125.82531,36.95666],[125.82471,36.95661],[125.82471,36.95695],[125.82544,36.95722]]],[[[125.81896,36.95881],[125.81941,36.95835],[125.81958,36.9587],[125.81997,36.95867],[125.82031,36.95821],[125.82089,36.95814],[125.82095,36.95856],[125.82109,36.95778],[125.82072,36.95783],[125.82112,36.95666],[125.82078,36.95639],[125.82107,36.95604],[125.82061,36.95528],[125.82003,36.9553],[125.81983,36.95487],[125.81878,36.95454],[125.81866,36.95376],[125.81827,36.95351],[125.81794,36.95391],[125.81795,36.95592],[125.81743,36.95637],[125.81746,36.95726],[125.81767,36.9571],[125.81797,36.95824],[125.81838,36.95856],[125.81871,36.95843],[125.81896,36.95881]]],[[[125.74422,36.97267],[125.74285,36.97278],[125.74358,36.97322],[125.74422,36.97267]]],[[[125.74641,36.97324],[125.74642,36.97283],[125.74735,36.97291],[125.74748,36.97268],[125.74665,36.9722],[125.74592,36.9725],[125.74551,36.97229],[125.74562,36.97293],[125.74641,36.97324]]],[[[126.01859,37.02778],[126.0178,37.02741],[126.01775,37.02775],[126.01931,37.02908],[126.01971,37.0306],[126.02012,37.03094],[126.01961,37.02903],[126.01859,37.02778]]],[[[125.98059,37.032],[125.98007,37.0319],[125.97989,37.03222],[125.98057,37.03236],[125.98059,37.032]]],[[[126.02374,37.0374],[126.02459,37.03741],[126.02517,37.03673],[126.02429,37.03544],[126.02314,37.03525],[126.02298,37.0356],[126.02342,37.03645],[126.02335,37.03715],[126.02374,37.0374]]],[[[125.97887,37.03651],[125.97815,37.03669],[125.97801,37.03717],[125.97834,37.03718],[125.97887,37.03651]]],[[[126.02655,37.03802],[126.02616,37.03784],[126.02577,37.03808],[126.02622,37.03884],[126.02671,37.03833],[126.02655,37.03802]]],[[[125.98541,37.04004],[125.98577,37.03993],[125.98684,37.04061],[125.98755,37.03988],[125.98858,37.04027],[125.98985,37.03829],[125.99134,37.03813],[125.99217,37.03683],[125.99265,37.0367],[125.99361,37.03717],[125.99417,37.03714],[125.99454,37.03567],[125.99442,37.03492],[125.99313,37.03398],[125.99223,37.03256],[125.99034,37.03061],[125.99061,37.03008],[125.99106,37.02988],[125.99134,37.02915],[125.99195,37.0287],[125.99205,37.02797],[125.99383,37.0268],[125.99459,37.02662],[125.99799,37.02709],[125.99907,37.02797],[125.9992,37.02845],[126.00251,37.02927],[126.00392,37.02916],[126.00252,37.02923],[125.99949,37.02848],[125.99922,37.02752],[125.99722,37.02592],[125.99911,37.02471],[126.00483,37.02298],[126.00766,37.0236],[126.00806,37.02395],[126.00863,37.02397],[126.00888,37.02455],[126.01035,37.02478],[126.01055,37.0254],[126.00987,37.02568],[126.00976,37.02623],[126.01019,37.02684],[126.01168,37.02617],[126.01352,37.02641],[126.01372,37.02601],[126.01441,37.0257],[126.01568,37.02616],[126.01582,37.0266],[126.01665,37.02663],[126.01656,37.02595],[126.01586,37.02532],[126.01475,37.02503],[126.01447,37.0254],[126.01351,37.02456],[126.01319,37.02492],[126.01293,37.02482],[126.0129,37.0243],[126.00968,37.02362],[126.0085,37.02258],[126.00655,37.02208],[126.00618,37.02144],[126.00521,37.02134],[126.00358,37.02036],[126.00356,37.019],[126.00098,37.01899],[126.00009,37.01838],[125.99851,37.01897],[125.99727,37.01853],[125.99594,37.01893],[125.99459,37.0187],[125.99389,37.01948],[125.99345,37.01938],[125.99278,37.01974],[125.99245,37.02087],[125.99281,37.02163],[125.99241,37.02201],[125.99321,37.0231],[125.99396,37.02339],[125.99446,37.02477],[125.99348,37.02518],[125.99186,37.02523],[125.991,37.02567],[125.98915,37.0251],[125.98877,37.02537],[125.98882,37.02575],[125.98981,37.02653],[125.98978,37.02712],[125.98839,37.02767],[125.98734,37.02755],[125.9858,37.02826],[125.98485,37.02824],[125.98544,37.02907],[125.98535,37.02956],[125.98459,37.03057],[125.98385,37.03103],[125.98293,37.03108],[125.98347,37.0313],[125.98327,37.03205],[125.98201,37.03238],[125.98079,37.03229],[125.98133,37.03311],[125.98094,37.03352],[125.97914,37.03344],[125.97898,37.03374],[125.97938,37.03479],[125.97886,37.03557],[125.97913,37.0358],[125.97904,37.03632],[125.97984,37.03631],[125.9808,37.03684],[125.98102,37.03733],[125.98015,37.03804],[125.98037,37.03878],[125.9802,37.03954],[125.98162,37.04054],[125.98258,37.03986],[125.98329,37.04023],[125.98408,37.03981],[125.98448,37.03989],[125.98437,37.04011],[125.98475,37.04013],[125.98518,37.0406],[125.98541,37.04004]]],[[[126.0297,37.04181],[126.02914,37.0418],[126.02892,37.04129],[126.02846,37.04118],[126.02857,37.04082],[126.02813,37.04053],[126.02791,37.04069],[126.02803,37.04124],[126.02903,37.04171],[126.02921,37.04204],[126.02901,37.0424],[126.0297,37.04181]]],[[[126.01367,37.05683],[126.01338,37.05675],[126.01376,37.05704],[126.01367,37.05683]]],[[[126.00993,37.05766],[126.01089,37.05757],[126.01097,37.05729],[126.0094,37.05726],[126.00993,37.05766]]],[[[125.96237,37.05828],[125.963,37.05711],[125.96202,37.05643],[125.96175,37.05761],[125.96215,37.05756],[125.96237,37.05828]]],[[[125.96855,37.05871],[125.96833,37.0587],[125.96847,37.059],[125.96855,37.05871]]],[[[125.96822,37.05885],[125.96797,37.05874],[125.96809,37.05905],[125.96822,37.05885]]],[[[125.96702,37.05888],[125.96616,37.05882],[125.96661,37.05962],[125.96625,37.05984],[125.96722,37.06008],[125.96791,37.05923],[125.96782,37.05897],[125.96702,37.05888]]],[[[125.9625,37.05991],[125.96218,37.06014],[125.96246,37.06058],[125.9625,37.05991]]],[[[125.99456,37.06603],[125.99572,37.06545],[125.99699,37.0653],[125.99684,37.06497],[125.99747,37.06329],[125.99803,37.06305],[125.99833,37.06244],[125.99818,37.06198],[125.99728,37.06154],[125.99736,37.06114],[125.99785,37.06099],[125.99789,37.0607],[125.99908,37.05977],[125.99927,37.0592],[125.99976,37.05916],[125.99905,37.05796],[125.99772,37.05742],[125.99648,37.05729],[125.99464,37.05778],[125.99452,37.05752],[125.99391,37.05744],[125.99319,37.05787],[125.99381,37.05825],[125.99377,37.05867],[125.99275,37.05943],[125.99383,37.0594],[125.9946,37.06121],[125.99304,37.06222],[125.9924,37.06302],[125.99297,37.06464],[125.99456,37.06603]]],[[[125.94439,37.06681],[125.9444,37.06623],[125.94242,37.06658],[125.94211,37.06748],[125.94513,37.06922],[125.94533,37.0691],[125.94477,37.06802],[125.94493,37.06752],[125.94439,37.06681]]],[[[125.99297,37.06709],[125.99259,37.06695],[125.99162,37.06743],[125.99213,37.06774],[125.99157,37.06915],[125.99246,37.07046],[125.99391,37.07016],[125.9941,37.06896],[125.99407,37.06821],[125.99297,37.06709]]],[[[126.00565,37.06992],[126.0045,37.06965],[126.00409,37.06974],[126.00399,37.07031],[126.00519,37.07103],[126.00551,37.07074],[126.00565,37.06992]]],[[[125.95533,37.07315],[125.95492,37.07392],[125.9553,37.07393],[125.95556,37.07361],[125.95533,37.07315]]],[[[126.02084,37.06987],[126.02204,37.06878],[126.02322,37.06854],[126.02326,37.06825],[126.02222,37.06817],[126.02058,37.06931],[126.01742,37.06826],[126.01604,37.06744],[126.01573,37.06634],[126.01497,37.06559],[126.01505,37.0653],[126.01255,37.0638],[126.0124,37.0661],[126.0126,37.06636],[126.0124,37.06578],[126.01287,37.06582],[126.01317,37.06635],[126.01382,37.06661],[126.01427,37.06786],[126.014,37.06943],[126.01451,37.07139],[126.01649,37.07197],[126.01637,37.07315],[126.01699,37.0732],[126.01749,37.07368],[126.01774,37.0746],[126.01681,37.07644],[126.01589,37.07674],[126.01671,37.07786],[126.01661,37.07818],[126.02032,37.07853],[126.02076,37.07675],[126.01926,37.07584],[126.0197,37.07397],[126.01941,37.07347],[126.01854,37.07294],[126.01843,37.07254],[126.01869,37.07178],[126.0201,37.07059],[126.02094,37.07052],[126.02084,37.06987]]],[[[126.01503,37.07805],[126.01313,37.07782],[126.01237,37.07895],[126.01248,37.07968],[126.01415,37.07853],[126.01518,37.0782],[126.01503,37.07805]]],[[[125.97243,37.07995],[125.97154,37.0799],[125.97201,37.08103],[125.97259,37.08058],[125.97243,37.07995]]],[[[125.99507,37.08036],[125.99574,37.07974],[125.99394,37.08006],[125.9936,37.07985],[125.99231,37.08112],[125.99316,37.08179],[125.99394,37.08156],[125.99428,37.08064],[125.99507,37.08036]]],[[[125.9886,37.08219],[125.99031,37.08199],[125.9898,37.08085],[125.99015,37.08035],[125.98985,37.08018],[125.98896,37.0808],[125.98729,37.0808],[125.9886,37.08219]]],[[[125.99963,37.08285],[125.99826,37.08296],[125.99789,37.0835],[125.99886,37.08383],[125.99989,37.0831],[125.99963,37.08285]]],[[[125.98556,37.0838],[125.98515,37.08363],[125.98476,37.08391],[125.98609,37.08555],[125.98639,37.08417],[125.98556,37.0838]]],[[[125.99986,37.08927],[126.00098,37.08883],[126.00156,37.08799],[126.00148,37.08763],[126.00097,37.0873],[125.99914,37.0879],[125.99886,37.08917],[125.99986,37.08927]]],[[[125.95626,37.09108],[125.9575,37.09032],[125.95786,37.08927],[125.95858,37.08844],[125.96086,37.0893],[125.96186,37.08853],[125.96258,37.08739],[125.96353,37.08704],[125.96384,37.08661],[125.96529,37.08646],[125.96523,37.08554],[125.96464,37.08426],[125.96341,37.08313],[125.96376,37.08181],[125.9647,37.08101],[125.96403,37.08129],[125.96353,37.08191],[125.9617,37.08238],[125.95988,37.08226],[125.96048,37.08261],[125.95919,37.08461],[125.95656,37.08422],[125.95674,37.08506],[125.95573,37.08623],[125.95577,37.08673],[125.95406,37.08707],[125.95248,37.08622],[125.95311,37.08569],[125.95314,37.08484],[125.95236,37.08395],[125.95278,37.08283],[125.9518,37.08179],[125.95291,37.07933],[125.95288,37.07795],[125.95168,37.07719],[125.95269,37.07548],[125.95247,37.07528],[125.95105,37.0755],[125.95075,37.07599],[125.94908,37.07525],[125.94947,37.07475],[125.94955,37.07357],[125.95009,37.07303],[125.9502,37.07244],[125.95086,37.07191],[125.95113,37.07118],[125.95078,37.06991],[125.9513,37.06955],[125.95154,37.06893],[125.95153,37.06808],[125.95012,37.06718],[125.94855,37.0687],[125.94669,37.06909],[125.94613,37.0704],[125.94537,37.07112],[125.9457,37.07169],[125.94773,37.07182],[125.948,37.07274],[125.94781,37.07388],[125.94845,37.07484],[125.94684,37.07622],[125.94692,37.0774],[125.94586,37.07811],[125.94508,37.07749],[125.94475,37.07594],[125.94504,37.07583],[125.94363,37.07594],[125.94317,37.07678],[125.94249,37.07693],[125.94324,37.07798],[125.94256,37.0784],[125.94189,37.08011],[125.941,37.08088],[125.94144,37.08128],[125.94272,37.0808],[125.94348,37.08113],[125.94455,37.08096],[125.94558,37.08194],[125.94609,37.08187],[125.94659,37.08228],[125.94688,37.08195],[125.94728,37.08216],[125.94707,37.08244],[125.94834,37.08398],[125.94832,37.0845],[125.94892,37.08487],[125.94861,37.08655],[125.94961,37.08709],[125.94923,37.08798],[125.94882,37.08822],[125.94897,37.0885],[125.94841,37.08865],[125.94814,37.08912],[125.94867,37.08931],[125.94887,37.08975],[125.95051,37.08973],[125.95069,37.09043],[125.95042,37.09107],[125.95071,37.09146],[125.95172,37.09157],[125.95213,37.09108],[125.95297,37.09089],[125.95434,37.09098],[125.95491,37.0916],[125.95599,37.09196],[125.95638,37.09148],[125.95626,37.09108]]],[[[126.02161,37.11393],[126.02148,37.11374],[126.02161,37.11414],[126.02109,37.11425],[126.02136,37.1155],[126.02198,37.11496],[126.02161,37.11393]]],[[[126.02102,37.1155],[126.02101,37.1152],[126.02077,37.1153],[126.02102,37.1155]]],[[[126.01958,37.12006],[126.02,37.11999],[126.02003,37.11934],[126.01941,37.11973],[126.01958,37.12006]]],[[[126.01344,37.13428],[126.0138,37.13418],[126.01357,37.13379],[126.01344,37.13428]]],[[[126.02418,37.13128],[126.02471,37.13027],[126.02372,37.12957],[126.02396,37.12923],[126.02381,37.12805],[126.02278,37.1266],[126.0232,37.12563],[126.02194,37.12364],[126.01991,37.12369],[126.01935,37.12405],[126.01942,37.12475],[126.01859,37.1261],[126.01875,37.1271],[126.01823,37.12734],[126.01804,37.12783],[126.01932,37.12848],[126.0195,37.12914],[126.02048,37.12972],[126.02034,37.13019],[126.01906,37.13031],[126.01844,37.13111],[126.01873,37.13131],[126.01978,37.13114],[126.02079,37.13258],[126.02189,37.13285],[126.02188,37.13352],[126.02138,37.13446],[126.02174,37.13534],[126.02323,37.13353],[126.02338,37.13223],[126.02418,37.13128]]],[[[126.01377,37.13513],[126.01357,37.13488],[126.01339,37.13533],[126.0138,37.13552],[126.01377,37.13513]]],[[[126.01366,37.13613],[126.01355,37.13597],[126.0132,37.13629],[126.01384,37.13687],[126.01366,37.13613]]],[[[126.02492,37.13568],[126.02463,37.13515],[126.02409,37.13685],[126.02436,37.13756],[126.02564,37.13668],[126.02492,37.13568]]],[[[126.02448,37.13779],[126.02345,37.13832],[126.02281,37.13969],[126.02293,37.14118],[126.02389,37.14093],[126.02445,37.14033],[126.02448,37.13779]]],[[[126.01203,37.14571],[126.01145,37.1459],[126.01181,37.14599],[126.01203,37.14571]]],[[[126.01059,37.14746],[126.01121,37.14729],[126.01194,37.14609],[126.00989,37.14683],[126.00978,37.14734],[126.01059,37.14746]]],[[[126.00068,37.15335],[126.00053,37.15322],[126.00051,37.15371],[126.00068,37.15335]]],[[[126.01081,37.1562],[126.01108,37.15556],[126.01006,37.15466],[126.01048,37.1541],[126.01013,37.15346],[126.01041,37.15308],[126.01153,37.15296],[126.01111,37.1523],[126.01165,37.15194],[126.01115,37.15086],[126.01154,37.15081],[126.0122,37.15007],[126.01245,37.14928],[126.01046,37.14844],[126.01038,37.14881],[126.01094,37.14931],[126.00991,37.14969],[126.00922,37.15034],[126.00872,37.15157],[126.00912,37.15322],[126.00873,37.15383],[126.00665,37.15431],[126.00682,37.15491],[126.00781,37.15528],[126.00806,37.15607],[126.00978,37.15605],[126.01034,37.1564],[126.01081,37.1562]]],[[[125.98309,37.18384],[125.98405,37.18182],[125.98316,37.18183],[125.98197,37.18284],[125.9818,37.18346],[125.98325,37.1842],[125.98343,37.18406],[125.98309,37.18384]]],[[[126.11526,37.18583],[126.1159,37.18584],[126.11675,37.18482],[126.11634,37.18457],[126.11578,37.18502],[126.11496,37.18519],[126.11493,37.18563],[126.11526,37.18583]]],[[[125.90967,37.1869],[125.90982,37.18644],[125.90957,37.18554],[125.90892,37.18605],[125.90923,37.18593],[125.90923,37.18644],[125.90961,37.1864],[125.90945,37.18684],[125.90967,37.1869]]],[[[126.098,37.18655],[126.09878,37.1868],[126.0995,37.1864],[126.10079,37.18626],[126.10077,37.18522],[126.10278,37.18462],[126.10349,37.1838],[126.10231,37.1829],[126.10293,37.18241],[126.1041,37.18247],[126.10487,37.18215],[126.10517,37.18174],[126.1051,37.18123],[126.10423,37.18066],[126.10394,37.17996],[126.1048,37.17965],[126.1053,37.17887],[126.1058,37.17865],[126.10794,37.17845],[126.10804,37.17867],[126.11074,37.17916],[126.11219,37.18116],[126.11188,37.18139],[126.11178,37.18204],[126.11304,37.18279],[126.11352,37.18266],[126.11439,37.18148],[126.11422,37.18135],[126.1147,37.18019],[126.11277,37.17907],[126.11194,37.17806],[126.11198,37.17744],[126.1086,37.17659],[126.10799,37.17672],[126.10778,37.17646],[126.10731,37.1748],[126.10743,37.17232],[126.1068,37.17229],[126.10715,37.1721],[126.10689,37.17185],[126.10768,37.1722],[126.10876,37.1711],[126.10996,37.17051],[126.11136,37.17096],[126.11137,37.17164],[126.11146,37.17075],[126.11265,37.17039],[126.1134,37.17088],[126.11258,37.17026],[126.1109,37.17072],[126.11273,37.17001],[126.11139,37.1695],[126.1109,37.16889],[126.1112,37.16873],[126.11066,37.16808],[126.10942,37.16871],[126.10874,37.16873],[126.10841,37.16731],[126.10893,37.16625],[126.1088,37.16588],[126.10781,37.16623],[126.10674,37.16618],[126.10552,37.16678],[126.10407,37.16687],[126.103,37.16727],[126.09933,37.1672],[126.09913,37.16697],[126.09818,37.16754],[126.09766,37.1669],[126.09616,37.16731],[126.09582,37.16811],[126.09423,37.16748],[126.09364,37.16853],[126.09405,37.16922],[126.09321,37.16939],[126.09382,37.16959],[126.09348,37.17011],[126.09309,37.17037],[126.09168,37.1703],[126.09038,37.17069],[126.08964,37.17218],[126.08886,37.17238],[126.08853,37.17301],[126.08714,37.17348],[126.08658,37.17567],[126.08488,37.17661],[126.08503,37.17779],[126.08645,37.17911],[126.08711,37.18022],[126.08777,37.18023],[126.09199,37.18181],[126.09209,37.18214],[126.08884,37.18362],[126.08965,37.18433],[126.09187,37.18531],[126.09262,37.18668],[126.09336,37.18736],[126.09591,37.18864],[126.09631,37.1884],[126.09621,37.18775],[126.09662,37.1873],[126.09715,37.18716],[126.0975,37.18656],[126.098,37.18655]]],[[[126.18327,37.19347],[126.18292,37.19318],[126.18262,37.19362],[126.18296,37.19425],[126.18327,37.19347]]],[[[125.97358,37.19488],[125.97433,37.19465],[125.97473,37.19371],[125.97568,37.19325],[125.97578,37.19351],[125.97658,37.19352],[125.97715,37.19388],[125.97791,37.19377],[125.97866,37.19309],[125.97884,37.19342],[125.98,37.19317],[125.98107,37.19401],[125.98071,37.19434],[125.98114,37.19456],[125.98218,37.19411],[125.98329,37.19458],[125.98334,37.19368],[125.98223,37.19319],[125.98233,37.19272],[125.98351,37.19229],[125.98328,37.19076],[125.98308,37.1908],[125.98347,37.19023],[125.98514,37.18948],[125.98529,37.18888],[125.98573,37.18862],[125.98587,37.1888],[125.98579,37.18821],[125.98636,37.1877],[125.9841,37.18655],[125.98316,37.18509],[125.98214,37.18643],[125.98119,37.18644],[125.98144,37.18798],[125.97944,37.18847],[125.97881,37.18891],[125.97829,37.1889],[125.97856,37.18868],[125.97627,37.18861],[125.97638,37.18892],[125.9761,37.18919],[125.97577,37.18838],[125.97481,37.18789],[125.97512,37.1869],[125.97495,37.18648],[125.97532,37.18624],[125.97537,37.18566],[125.97462,37.18439],[125.97399,37.18435],[125.97327,37.18568],[125.97294,37.18565],[125.97259,37.18522],[125.97045,37.18458],[125.9695,37.18485],[125.96915,37.18469],[125.96891,37.1838],[125.96785,37.18308],[125.96714,37.18326],[125.96656,37.18389],[125.96583,37.18402],[125.96482,37.1836],[125.96485,37.18328],[125.96412,37.18285],[125.96264,37.1826],[125.96201,37.1829],[125.96138,37.18234],[125.96039,37.18281],[125.96019,37.18414],[125.96046,37.18415],[125.9604,37.18465],[125.96135,37.1846],[125.96148,37.18496],[125.9627,37.18533],[125.96271,37.18591],[125.96313,37.18628],[125.96417,37.18639],[125.96497,37.18693],[125.96546,37.18745],[125.96561,37.18818],[125.96607,37.18838],[125.96621,37.18789],[125.96805,37.18676],[125.96845,37.18691],[125.96856,37.18773],[125.96943,37.18875],[125.97046,37.18858],[125.97046,37.18883],[125.97155,37.18842],[125.97307,37.18856],[125.97328,37.18902],[125.97271,37.18969],[125.97268,37.19076],[125.97198,37.19212],[125.97204,37.1931],[125.97237,37.19341],[125.97166,37.19462],[125.97176,37.19486],[125.97273,37.19508],[125.97358,37.19488]]],[[[126.14052,37.20064],[126.14168,37.20056],[126.14184,37.19994],[126.14275,37.19904],[126.14139,37.19774],[126.14036,37.19744],[126.14012,37.19699],[126.13667,37.19593],[126.13754,37.19753],[126.13832,37.1975],[126.13852,37.19782],[126.1378,37.19848],[126.13767,37.19916],[126.13826,37.19924],[126.13819,37.1999],[126.13699,37.20182],[126.1371,37.20221],[126.13881,37.20278],[126.1394,37.20184],[126.14045,37.20121],[126.14052,37.20064]]],[[[125.98674,37.2039],[125.98689,37.20323],[125.98647,37.20252],[125.9868,37.20213],[125.98634,37.2014],[125.98551,37.20105],[125.98575,37.20035],[125.98518,37.19953],[125.98598,37.19941],[125.98602,37.19868],[125.98682,37.19785],[125.98921,37.19721],[125.98929,37.19748],[125.99038,37.19714],[125.99083,37.19746],[125.99154,37.19684],[125.99219,37.19784],[125.99322,37.19777],[125.99287,37.19823],[125.99298,37.19983],[125.99349,37.19992],[125.9941,37.19954],[125.99522,37.20022],[125.99617,37.20011],[125.99631,37.19935],[125.99716,37.19796],[125.99674,37.19653],[125.99599,37.19638],[125.99512,37.19457],[125.99419,37.1944],[125.99367,37.19468],[125.99373,37.19516],[125.99341,37.19555],[125.99256,37.19528],[125.99231,37.19473],[125.99193,37.19477],[125.99132,37.19597],[125.98722,37.19505],[125.98713,37.19577],[125.98679,37.19601],[125.98546,37.19625],[125.98471,37.19606],[125.985,37.19644],[125.98479,37.19656],[125.98547,37.19713],[125.98534,37.19796],[125.98432,37.19766],[125.9839,37.19803],[125.98493,37.19838],[125.98476,37.19949],[125.9835,37.20032],[125.98295,37.20023],[125.98278,37.20088],[125.98334,37.20155],[125.98269,37.20178],[125.98215,37.20158],[125.98177,37.20181],[125.98177,37.20219],[125.9823,37.20246],[125.98276,37.2023],[125.98277,37.20259],[125.984,37.20335],[125.98396,37.20388],[125.9859,37.20384],[125.98637,37.20408],[125.98674,37.2039]]],[[[126.16523,37.20785],[126.16465,37.20814],[126.16515,37.20852],[126.1656,37.20842],[126.16523,37.20785]]],[[[126.18182,37.2176],[126.18067,37.21829],[126.18093,37.21896],[126.18109,37.21905],[126.18111,37.21819],[126.18182,37.2176]]],[[[126.18407,37.2191],[126.18392,37.2189],[126.18339,37.21948],[126.18407,37.2191]]],[[[126.19074,37.21935],[126.19062,37.21896],[126.18968,37.21962],[126.19056,37.21977],[126.19074,37.21935]]],[[[126.1452,37.22094],[126.14476,37.22093],[126.14592,37.22129],[126.1452,37.22094]]],[[[126.1705,37.22628],[126.17067,37.22567],[126.17041,37.22536],[126.17278,37.22428],[126.17325,37.22362],[126.17271,37.22297],[126.17209,37.22331],[126.17282,37.22133],[126.17393,37.22097],[126.1752,37.21991],[126.17701,37.21933],[126.1769,37.21796],[126.18004,37.21733],[126.17975,37.21714],[126.18004,37.21694],[126.1799,37.21463],[126.18044,37.21353],[126.18168,37.21247],[126.18127,37.2126],[126.18109,37.21237],[126.18132,37.21147],[126.17987,37.2108],[126.18023,37.20976],[126.18273,37.20841],[126.18375,37.20961],[126.18414,37.2097],[126.18479,37.20913],[126.18567,37.20893],[126.1864,37.20898],[126.18717,37.20954],[126.19138,37.20889],[126.19184,37.20919],[126.19268,37.20898],[126.19376,37.20925],[126.19447,37.20967],[126.19399,37.20857],[126.19337,37.20792],[126.19263,37.20798],[126.19227,37.20764],[126.19157,37.20799],[126.1914,37.20756],[126.18982,37.20813],[126.18907,37.20775],[126.18902,37.20703],[126.18978,37.20525],[126.18942,37.20465],[126.18767,37.20509],[126.18654,37.20408],[126.18762,37.2028],[126.18685,37.20224],[126.18581,37.20242],[126.18542,37.20217],[126.18502,37.2017],[126.18492,37.20095],[126.18381,37.19983],[126.18335,37.19724],[126.1829,37.19663],[126.18331,37.19618],[126.18334,37.19548],[126.18143,37.19652],[126.18089,37.19866],[126.18024,37.1996],[126.17986,37.20086],[126.18002,37.20276],[126.17967,37.20388],[126.1791,37.20439],[126.17919,37.20603],[126.17847,37.20676],[126.17822,37.20751],[126.17894,37.20759],[126.17901,37.20844],[126.17826,37.20892],[126.17768,37.20874],[126.17857,37.21028],[126.1785,37.21136],[126.17738,37.21209],[126.17532,37.21256],[126.17391,37.21256],[126.17327,37.21121],[126.17265,37.21103],[126.17263,37.2103],[126.17228,37.21034],[126.17199,37.21081],[126.1713,37.21036],[126.17065,37.21044],[126.17002,37.20928],[126.16976,37.20926],[126.16944,37.2095],[126.16948,37.21065],[126.16892,37.21164],[126.1676,37.21168],[126.16641,37.21223],[126.16592,37.21209],[126.16473,37.21251],[126.16405,37.2124],[126.16298,37.21167],[126.16272,37.21108],[126.16155,37.21122],[126.16154,37.21156],[126.16253,37.21186],[126.16292,37.21305],[126.16288,37.21429],[126.16244,37.215],[126.161,37.21493],[126.16075,37.21529],[126.16081,37.2156],[126.1613,37.21576],[126.16115,37.21697],[126.16096,37.21756],[126.16036,37.21802],[126.1622,37.22075],[126.16231,37.22158],[126.16114,37.22318],[126.15932,37.22411],[126.15943,37.22435],[126.16045,37.22418],[126.16142,37.22531],[126.16065,37.22409],[126.16133,37.22371],[126.16401,37.22339],[126.16637,37.22532],[126.16584,37.22591],[126.16838,37.22584],[126.16878,37.2274],[126.16971,37.22805],[126.17047,37.22739],[126.17013,37.22686],[126.17065,37.22668],[126.1705,37.22628]]],[[[126.1049,37.27366],[126.10627,37.27256],[126.10824,37.27186],[126.10873,37.27243],[126.10908,37.27231],[126.10914,37.27164],[126.11019,37.27054],[126.11001,37.26947],[126.10853,37.2693],[126.10843,37.26833],[126.10927,37.26752],[126.11077,37.26758],[126.10949,37.2665],[126.10892,37.26558],[126.11099,37.2627],[126.1106,37.26158],[126.11137,37.25993],[126.11147,37.25929],[126.11118,37.2587],[126.11144,37.25783],[126.11217,37.25717],[126.11381,37.25672],[126.11402,37.25685],[126.114,37.25767],[126.11504,37.25802],[126.11578,37.25739],[126.11651,37.25783],[126.1176,37.25798],[126.11813,37.25775],[126.11809,37.25709],[126.1184,37.2566],[126.11729,37.25541],[126.11784,37.25462],[126.11844,37.25457],[126.11924,37.25335],[126.12225,37.25374],[126.11956,37.25331],[126.11969,37.25263],[126.11839,37.25167],[126.11749,37.25206],[126.1152,37.2508],[126.11558,37.25068],[126.11554,37.25104],[126.11582,37.25111],[126.11635,37.24942],[126.11762,37.24919],[126.11725,37.24863],[126.11743,37.24823],[126.11844,37.24739],[126.11795,37.24745],[126.12038,37.24681],[126.11974,37.24652],[126.11964,37.24615],[126.12051,37.24603],[126.12064,37.24731],[126.12117,37.24827],[126.1219,37.24812],[126.12157,37.24808],[126.12131,37.24757],[126.12266,37.24809],[126.12381,37.24901],[126.12403,37.25001],[126.12462,37.25019],[126.1251,37.25117],[126.12589,37.25146],[126.12664,37.25052],[126.12745,37.25147],[126.1278,37.25146],[126.12803,37.25113],[126.12782,37.25053],[126.12955,37.24955],[126.12994,37.249],[126.12978,37.24732],[126.131,37.24698],[126.13207,37.24731],[126.13323,37.24703],[126.13439,37.24728],[126.13516,37.24678],[126.13607,37.24662],[126.13691,37.24476],[126.13818,37.24292],[126.13989,37.24258],[126.13998,37.2421],[126.14117,37.2413],[126.14168,37.24146],[126.14262,37.24111],[126.14354,37.24135],[126.14447,37.24252],[126.14473,37.24192],[126.14461,37.24066],[126.14346,37.24057],[126.1426,37.24099],[126.14026,37.23913],[126.13994,37.23831],[126.14083,37.23745],[126.14127,37.23741],[126.14134,37.238],[126.14252,37.23757],[126.14249,37.23736],[126.14435,37.23773],[126.1481,37.23936],[126.15211,37.23825],[126.15264,37.23761],[126.15383,37.23706],[126.15465,37.23524],[126.15541,37.235],[126.15616,37.23541],[126.15637,37.23497],[126.16034,37.23473],[126.16134,37.23305],[126.16174,37.2328],[126.16252,37.233],[126.16376,37.2321],[126.16468,37.23174],[126.16539,37.23188],[126.16553,37.23153],[126.16502,37.23152],[126.16479,37.23115],[126.16428,37.23118],[126.16268,37.23026],[126.16213,37.22943],[126.1595,37.22846],[126.1579,37.22836],[126.15818,37.22761],[126.15783,37.22823],[126.15721,37.22832],[126.15501,37.22769],[126.15518,37.22758],[126.15496,37.22737],[126.15649,37.22641],[126.15635,37.22627],[126.155,37.22722],[126.15415,37.22651],[126.15393,37.22408],[126.15316,37.22308],[126.15327,37.22255],[126.15183,37.22246],[126.1518,37.2236],[126.15088,37.22419],[126.15113,37.22469],[126.14959,37.22561],[126.14676,37.22467],[126.14457,37.22349],[126.14338,37.22248],[126.14317,37.222],[126.14396,37.22118],[126.14467,37.2209],[126.14467,37.22055],[126.14404,37.22011],[126.14376,37.21907],[126.14561,37.21789],[126.14635,37.2178],[126.14548,37.21705],[126.14649,37.21607],[126.14717,37.21619],[126.14813,37.21541],[126.1476,37.21448],[126.14541,37.2147],[126.14377,37.21573],[126.14191,37.21545],[126.13887,37.21439],[126.13869,37.21402],[126.13796,37.21373],[126.13779,37.21337],[126.13818,37.21303],[126.13821,37.21232],[126.13694,37.21242],[126.13696,37.21363],[126.13664,37.21383],[126.13541,37.21329],[126.13453,37.21386],[126.1339,37.21386],[126.13156,37.21313],[126.13089,37.21334],[126.12926,37.21261],[126.12848,37.21273],[126.12797,37.21323],[126.12565,37.21331],[126.12441,37.21189],[126.12373,37.21156],[126.12235,37.21146],[126.12057,37.21201],[126.11931,37.2116],[126.11924,37.21008],[126.11699,37.2102],[126.11496,37.21137],[126.11428,37.21043],[126.11278,37.21202],[126.11249,37.21318],[126.11124,37.21337],[126.11112,37.21365],[126.1116,37.21409],[126.11321,37.21374],[126.1142,37.21435],[126.11443,37.21482],[126.11478,37.21465],[126.11535,37.21485],[126.11574,37.21558],[126.11661,37.21609],[126.11629,37.21792],[126.11517,37.2215],[126.11488,37.22166],[126.11497,37.22239],[126.11426,37.22271],[126.11369,37.22252],[126.11141,37.22366],[126.11279,37.2238],[126.11341,37.22424],[126.11323,37.22438],[126.11382,37.22451],[126.11429,37.22583],[126.11383,37.2258],[126.11393,37.22519],[126.11363,37.22461],[126.11208,37.22512],[126.11103,37.22408],[126.11125,37.22361],[126.10998,37.22306],[126.11031,37.22255],[126.11013,37.22215],[126.11062,37.22188],[126.11022,37.22206],[126.10854,37.22106],[126.10892,37.22045],[126.10829,37.22139],[126.10751,37.22183],[126.10622,37.22142],[126.10521,37.22069],[126.10411,37.22048],[126.1034,37.22068],[126.10379,37.2214],[126.10358,37.22167],[126.10258,37.22187],[126.10156,37.22331],[126.1024,37.22495],[126.10251,37.22577],[126.10319,37.22578],[126.10535,37.22668],[126.10593,37.2279],[126.10369,37.22904],[126.10312,37.22995],[126.09615,37.23061],[126.09549,37.22983],[126.09492,37.22975],[126.09452,37.22905],[126.09378,37.22916],[126.09371,37.22868],[126.09418,37.22792],[126.09321,37.22754],[126.0932,37.2269],[126.09404,37.22631],[126.0934,37.22543],[126.09146,37.22512],[126.0916,37.22388],[126.09023,37.22243],[126.0874,37.2223],[126.08566,37.22286],[126.08636,37.22392],[126.08641,37.22431],[126.086,37.22457],[126.08695,37.22581],[126.08784,37.22655],[126.08914,37.22649],[126.09057,37.22762],[126.0902,37.2283],[126.09052,37.22964],[126.09133,37.22957],[126.09185,37.22999],[126.0915,37.23024],[126.09129,37.23103],[126.09179,37.23221],[126.09081,37.23311],[126.09109,37.23387],[126.09246,37.23431],[126.09302,37.23482],[126.09237,37.23648],[126.09295,37.23698],[126.09321,37.23867],[126.09258,37.23933],[126.09019,37.23848],[126.09015,37.23927],[126.09054,37.23976],[126.09015,37.24111],[126.09042,37.24134],[126.09027,37.2422],[126.09062,37.24258],[126.09038,37.24309],[126.08928,37.24352],[126.08996,37.24416],[126.09019,37.24517],[126.08978,37.24536],[126.08999,37.24681],[126.08964,37.24727],[126.091,37.24823],[126.09078,37.24862],[126.09326,37.25074],[126.0932,37.25124],[126.09462,37.25178],[126.09465,37.25234],[126.09524,37.25274],[126.09508,37.25357],[126.09598,37.25379],[126.0964,37.25465],[126.09586,37.25526],[126.0958,37.25591],[126.09657,37.25628],[126.0965,37.25679],[126.0962,37.25694],[126.09629,37.25737],[126.09663,37.25783],[126.09737,37.25784],[126.09683,37.25962],[126.09839,37.26219],[126.1007,37.26424],[126.10106,37.26403],[126.10216,37.2643],[126.10312,37.26546],[126.10291,37.26606],[126.1036,37.26691],[126.10321,37.26912],[126.10151,37.27077],[126.10072,37.27118],[126.10046,37.27229],[126.10212,37.27358],[126.1049,37.27366]]],[[[126.08001,37.28973],[126.0813,37.28972],[126.08303,37.28927],[126.08322,37.28901],[126.08395,37.28909],[126.08477,37.28842],[126.08489,37.28781],[126.08542,37.2874],[126.08575,37.28663],[126.08872,37.28376],[126.0898,37.28409],[126.09053,37.28335],[126.09369,37.28191],[126.09507,37.28064],[126.09748,37.27913],[126.09747,37.27857],[126.09687,37.27793],[126.09714,37.27755],[126.097,37.27709],[126.0948,37.27683],[126.09229,37.27559],[126.0903,37.27615],[126.08997,37.27585],[126.08768,37.27574],[126.08775,37.27622],[126.08844,37.27644],[126.08846,37.27678],[126.08802,37.2772],[126.08777,37.27873],[126.08703,37.27876],[126.08704,37.28021],[126.08581,37.28155],[126.08543,37.28156],[126.08523,37.28111],[126.08427,37.28167],[126.08322,37.28176],[126.08122,37.2826],[126.08059,37.28243],[126.08005,37.28291],[126.07923,37.28295],[126.07724,37.28398],[126.07748,37.28422],[126.07724,37.28464],[126.07592,37.28448],[126.07572,37.28527],[126.07655,37.28574],[126.07585,37.28637],[126.07603,37.28665],[126.07574,37.28735],[126.07607,37.28777],[126.07629,37.28925],[126.07721,37.28961],[126.07876,37.2894],[126.08001,37.28973]]]]}},{"type":"Feature","properties":{"EMD_CD":"28720370","EMD_KOR_NM":"자월면","sgg":"옹진군","adm_nm":"인천광역시 옹진군 자월면","sido":"인천"},"geometry":{"type":"MultiPolygon","coordinates":[[[[126.07983,37.10803],[126.0806,37.10771],[126.08062,37.10729],[126.081,37.10731],[126.08113,37.10705],[126.08153,37.10774],[126.08197,37.10791],[126.08278,37.10742],[126.0827,37.10677],[126.0836,37.10695],[126.08397,37.10632],[126.08431,37.10656],[126.08464,37.1064],[126.08475,37.10693],[126.08509,37.10706],[126.08549,37.10666],[126.0853,37.10601],[126.08586,37.10566],[126.08642,37.10596],[126.0867,37.10577],[126.08579,37.10504],[126.08533,37.1051],[126.08509,37.10469],[126.0846,37.1046],[126.08506,37.10354],[126.08564,37.10337],[126.08535,37.10307],[126.08565,37.10219],[126.08639,37.10193],[126.08755,37.10211],[126.08792,37.10069],[126.0885,37.10041],[126.08902,37.10053],[126.08942,37.10004],[126.08974,37.10011],[126.08987,37.09951],[126.08942,37.09967],[126.08923,37.09834],[126.0887,37.09811],[126.08872,37.09766],[126.08844,37.09767],[126.0889,37.09637],[126.08862,37.09644],[126.08719,37.09475],[126.08646,37.09474],[126.08679,37.09432],[126.0866,37.09387],[126.0863,37.09432],[126.08577,37.0943],[126.08529,37.09359],[126.0843,37.09292],[126.08419,37.09224],[126.0848,37.09201],[126.08494,37.09128],[126.0844,37.09147],[126.08436,37.09204],[126.08317,37.09233],[126.08298,37.0915],[126.08275,37.09154],[126.08255,37.0911],[126.08234,37.09121],[126.08206,37.09061],[126.08136,37.09066],[126.08102,37.08983],[126.08045,37.08996],[126.08053,37.08944],[126.08005,37.08907],[126.08011,37.08868],[126.0796,37.08863],[126.07923,37.08767],[126.07839,37.08723],[126.07838,37.08669],[126.07755,37.08676],[126.07754,37.08641],[126.0768,37.08609],[126.07608,37.08629],[126.07624,37.08544],[126.0751,37.08568],[126.07548,37.08493],[126.07549,37.08407],[126.07437,37.08407],[126.07363,37.0846],[126.07307,37.08368],[126.07244,37.08478],[126.07084,37.08526],[126.07004,37.08476],[126.07043,37.08425],[126.06926,37.08413],[126.06934,37.08334],[126.06789,37.08335],[126.06747,37.08357],[126.06763,37.08473],[126.06734,37.085],[126.066,37.08527],[126.06563,37.08508],[126.06443,37.08561],[126.06443,37.08581],[126.06537,37.0858],[126.06463,37.08697],[126.0652,37.08727],[126.06429,37.08733],[126.06312,37.08827],[126.06293,37.08884],[126.06346,37.08885],[126.06315,37.08945],[126.06451,37.09009],[126.06418,37.09047],[126.06433,37.09058],[126.06528,37.09012],[126.06573,37.0904],[126.06495,37.09164],[126.06641,37.09149],[126.0663,37.09188],[126.06665,37.09206],[126.06612,37.09229],[126.0659,37.09275],[126.06638,37.09296],[126.06779,37.09268],[126.06802,37.09257],[126.06803,37.09184],[126.06883,37.09182],[126.06976,37.09122],[126.07047,37.09162],[126.07299,37.09174],[126.07429,37.09271],[126.07452,37.0932],[126.07465,37.09575],[126.07294,37.09669],[126.07239,37.09744],[126.07134,37.09765],[126.06675,37.09699],[126.06663,37.09845],[126.06538,37.09842],[126.0641,37.098],[126.06342,37.09698],[126.06288,37.09686],[126.06083,37.09497],[126.06052,37.09553],[126.06099,37.09616],[126.06092,37.09682],[126.06132,37.09766],[126.06162,37.09756],[126.06232,37.09819],[126.06264,37.09768],[126.06344,37.09823],[126.06316,37.09855],[126.06364,37.09958],[126.06491,37.10083],[126.06548,37.10103],[126.06675,37.10323],[126.06764,37.1039],[126.06756,37.10421],[126.06699,37.1042],[126.06692,37.10486],[126.06734,37.10688],[126.06822,37.10654],[126.06851,37.10575],[126.06835,37.10509],[126.06867,37.10535],[126.06925,37.10494],[126.06974,37.10514],[126.0701,37.1045],[126.07053,37.1048],[126.07146,37.10451],[126.07174,37.10481],[126.07228,37.10462],[126.07241,37.10504],[126.07291,37.10471],[126.07397,37.10538],[126.07463,37.10533],[126.07533,37.10585],[126.07498,37.10651],[126.07545,37.10659],[126.07568,37.10641],[126.07546,37.10583],[126.07598,37.10547],[126.07673,37.10571],[126.07723,37.10525],[126.07765,37.10529],[126.07735,37.1066],[126.07909,37.10646],[126.07858,37.10792],[126.07983,37.10803]]],[[[126.3008,37.12594],[126.2995,37.12578],[126.29812,37.12665],[126.29826,37.12709],[126.29939,37.12732],[126.30003,37.1278],[126.30056,37.12888],[126.30213,37.12862],[126.30229,37.1271],[126.3008,37.12594]]],[[[126.30212,37.13823],[126.30302,37.13821],[126.30347,37.13873],[126.30441,37.13852],[126.30504,37.13794],[126.30612,37.13779],[126.30669,37.13651],[126.30732,37.13595],[126.30764,37.13325],[126.30823,37.13284],[126.30837,37.13231],[126.30716,37.13177],[126.30706,37.13116],[126.30532,37.13185],[126.3051,37.1324],[126.30569,37.13282],[126.30519,37.13398],[126.30426,37.13407],[126.30402,37.13557],[126.30432,37.13591],[126.30308,37.13714],[126.30084,37.13737],[126.29953,37.13805],[126.29969,37.13833],[126.29913,37.13965],[126.29968,37.13972],[126.30098,37.13844],[126.30212,37.13823]]],[[[126.3484,37.14938],[126.34725,37.14915],[126.34661,37.14978],[126.34789,37.15025],[126.34854,37.14978],[126.3484,37.14938]]],[[[126.27515,37.1505],[126.2773,37.15044],[126.27787,37.14974],[126.27655,37.14746],[126.27516,37.14581],[126.27525,37.14486],[126.27493,37.14427],[126.2754,37.14394],[126.27556,37.14339],[126.27621,37.14311],[126.27695,37.14322],[126.27731,37.14294],[126.27651,37.14236],[126.27609,37.14138],[126.27555,37.1418],[126.27577,37.14227],[126.27396,37.14379],[126.27414,37.14403],[126.27383,37.14476],[126.27265,37.14567],[126.27272,37.14696],[126.27173,37.14898],[126.27474,37.15003],[126.27515,37.1505]]],[[[126.32288,37.15446],[126.32388,37.15419],[126.324,37.15367],[126.32384,37.15329],[126.32269,37.15276],[126.32277,37.15165],[126.32243,37.15125],[126.32198,37.15122],[126.32046,37.1521],[126.31794,37.15253],[126.31815,37.15285],[126.32044,37.1533],[126.32131,37.15405],[126.32211,37.154],[126.32288,37.15446]]],[[[126.32096,37.15721],[126.32059,37.15733],[126.32114,37.15811],[126.32129,37.15773],[126.32096,37.15721]]],[[[126.29515,37.17384],[126.29499,37.17306],[126.29531,37.17232],[126.29569,37.17316],[126.29811,37.17234],[126.30082,37.17247],[126.30113,37.17329],[126.30236,37.17306],[126.3032,37.17278],[126.30505,37.17091],[126.30644,37.17028],[126.30802,37.17062],[126.30866,37.17113],[126.31091,37.17187],[126.31232,37.17163],[126.31388,37.17026],[126.31383,37.16974],[126.3134,37.1697],[126.31396,37.1681],[126.3148,37.16739],[126.3148,37.16708],[126.31871,37.16561],[126.31862,37.16477],[126.31953,37.16356],[126.32198,37.1632],[126.32206,37.1628],[126.32476,37.16147],[126.32379,37.16107],[126.32081,37.15896],[126.31603,37.16119],[126.31481,37.16085],[126.31403,37.15964],[126.31332,37.15957],[126.31146,37.15852],[126.3101,37.15935],[126.30794,37.15933],[126.30741,37.15926],[126.30679,37.1584],[126.30688,37.1592],[126.30775,37.16026],[126.30942,37.16078],[126.30979,37.16124],[126.3088,37.16221],[126.30748,37.16258],[126.30494,37.16408],[126.30354,37.16443],[126.30317,37.16504],[126.30187,37.16561],[126.2992,37.1657],[126.29835,37.16485],[126.29565,37.16516],[126.29513,37.16481],[126.29481,37.1649],[126.29567,37.16564],[126.29606,37.16714],[126.29599,37.16785],[126.29541,37.16862],[126.29118,37.17025],[126.2904,37.16989],[126.29108,37.17034],[126.29097,37.17108],[126.2902,37.17054],[126.29098,37.17112],[126.29104,37.1715],[126.29062,37.17195],[126.29112,37.17217],[126.29116,37.17378],[126.292,37.17346],[126.29375,37.17397],[126.29403,37.17503],[126.2949,37.17468],[126.29515,37.17384]]],[[[126.23941,37.1783],[126.24089,37.17734],[126.24061,37.17683],[126.24012,37.17673],[126.2397,37.17707],[126.23965,37.17749],[126.23911,37.17786],[126.23905,37.17817],[126.23941,37.1783]]],[[[126.25673,37.18037],[126.25763,37.18026],[126.25905,37.18085],[126.25988,37.1808],[126.26037,37.18018],[126.26164,37.18077],[126.26204,37.17929],[126.2652,37.17806],[126.2657,37.17698],[126.26535,37.1755],[126.26592,37.17508],[126.26929,37.17488],[126.27108,37.17603],[126.2711,37.17557],[126.27021,37.17481],[126.27111,37.17308],[126.27089,37.17265],[126.27127,37.17108],[126.2711,37.17039],[126.27142,37.1697],[126.27098,37.16838],[126.27232,37.16819],[126.27253,37.16691],[126.27307,37.1662],[126.27302,37.16506],[126.27388,37.16449],[126.27639,37.16383],[126.2814,37.16344],[126.28291,37.16302],[126.28314,37.16283],[126.28297,37.16249],[126.282,37.16147],[126.28175,37.16104],[126.28193,37.16065],[126.28108,37.15945],[126.2815,37.15872],[126.28197,37.15918],[126.28202,37.15895],[126.28152,37.15869],[126.28151,37.15839],[126.28002,37.15772],[126.27916,37.15793],[126.2787,37.15874],[126.27655,37.16007],[126.27416,37.15959],[126.27316,37.16016],[126.27294,37.16101],[126.27403,37.16276],[126.27276,37.16429],[126.2698,37.16593],[126.26868,37.1674],[126.26692,37.16789],[126.26297,37.1697],[126.26186,37.16958],[126.2613,37.16851],[126.26078,37.16831],[126.25959,37.16854],[126.25909,37.17015],[126.2578,37.17163],[126.256,37.17159],[126.25548,37.17202],[126.25504,37.17166],[126.25327,37.1713],[126.25271,37.17034],[126.25175,37.17154],[126.25051,37.17142],[126.25074,37.17048],[126.24863,37.1706],[126.24729,37.17246],[126.24524,37.17328],[126.24476,37.1739],[126.24443,37.17368],[126.24379,37.17412],[126.24444,37.17581],[126.24636,37.1752],[126.24607,37.17539],[126.24656,37.17568],[126.24633,37.17667],[126.24688,37.1774],[126.24629,37.17799],[126.24767,37.1783],[126.2476,37.1787],[126.24874,37.17879],[126.24899,37.1784],[126.24976,37.17883],[126.24902,37.17837],[126.2496,37.1773],[126.25045,37.17682],[126.25285,37.17693],[126.25433,37.17731],[126.25468,37.17778],[126.25453,37.17832],[126.25355,37.178],[126.25444,37.17842],[126.25344,37.18038],[126.25286,37.18084],[126.25305,37.18106],[126.25545,37.18121],[126.25577,37.18151],[126.25673,37.18037]]],[[[126.22821,37.18678],[126.22837,37.18648],[126.23112,37.18681],[126.23167,37.18633],[126.23282,37.18622],[126.23291,37.18575],[126.23381,37.18509],[126.23442,37.18524],[126.23445,37.18577],[126.23567,37.18541],[126.23605,37.18589],[126.2373,37.18586],[126.23791,37.18636],[126.23873,37.18645],[126.2416,37.1857],[126.2423,37.18481],[126.24383,37.18456],[126.24487,37.18373],[126.24599,37.1841],[126.24701,37.184],[126.24909,37.18362],[126.24957,37.18309],[126.24818,37.18281],[126.24658,37.18318],[126.24465,37.18308],[126.2434,37.18256],[126.2428,37.18189],[126.24303,37.18119],[126.24277,37.1817],[126.24067,37.18165],[126.23968,37.18092],[126.24003,37.18066],[126.23964,37.18087],[126.23931,37.18052],[126.23877,37.17927],[126.23901,37.17917],[126.23819,37.17837],[126.23743,37.17837],[126.23603,37.17912],[126.23478,37.17905],[126.23409,37.17949],[126.23413,37.17999],[126.23386,37.18027],[126.23273,37.18029],[126.23113,37.17898],[126.22828,37.17808],[126.2275,37.17827],[126.22712,37.17913],[126.22585,37.17994],[126.22536,37.1802],[126.22464,37.18012],[126.22409,37.1807],[126.22325,37.1806],[126.22261,37.1798],[126.22145,37.17973],[126.22126,37.17901],[126.22044,37.17902],[126.22002,37.17959],[126.21963,37.17923],[126.21939,37.18016],[126.21977,37.18034],[126.21958,37.18089],[126.22024,37.18199],[126.22299,37.18141],[126.22497,37.1819],[126.2274,37.18425],[126.22718,37.18471],[126.22772,37.18559],[126.22724,37.18655],[126.22685,37.18671],[126.22695,37.1874],[126.22795,37.18725],[126.22821,37.18678]]],[[[126.21832,37.1835],[126.2187,37.18309],[126.21971,37.18293],[126.21974,37.18257],[126.21911,37.18234],[126.21862,37.1829],[126.21765,37.18282],[126.21724,37.18314],[126.21677,37.18268],[126.21571,37.18264],[126.2146,37.18435],[126.21476,37.18581],[126.21528,37.18651],[126.21499,37.18672],[126.21552,37.187],[126.21599,37.18818],[126.21657,37.18832],[126.21887,37.18782],[126.21889,37.18742],[126.21784,37.18588],[126.21785,37.18523],[126.21691,37.18446],[126.21832,37.1835]]],[[[126.21369,37.19093],[126.21359,37.19066],[126.21173,37.19107],[126.21201,37.19208],[126.21273,37.19216],[126.21369,37.19093]]],[[[126.20983,37.19706],[126.20948,37.19714],[126.20968,37.19775],[126.20983,37.19706]]],[[[126.33046,37.2552],[126.33297,37.25489],[126.33431,37.25523],[126.33533,37.25602],[126.3357,37.257],[126.33419,37.25826],[126.33495,37.25899],[126.33436,37.26076],[126.33437,37.26188],[126.33548,37.26269],[126.33986,37.26297],[126.34108,37.2625],[126.34143,37.2626],[126.343,37.26164],[126.34417,37.26034],[126.3446,37.26018],[126.34687,37.26086],[126.34823,37.26033],[126.34903,37.25921],[126.34673,37.25732],[126.34547,37.25433],[126.343,37.25242],[126.34257,37.25134],[126.34145,37.25094],[126.34125,37.25034],[126.34076,37.25022],[126.34032,37.24961],[126.33989,37.24977],[126.33826,37.24933],[126.33569,37.24923],[126.33426,37.24838],[126.33291,37.24712],[126.33039,37.24608],[126.33013,37.24608],[126.32977,37.24669],[126.32853,37.2471],[126.32717,37.24695],[126.32649,37.24618],[126.32604,37.24615],[126.32577,37.24636],[126.32588,37.24663],[126.32679,37.2476],[126.32551,37.24843],[126.32502,37.24835],[126.32413,37.24761],[126.32361,37.24801],[126.3224,37.24793],[126.32191,37.24759],[126.32211,37.24667],[126.31999,37.2465],[126.31987,37.24563],[126.31903,37.24469],[126.31844,37.24452],[126.31843,37.24407],[126.31831,37.24455],[126.31674,37.24485],[126.31714,37.24632],[126.31656,37.24723],[126.31679,37.24832],[126.31613,37.24913],[126.31464,37.2499],[126.31064,37.24964],[126.31023,37.25012],[126.30849,37.24983],[126.30781,37.25037],[126.30769,37.25155],[126.30704,37.25254],[126.30679,37.25246],[126.30513,37.2535],[126.3012,37.25346],[126.30076,37.25316],[126.30182,37.25242],[126.30066,37.25317],[126.29904,37.25197],[126.29672,37.25274],[126.29631,37.25503],[126.29467,37.25574],[126.29424,37.25655],[126.29221,37.25669],[126.29111,37.25637],[126.29023,37.25564],[126.28972,37.25594],[126.28998,37.25657],[126.28922,37.25842],[126.28755,37.26018],[126.28684,37.26055],[126.28605,37.26047],[126.28437,37.26013],[126.28387,37.25955],[126.28146,37.25943],[126.28092,37.2597],[126.2808,37.26074],[126.28035,37.26147],[126.27939,37.26193],[126.27898,37.26255],[126.28,37.26416],[126.28202,37.26363],[126.28266,37.26373],[126.28416,37.26552],[126.28483,37.26836],[126.28423,37.2703],[126.28437,37.2711],[126.28509,37.27148],[126.28608,37.27139],[126.2868,37.27182],[126.28764,37.27175],[126.28763,37.26945],[126.28917,37.26696],[126.29123,37.26688],[126.29289,37.26729],[126.29647,37.26664],[126.29778,37.26614],[126.29866,37.26621],[126.29909,37.26566],[126.30247,37.26573],[126.30243,37.2655],[126.30335,37.26513],[126.30449,37.2638],[126.30391,37.26327],[126.30489,37.26313],[126.3064,37.26236],[126.30851,37.26291],[126.30923,37.26467],[126.3102,37.26442],[126.31035,37.26247],[126.31086,37.26208],[126.31234,37.26192],[126.31371,37.26231],[126.3143,37.26189],[126.3161,37.26193],[126.31688,37.26263],[126.3173,37.26249],[126.31741,37.26069],[126.31891,37.26023],[126.31924,37.25957],[126.32144,37.25875],[126.32296,37.25773],[126.32632,37.25648],[126.32852,37.25726],[126.32841,37.25843],[126.32899,37.25984],[126.32941,37.25896],[126.3302,37.25876],[126.32942,37.25666],[126.33062,37.25576],[126.33046,37.2552]]],[[[126.27736,37.27419],[126.27702,37.27407],[126.27673,37.27464],[126.27691,37.27502],[126.27736,37.27419]]],[[[126.2743,37.31553],[126.27362,37.31542],[126.27174,37.31609],[126.27098,37.31648],[126.27075,37.31725],[126.27159,37.31736],[126.27235,37.31708],[126.27409,37.31604],[126.2743,37.31553]]],[[[126.26304,37.32258],[126.26287,37.32219],[126.2618,37.32225],[126.26146,37.32309],[126.26206,37.32382],[126.26293,37.32363],[126.26304,37.32258]]],[[[126.26754,37.32724],[126.26686,37.32654],[126.26502,37.32672],[126.26478,37.32822],[126.26592,37.3296],[126.26786,37.3297],[126.26878,37.32874],[126.26754,37.32724]]],[[[126.30927,37.24851],[126.30957,37.24737],[126.31023,37.24685],[126.30986,37.24669],[126.30861,37.24744],[126.30855,37.2481],[126.30927,37.24851]]]]}},{"type":"Feature","properties":{"EMD_CD":"28720380","EMD_KOR_NM":"연평면","sgg":"옹진군","adm_nm":"인천광역시 옹진군 연평면","sido":"인천"},"geometry":{"type":"MultiPolygon","coordinates":[[[[125.7063,37.60542],[125.70582,37.60418],[125.70588,37.60507],[125.70542,37.60619],[125.70643,37.60601],[125.70657,37.60579],[125.7063,37.60542]]],[[[125.71452,37.61529],[125.71709,37.61522],[125.7183,37.61497],[125.71857,37.61433],[125.71984,37.61449],[125.72118,37.61398],[125.72112,37.61365],[125.72065,37.61373],[125.72051,37.61339],[125.72074,37.61335],[125.72048,37.61331],[125.72017,37.61232],[125.71973,37.61228],[125.72056,37.61073],[125.71979,37.60886],[125.719,37.60778],[125.7192,37.60617],[125.71893,37.604],[125.71837,37.60364],[125.71686,37.60408],[125.71348,37.6067],[125.71275,37.60766],[125.71034,37.60719],[125.70985,37.60564],[125.70876,37.60648],[125.70815,37.60625],[125.70832,37.6067],[125.70773,37.60724],[125.70872,37.60743],[125.70899,37.60804],[125.70894,37.60871],[125.70779,37.6098],[125.70732,37.60972],[125.70794,37.61061],[125.70769,37.61104],[125.70713,37.61121],[125.70791,37.61322],[125.70766,37.61189],[125.70767,37.61142],[125.70794,37.61127],[125.70834,37.61143],[125.70846,37.61206],[125.70916,37.61284],[125.70878,37.61386],[125.70901,37.61304],[125.70965,37.61288],[125.71245,37.615],[125.71452,37.61529]]],[[[125.68007,37.63244],[125.6801,37.63214],[125.67967,37.63234],[125.67932,37.63214],[125.67872,37.63298],[125.67898,37.63339],[125.67938,37.6333],[125.67997,37.63286],[125.68007,37.63244]]],[[[125.67991,37.63478],[125.67933,37.63499],[125.67975,37.63599],[125.67957,37.6356],[125.68008,37.63486],[125.67991,37.63478]]],[[[125.68137,37.63912],[125.68303,37.63912],[125.68287,37.6379],[125.68216,37.63717],[125.68182,37.63734],[125.68181,37.63711],[125.68139,37.63793],[125.68085,37.63793],[125.68021,37.63892],[125.68033,37.63936],[125.68137,37.63912]]],[[[125.71756,37.64556],[125.71868,37.64508],[125.71898,37.64511],[125.71895,37.64549],[125.71942,37.64543],[125.71942,37.6452],[125.71866,37.64492],[125.7189,37.6448],[125.71882,37.64452],[125.71839,37.64438],[125.71793,37.64473],[125.71654,37.64484],[125.71589,37.64524],[125.71609,37.64563],[125.71756,37.64556]]],[[[125.71372,37.6494],[125.7128,37.65021],[125.7138,37.64995],[125.71398,37.6497],[125.71372,37.6494]]],[[[125.71211,37.65134],[125.7118,37.65129],[125.71187,37.65162],[125.71213,37.65166],[125.71211,37.65134]]],[[[125.71288,37.65497],[125.71253,37.65445],[125.71296,37.65405],[125.71283,37.65319],[125.71214,37.65262],[125.7115,37.65356],[125.70946,37.6549],[125.71015,37.65476],[125.71009,37.65527],[125.71254,37.65544],[125.71279,37.65583],[125.7133,37.6556],[125.71288,37.65497]]],[[[125.7174,37.66812],[125.71682,37.6682],[125.71636,37.66867],[125.7179,37.66884],[125.7174,37.66812]]],[[[125.68344,37.68078],[125.68344,37.67952],[125.6867,37.6776],[125.6925,37.67654],[125.69355,37.67676],[125.69427,37.6773],[125.6952,37.67722],[125.69573,37.67866],[125.69849,37.67782],[125.69946,37.67792],[125.70046,37.67929],[125.70376,37.67985],[125.70432,37.68069],[125.70565,37.68063],[125.70692,37.68102],[125.70845,37.67896],[125.71023,37.67865],[125.71267,37.67979],[125.71284,37.68033],[125.71442,37.68096],[125.71548,37.6797],[125.71477,37.67907],[125.71531,37.67609],[125.71638,37.67511],[125.71627,37.67465],[125.71659,37.67437],[125.7161,37.67343],[125.71465,37.67234],[125.71288,37.67207],[125.71073,37.67009],[125.70927,37.66744],[125.70946,37.66639],[125.70978,37.66615],[125.70933,37.66605],[125.70927,37.66561],[125.70792,37.66521],[125.70618,37.66421],[125.70594,37.66376],[125.7068,37.66325],[125.7026,37.65982],[125.70112,37.65986],[125.70069,37.65884],[125.69768,37.65729],[125.69777,37.65744],[125.69684,37.65664],[125.69649,37.65678],[125.69543,37.65476],[125.69301,37.65433],[125.69317,37.65415],[125.69189,37.65318],[125.69255,37.65216],[125.68673,37.65238],[125.68395,37.65313],[125.68357,37.65361],[125.68366,37.65409],[125.68488,37.65488],[125.68399,37.65733],[125.68321,37.65812],[125.68358,37.65857],[125.68274,37.66091],[125.68153,37.66231],[125.68155,37.66281],[125.68466,37.66382],[125.68549,37.66382],[125.6854,37.66414],[125.68581,37.6645],[125.68578,37.66683],[125.68468,37.67104],[125.6826,37.67171],[125.68048,37.67471],[125.67908,37.67524],[125.67798,37.67427],[125.67781,37.67547],[125.67779,37.67636],[125.67918,37.67707],[125.67936,37.67768],[125.67821,37.67949],[125.67834,37.67989],[125.68107,37.68066],[125.68344,37.68078]]]]}}]}